
Reading coord from system/h2o.xyz file.
Number of atomic orbitals (M must be smaller)		12 MOs 24
Running Hartree-Fock to get density:
converged SCF energy = -76.0267720533916
Number of electrons (should be 10) = 10.000000
Starting reduction with target 7 and 0 constraint ...
Results written in out/test_3/cc-pvdz-7_g0_hf.bas.
Number of adapted atomic orbitals			5 MOs 7
converged SCF energy = -75.8924159373297

Reading coord from system/h2o.xyz file.
Number of atomic orbitals (M must be smaller)		12 MOs 24
Running Hartree-Fock+CISD to get density:
converged SCF energy = -76.0267720533916
E(RCISD) = -76.23198211160268  E_corr = -0.2052100582110921
Number of electrons (should be 10) = 9.987709
Starting reduction with target 7 and 0 constraint ...
Results written in out/test_3/cc-pvdz-7_g0_cisd.bas.
Number of adapted atomic orbitals			8 MOs 20
converged SCF energy = -75.74032315137

Reading coord from system/h2o.xyz file.
Number of atomic orbitals (M must be smaller)		12 MOs 24
Running Hartree-Fock to get density:
converged SCF energy = -76.0267720533916
Number of electrons (should be 10) = 10.000000
Starting reduction with target 7 and 0 constraint ...
Results written in out/test_3/cc-pvdz-7_g1_hf.bas.
Number of adapted atomic orbitals			8 MOs 10
converged SCF energy = -75.9662333768486

Reading coord from system/h2o.xyz file.
Number of atomic orbitals (M must be smaller)		12 MOs 24
Running Hartree-Fock+CISD to get density:
converged SCF energy = -76.0267720533916
E(RCISD) = -76.23198211160269  E_corr = -0.2052100582110903
Number of electrons (should be 10) = 9.987604
Starting reduction with target 7 and 0 constraint ...
Results written in out/test_3/cc-pvdz-7_g1_cisd.bas.
Number of adapted atomic orbitals			8 MOs 20
converged SCF energy = -75.74032315137

Reading coord from system/h2o.xyz file.
Number of atomic orbitals (M must be smaller)		12 MOs 24
Running Hartree-Fock to get density:
converged SCF energy = -76.0267720533916
Number of electrons (should be 10) = 10.000000
Starting reduction with target 8 and 0 constraint ...
Results written in out/test_3/cc-pvdz-8_g0_hf.bas.
Number of adapted atomic orbitals			7 MOs 9
converged SCF energy = -75.9610156838404

Reading coord from system/h2o.xyz file.
Number of atomic orbitals (M must be smaller)		12 MOs 24
Running Hartree-Fock+CISD to get density:
converged SCF energy = -76.0267720533916
E(RCISD) = -76.23198211160269  E_corr = -0.2052100582110929
Number of electrons (should be 10) = 9.987397
Starting reduction with target 8 and 0 constraint ...
Results written in out/test_3/cc-pvdz-8_g0_cisd.bas.
Number of adapted atomic orbitals			8 MOs 20
converged SCF energy = -75.7403231513701

Reading coord from system/h2o.xyz file.
Number of atomic orbitals (M must be smaller)		12 MOs 24
Running Hartree-Fock to get density:
converged SCF energy = -76.0267720533918
Number of electrons (should be 10) = 10.000000
Starting reduction with target 8 and 0 constraint ...
Results written in out/test_3/cc-pvdz-8_g1_hf.bas.
Number of adapted atomic orbitals			8 MOs 10
converged SCF energy = -75.9662333768486

Reading coord from system/h2o.xyz file.
Number of atomic orbitals (M must be smaller)		12 MOs 24
Running Hartree-Fock+CISD to get density:
converged SCF energy = -76.0267720533916
E(RCISD) = -76.23198211160272  E_corr = -0.2052100582110921
Number of electrons (should be 10) = 9.987604
Starting reduction with target 8 and 0 constraint ...
Results written in out/test_3/cc-pvdz-8_g1_cisd.bas.
Number of adapted atomic orbitals			8 MOs 20
converged SCF energy = -75.74032315137

Reading coord from system/h2o.xyz file.
Number of atomic orbitals (M must be smaller)		12 MOs 24
Running Hartree-Fock to get density:
converged SCF energy = -76.0267720533916
Number of electrons (should be 10) = 10.000000
Starting reduction with target 9 and 0 constraint ...
Results written in out/test_3/cc-pvdz-9_g0_hf.bas.
Number of adapted atomic orbitals			7 MOs 9
converged SCF energy = -75.9610156838404

Reading coord from system/h2o.xyz file.
Number of atomic orbitals (M must be smaller)		12 MOs 24
Running Hartree-Fock+CISD to get density:
converged SCF energy = -76.0267720533916
E(RCISD) = -76.23198211160272  E_corr = -0.2052100582110929
Number of electrons (should be 10) = 9.988636
Starting reduction with target 9 and 0 constraint ...
Results written in out/test_3/cc-pvdz-9_g0_cisd.bas.
Number of adapted atomic orbitals			8 MOs 20
converged SCF energy = -75.7403231513701

Reading coord from system/h2o.xyz file.
Number of atomic orbitals (M must be smaller)		12 MOs 24
Running Hartree-Fock to get density:
converged SCF energy = -76.0267720533916
Number of electrons (should be 10) = 10.000000
Starting reduction with target 9 and 0 constraint ...
Results written in out/test_3/cc-pvdz-9_g1_hf.bas.
Number of adapted atomic orbitals			9 MOs 13
converged SCF energy = -75.9804433688251

Reading coord from system/h2o.xyz file.
Number of atomic orbitals (M must be smaller)		12 MOs 24
Running Hartree-Fock+CISD to get density:
converged SCF energy = -76.0267720533916
E(RCISD) = -76.23198211160273  E_corr = -0.2052100582110929
Number of electrons (should be 10) = 9.988636
Starting reduction with target 9 and 0 constraint ...
Results written in out/test_3/cc-pvdz-9_g1_cisd.bas.
Number of adapted atomic orbitals			8 MOs 20
converged SCF energy = -75.74032315137

Reading coord from system/h2o.xyz file.
Number of atomic orbitals (M must be smaller)		12 MOs 24
Running Hartree-Fock to get density:
converged SCF energy = -76.0267720533916
Number of electrons (should be 10) = 10.000000
Starting reduction with target 10 and 0 constraint ...
Results written in out/test_3/cc-pvdz-10_g0_hf.bas.
Number of adapted atomic orbitals			8 MOs 10
converged SCF energy = -75.9662333768485

Reading coord from system/h2o.xyz file.
Number of atomic orbitals (M must be smaller)		12 MOs 24
Running Hartree-Fock+CISD to get density:
converged SCF energy = -76.0267720533916
E(RCISD) = -76.23198211160272  E_corr = -0.2052100582110912
Number of electrons (should be 10) = 9.987604
Starting reduction with target 10 and 0 constraint ...
Results written in out/test_3/cc-pvdz-10_g0_cisd.bas.
Number of adapted atomic orbitals			8 MOs 20
converged SCF energy = -75.74032315137

Reading coord from system/h2o.xyz file.
Number of atomic orbitals (M must be smaller)		12 MOs 24
Running Hartree-Fock to get density:
converged SCF energy = -76.0267720533917
Number of electrons (should be 10) = 10.000000
Starting reduction with target 10 and 0 constraint ...
Results written in out/test_3/cc-pvdz-10_g1_hf.bas.
Number of adapted atomic orbitals			9 MOs 13
converged SCF energy = -75.9804433688252

Reading coord from system/h2o.xyz file.
Number of atomic orbitals (M must be smaller)		12 MOs 24
Running Hartree-Fock+CISD to get density:
converged SCF energy = -76.0267720533915
E(RCISD) = -76.2319821116026  E_corr = -0.2052100582110912
Number of electrons (should be 10) = 9.987709
Starting reduction with target 10 and 0 constraint ...
Results written in out/test_3/cc-pvdz-10_g1_cisd.bas.
Number of adapted atomic orbitals			8 MOs 20
converged SCF energy = -75.7403231513701

Reading coord from system/h2o.xyz file.
Number of atomic orbitals (M must be smaller)		12 MOs 24
Running Hartree-Fock to get density:
converged SCF energy = -76.0267720533917
Number of electrons (should be 10) = 10.000000
Starting reduction with target 11 and 0 constraint ...
Results written in out/test_3/cc-pvdz-11_g0_hf.bas.
Number of adapted atomic orbitals			9 MOs 13
converged SCF energy = -75.9804433688251

Reading coord from system/h2o.xyz file.
Number of atomic orbitals (M must be smaller)		12 MOs 24
Running Hartree-Fock+CISD to get density:
converged SCF energy = -76.0267720533916
E(RCISD) = -76.23198211160266  E_corr = -0.2052100582110929
Number of electrons (should be 10) = 9.987604
Starting reduction with target 11 and 0 constraint ...
Results written in out/test_3/cc-pvdz-11_g0_cisd.bas.
Number of adapted atomic orbitals			8 MOs 20
converged SCF energy = -75.74032315137

Reading coord from system/h2o.xyz file.
Number of atomic orbitals (M must be smaller)		12 MOs 24
Running Hartree-Fock to get density:
converged SCF energy = -76.0267720533916
Number of electrons (should be 10) = 10.000000
Starting reduction with target 11 and 0 constraint ...
Results written in out/test_3/cc-pvdz-11_g1_hf.bas.
Number of adapted atomic orbitals			11 MOs 19
converged SCF energy = -76.0185825268138

Reading coord from system/h2o.xyz file.
Number of atomic orbitals (M must be smaller)		12 MOs 24
Running Hartree-Fock+CISD to get density:
converged SCF energy = -76.0267720533916
E(RCISD) = -76.23198211160273  E_corr = -0.2052100582110921
Number of electrons (should be 10) = 9.987854
Starting reduction with target 11 and 0 constraint ...
Results written in out/test_3/cc-pvdz-11_g1_cisd.bas.
Number of adapted atomic orbitals			8 MOs 20
converged SCF energy = -75.74032315137

Reading coord from system/h2o.xyz file.
Number of atomic orbitals (M must be smaller)		12 MOs 24
Running Hartree-Fock to get density:
converged SCF energy = -76.0267720533916
Number of electrons (should be 10) = 10.000000
Starting reduction with target 12 and 0 constraint ...
Results written in out/test_3/cc-pvdz-12_g0_hf.bas.
Number of adapted atomic orbitals			9 MOs 13
converged SCF energy = -75.9804433688251

Reading coord from system/h2o.xyz file.
Number of atomic orbitals (M must be smaller)		12 MOs 24
Running Hartree-Fock+CISD to get density:
converged SCF energy = -76.0267720533915
E(RCISD) = -76.23198211160263  E_corr = -0.2052100582110912
Number of electrons (should be 10) = 9.987750
Starting reduction with target 12 and 0 constraint ...
Results written in out/test_3/cc-pvdz-12_g0_cisd.bas.
Number of adapted atomic orbitals			8 MOs 20
converged SCF energy = -75.74032315137

Reading coord from system/h2o.xyz file.
Number of atomic orbitals (M must be smaller)		12 MOs 24
Running Hartree-Fock to get density:
converged SCF energy = -76.0267720533917
Number of electrons (should be 10) = 10.000000
Starting reduction with target 12 and 0 constraint ...
Results written in out/test_3/cc-pvdz-12_g1_hf.bas.
Number of adapted atomic orbitals			11 MOs 19
converged SCF energy = -76.0185825268139

Reading coord from system/h2o.xyz file.
Number of atomic orbitals (M must be smaller)		12 MOs 24
Running Hartree-Fock+CISD to get density:
converged SCF energy = -76.0267720533916
E(RCISD) = -76.23198211160272  E_corr = -0.2052100582110929
Number of electrons (should be 10) = 9.985854
Starting reduction with target 12 and 0 constraint ...
Results written in out/test_3/cc-pvdz-12_g1_cisd.bas.
Number of adapted atomic orbitals			8 MOs 20
converged SCF energy = -75.74032315137

Reading coord from system/h2o.xyz file.
Number of atomic orbitals (M must be smaller)		12 MOs 24
Traceback (most recent call last):
  File "/users/home/lygatsika/code/env/adapt/main.py", line 109, in <module>
    raise ValueError("target size is too large")
ValueError: target size is too large

Reading coord from system/h2o.xyz file.
Number of atomic orbitals (M must be smaller)		12 MOs 24
Traceback (most recent call last):
  File "/users/home/lygatsika/code/env/adapt/main.py", line 109, in <module>
    raise ValueError("target size is too large")
ValueError: target size is too large

Reading coord from system/h2o.xyz file.
Number of atomic orbitals (M must be smaller)		12 MOs 24
Traceback (most recent call last):
  File "/users/home/lygatsika/code/env/adapt/main.py", line 109, in <module>
    raise ValueError("target size is too large")
ValueError: target size is too large

Reading coord from system/h2o.xyz file.
Number of atomic orbitals (M must be smaller)		12 MOs 24
Traceback (most recent call last):
  File "/users/home/lygatsika/code/env/adapt/main.py", line 109, in <module>
    raise ValueError("target size is too large")
ValueError: target size is too large

Reading coord from system/h2o.xyz file.
Number of atomic orbitals (M must be smaller)		22 MOs 58
Running Hartree-Fock to get density:
converged SCF energy = -76.0571274202736
Number of electrons (should be 10) = 10.000000
Starting reduction with target 7 and 0 constraint ...
Results written in out/test_3/cc-pvtz-7_g0_hf.bas.
Number of adapted atomic orbitals			5 MOs 7
converged SCF energy = -75.9085787722687

Reading coord from system/h2o.xyz file.
Number of atomic orbitals (M must be smaller)		22 MOs 58
Running Hartree-Fock+CISD to get density:
converged SCF energy = -76.0571274202735
E(RCISD) = -76.32661305605689  E_corr = -0.2694856357833545
Number of electrons (should be 10) = 10.011304
Starting reduction with target 7 and 0 constraint ...
Results written in out/test_3/cc-pvtz-7_g0_cisd.bas.
Traceback (most recent call last):
  File "/users/home/lygatsika/code/env/lib/python3.11/site-packages/pyscf/gto/basis/__init__.py", line 503, in load
    b = parse_nwchem.load(filename_or_basisname, symb, optimize)
        ^^^^^^^^^^^^^^^^^^^^^^^^^^^^^^^^^^^^^^^^^^^^^^^^^^^^^^^^
  File "/users/home/lygatsika/code/env/lib/python3.11/site-packages/pyscf/gto/basis/parse_nwchem.py", line 101, in load
    return _parse(raw_basis, optimize)
           ^^^^^^^^^^^^^^^^^^^^^^^^^^^
  File "/users/home/lygatsika/code/env/lib/python3.11/site-packages/pyscf/gto/basis/parse_nwchem.py", line 140, in _parse
    raise BasisNotFoundError(f'Basis data not found in "{raw_basis}"')
pyscf.lib.exceptions.BasisNotFoundError: Basis data not found in "[]"

During handling of the above exception, another exception occurred:

Traceback (most recent call last):
  File "/users/home/lygatsika/code/env/adapt/main.py", line 182, in <module>
    input_basis = utils.create_nw_basis(coord, out_file_nw)
                  ^^^^^^^^^^^^^^^^^^^^^^^^^^^^^^^^^^^^^^^^^
  File "/users/home/lygatsika/code/env/adapt/src/utils.py", line 70, in create_nw_basis
    ao_basis[elem] = gto.basis.load(file_nw, elem)
                     ^^^^^^^^^^^^^^^^^^^^^^^^^^^^^
  File "/users/home/lygatsika/code/env/lib/python3.11/site-packages/pyscf/gto/basis/__init__.py", line 506, in load
    b =  parse_nwchem.parse(fin.read(), symb)
         ^^^^^^^^^^^^^^^^^^^^^^^^^^^^^^^^^^^^
  File "/users/home/lygatsika/code/env/lib/python3.11/site-packages/pyscf/gto/basis/parse_nwchem.py", line 89, in parse
    raise BasisNotFoundError('Basis not found for %s' % symb)
pyscf.lib.exceptions.BasisNotFoundError: Basis not found for H

Reading coord from system/h2o.xyz file.
Number of atomic orbitals (M must be smaller)		22 MOs 58
Running Hartree-Fock to get density:
converged SCF energy = -76.0571274202735
Number of electrons (should be 10) = 10.000000
Starting reduction with target 7 and 0 constraint ...
Results written in out/test_3/cc-pvtz-7_g1_hf.bas.
Number of adapted atomic orbitals			7 MOs 9
converged SCF energy = -75.9763573297903

Reading coord from system/h2o.xyz file.
Number of atomic orbitals (M must be smaller)		22 MOs 58
Running Hartree-Fock+CISD to get density:
converged SCF energy = -76.0571274202735
E(RCISD) = -76.32661305605691  E_corr = -0.2694856357833558
Number of electrons (should be 10) = 10.010476
Starting reduction with target 7 and 0 constraint ...
Results written in out/test_3/cc-pvtz-7_g1_cisd.bas.
Traceback (most recent call last):
  File "/users/home/lygatsika/code/env/lib/python3.11/site-packages/pyscf/gto/basis/__init__.py", line 503, in load
    b = parse_nwchem.load(filename_or_basisname, symb, optimize)
        ^^^^^^^^^^^^^^^^^^^^^^^^^^^^^^^^^^^^^^^^^^^^^^^^^^^^^^^^
  File "/users/home/lygatsika/code/env/lib/python3.11/site-packages/pyscf/gto/basis/parse_nwchem.py", line 101, in load
    return _parse(raw_basis, optimize)
           ^^^^^^^^^^^^^^^^^^^^^^^^^^^
  File "/users/home/lygatsika/code/env/lib/python3.11/site-packages/pyscf/gto/basis/parse_nwchem.py", line 140, in _parse
    raise BasisNotFoundError(f'Basis data not found in "{raw_basis}"')
pyscf.lib.exceptions.BasisNotFoundError: Basis data not found in "[]"

During handling of the above exception, another exception occurred:

Traceback (most recent call last):
  File "/users/home/lygatsika/code/env/adapt/main.py", line 182, in <module>
    input_basis = utils.create_nw_basis(coord, out_file_nw)
                  ^^^^^^^^^^^^^^^^^^^^^^^^^^^^^^^^^^^^^^^^^
  File "/users/home/lygatsika/code/env/adapt/src/utils.py", line 70, in create_nw_basis
    ao_basis[elem] = gto.basis.load(file_nw, elem)
                     ^^^^^^^^^^^^^^^^^^^^^^^^^^^^^
  File "/users/home/lygatsika/code/env/lib/python3.11/site-packages/pyscf/gto/basis/__init__.py", line 506, in load
    b =  parse_nwchem.parse(fin.read(), symb)
         ^^^^^^^^^^^^^^^^^^^^^^^^^^^^^^^^^^^^
  File "/users/home/lygatsika/code/env/lib/python3.11/site-packages/pyscf/gto/basis/parse_nwchem.py", line 89, in parse
    raise BasisNotFoundError('Basis not found for %s' % symb)
pyscf.lib.exceptions.BasisNotFoundError: Basis not found for H

Reading coord from system/h2o.xyz file.
Number of atomic orbitals (M must be smaller)		22 MOs 58
Running Hartree-Fock to get density:
converged SCF energy = -76.0571274202736
Number of electrons (should be 10) = 10.000000
Starting reduction with target 8 and 0 constraint ...
Results written in out/test_3/cc-pvtz-8_g0_hf.bas.
Number of adapted atomic orbitals			5 MOs 7
converged SCF energy = -75.9085787722687

Reading coord from system/h2o.xyz file.
Number of atomic orbitals (M must be smaller)		22 MOs 58
Running Hartree-Fock+CISD to get density:
converged SCF energy = -76.0571274202735
E(RCISD) = -76.3266130560569  E_corr = -0.2694856357833564
Number of electrons (should be 10) = 9.995540
Starting reduction with target 8 and 0 constraint ...
Results written in out/test_3/cc-pvtz-8_g0_cisd.bas.
Traceback (most recent call last):
  File "/users/home/lygatsika/code/env/lib/python3.11/site-packages/pyscf/gto/basis/__init__.py", line 503, in load
    b = parse_nwchem.load(filename_or_basisname, symb, optimize)
        ^^^^^^^^^^^^^^^^^^^^^^^^^^^^^^^^^^^^^^^^^^^^^^^^^^^^^^^^
  File "/users/home/lygatsika/code/env/lib/python3.11/site-packages/pyscf/gto/basis/parse_nwchem.py", line 101, in load
    return _parse(raw_basis, optimize)
           ^^^^^^^^^^^^^^^^^^^^^^^^^^^
  File "/users/home/lygatsika/code/env/lib/python3.11/site-packages/pyscf/gto/basis/parse_nwchem.py", line 140, in _parse
    raise BasisNotFoundError(f'Basis data not found in "{raw_basis}"')
pyscf.lib.exceptions.BasisNotFoundError: Basis data not found in "[]"

During handling of the above exception, another exception occurred:

Traceback (most recent call last):
  File "/users/home/lygatsika/code/env/adapt/main.py", line 182, in <module>
    input_basis = utils.create_nw_basis(coord, out_file_nw)
                  ^^^^^^^^^^^^^^^^^^^^^^^^^^^^^^^^^^^^^^^^^
  File "/users/home/lygatsika/code/env/adapt/src/utils.py", line 70, in create_nw_basis
    ao_basis[elem] = gto.basis.load(file_nw, elem)
                     ^^^^^^^^^^^^^^^^^^^^^^^^^^^^^
  File "/users/home/lygatsika/code/env/lib/python3.11/site-packages/pyscf/gto/basis/__init__.py", line 506, in load
    b =  parse_nwchem.parse(fin.read(), symb)
         ^^^^^^^^^^^^^^^^^^^^^^^^^^^^^^^^^^^^
  File "/users/home/lygatsika/code/env/lib/python3.11/site-packages/pyscf/gto/basis/parse_nwchem.py", line 89, in parse
    raise BasisNotFoundError('Basis not found for %s' % symb)
pyscf.lib.exceptions.BasisNotFoundError: Basis not found for H

Reading coord from system/h2o.xyz file.
Number of atomic orbitals (M must be smaller)		22 MOs 58
Running Hartree-Fock to get density:
converged SCF energy = -76.0571274202735
Number of electrons (should be 10) = 10.000000
Starting reduction with target 8 and 0 constraint ...
Results written in out/test_3/cc-pvtz-8_g1_hf.bas.
Number of adapted atomic orbitals			7 MOs 9
converged SCF energy = -75.9763573297902

Reading coord from system/h2o.xyz file.
Number of atomic orbitals (M must be smaller)		22 MOs 58
Running Hartree-Fock+CISD to get density:
converged SCF energy = -76.0571274202736
E(RCISD) = -76.32661305605698  E_corr = -0.269485635783357
Number of electrons (should be 10) = 10.011548
Starting reduction with target 8 and 0 constraint ...
Results written in out/test_3/cc-pvtz-8_g1_cisd.bas.
Traceback (most recent call last):
  File "/users/home/lygatsika/code/env/lib/python3.11/site-packages/pyscf/gto/basis/__init__.py", line 503, in load
    b = parse_nwchem.load(filename_or_basisname, symb, optimize)
        ^^^^^^^^^^^^^^^^^^^^^^^^^^^^^^^^^^^^^^^^^^^^^^^^^^^^^^^^
  File "/users/home/lygatsika/code/env/lib/python3.11/site-packages/pyscf/gto/basis/parse_nwchem.py", line 101, in load
    return _parse(raw_basis, optimize)
           ^^^^^^^^^^^^^^^^^^^^^^^^^^^
  File "/users/home/lygatsika/code/env/lib/python3.11/site-packages/pyscf/gto/basis/parse_nwchem.py", line 140, in _parse
    raise BasisNotFoundError(f'Basis data not found in "{raw_basis}"')
pyscf.lib.exceptions.BasisNotFoundError: Basis data not found in "[]"

During handling of the above exception, another exception occurred:

Traceback (most recent call last):
  File "/users/home/lygatsika/code/env/adapt/main.py", line 182, in <module>
    input_basis = utils.create_nw_basis(coord, out_file_nw)
                  ^^^^^^^^^^^^^^^^^^^^^^^^^^^^^^^^^^^^^^^^^
  File "/users/home/lygatsika/code/env/adapt/src/utils.py", line 70, in create_nw_basis
    ao_basis[elem] = gto.basis.load(file_nw, elem)
                     ^^^^^^^^^^^^^^^^^^^^^^^^^^^^^
  File "/users/home/lygatsika/code/env/lib/python3.11/site-packages/pyscf/gto/basis/__init__.py", line 506, in load
    b =  parse_nwchem.parse(fin.read(), symb)
         ^^^^^^^^^^^^^^^^^^^^^^^^^^^^^^^^^^^^
  File "/users/home/lygatsika/code/env/lib/python3.11/site-packages/pyscf/gto/basis/parse_nwchem.py", line 89, in parse
    raise BasisNotFoundError('Basis not found for %s' % symb)
pyscf.lib.exceptions.BasisNotFoundError: Basis not found for H

Reading coord from system/h2o.xyz file.
Number of atomic orbitals (M must be smaller)		22 MOs 58
Running Hartree-Fock to get density:
converged SCF energy = -76.0571274202736
Number of electrons (should be 10) = 10.000000
Starting reduction with target 9 and 0 constraint ...
Results written in out/test_3/cc-pvtz-9_g0_hf.bas.
Number of adapted atomic orbitals			7 MOs 9
converged SCF energy = -75.9763573297903

Reading coord from system/h2o.xyz file.
Number of atomic orbitals (M must be smaller)		22 MOs 58
Running Hartree-Fock+CISD to get density:
converged SCF energy = -76.0571274202735
E(RCISD) = -76.32661305605681  E_corr = -0.2694856357833547
Number of electrons (should be 10) = 10.011188
Starting reduction with target 9 and 0 constraint ...
Results written in out/test_3/cc-pvtz-9_g0_cisd.bas.
Traceback (most recent call last):
  File "/users/home/lygatsika/code/env/lib/python3.11/site-packages/pyscf/gto/basis/__init__.py", line 503, in load
    b = parse_nwchem.load(filename_or_basisname, symb, optimize)
        ^^^^^^^^^^^^^^^^^^^^^^^^^^^^^^^^^^^^^^^^^^^^^^^^^^^^^^^^
  File "/users/home/lygatsika/code/env/lib/python3.11/site-packages/pyscf/gto/basis/parse_nwchem.py", line 101, in load
    return _parse(raw_basis, optimize)
           ^^^^^^^^^^^^^^^^^^^^^^^^^^^
  File "/users/home/lygatsika/code/env/lib/python3.11/site-packages/pyscf/gto/basis/parse_nwchem.py", line 140, in _parse
    raise BasisNotFoundError(f'Basis data not found in "{raw_basis}"')
pyscf.lib.exceptions.BasisNotFoundError: Basis data not found in "[]"

During handling of the above exception, another exception occurred:

Traceback (most recent call last):
  File "/users/home/lygatsika/code/env/adapt/main.py", line 182, in <module>
    input_basis = utils.create_nw_basis(coord, out_file_nw)
                  ^^^^^^^^^^^^^^^^^^^^^^^^^^^^^^^^^^^^^^^^^
  File "/users/home/lygatsika/code/env/adapt/src/utils.py", line 70, in create_nw_basis
    ao_basis[elem] = gto.basis.load(file_nw, elem)
                     ^^^^^^^^^^^^^^^^^^^^^^^^^^^^^
  File "/users/home/lygatsika/code/env/lib/python3.11/site-packages/pyscf/gto/basis/__init__.py", line 506, in load
    b =  parse_nwchem.parse(fin.read(), symb)
         ^^^^^^^^^^^^^^^^^^^^^^^^^^^^^^^^^^^^
  File "/users/home/lygatsika/code/env/lib/python3.11/site-packages/pyscf/gto/basis/parse_nwchem.py", line 89, in parse
    raise BasisNotFoundError('Basis not found for %s' % symb)
pyscf.lib.exceptions.BasisNotFoundError: Basis not found for H

Reading coord from system/h2o.xyz file.
Number of atomic orbitals (M must be smaller)		22 MOs 58
Running Hartree-Fock to get density:
converged SCF energy = -76.0571274202736
Number of electrons (should be 10) = 10.000000
Starting reduction with target 9 and 0 constraint ...
Results written in out/test_3/cc-pvtz-9_g1_hf.bas.
Number of adapted atomic orbitals			8 MOs 12
converged SCF energy = -75.996939269016

Reading coord from system/h2o.xyz file.
Number of atomic orbitals (M must be smaller)		22 MOs 58
Running Hartree-Fock+CISD to get density:
converged SCF energy = -76.0571274202735
E(RCISD) = -76.32661305605689  E_corr = -0.2694856357833563
Number of electrons (should be 10) = 9.995391
Starting reduction with target 9 and 0 constraint ...
Results written in out/test_3/cc-pvtz-9_g1_cisd.bas.
Traceback (most recent call last):
  File "/users/home/lygatsika/code/env/lib/python3.11/site-packages/pyscf/gto/basis/__init__.py", line 503, in load
    b = parse_nwchem.load(filename_or_basisname, symb, optimize)
        ^^^^^^^^^^^^^^^^^^^^^^^^^^^^^^^^^^^^^^^^^^^^^^^^^^^^^^^^
  File "/users/home/lygatsika/code/env/lib/python3.11/site-packages/pyscf/gto/basis/parse_nwchem.py", line 101, in load
    return _parse(raw_basis, optimize)
           ^^^^^^^^^^^^^^^^^^^^^^^^^^^
  File "/users/home/lygatsika/code/env/lib/python3.11/site-packages/pyscf/gto/basis/parse_nwchem.py", line 140, in _parse
    raise BasisNotFoundError(f'Basis data not found in "{raw_basis}"')
pyscf.lib.exceptions.BasisNotFoundError: Basis data not found in "[]"

During handling of the above exception, another exception occurred:

Traceback (most recent call last):
  File "/users/home/lygatsika/code/env/adapt/main.py", line 182, in <module>
    input_basis = utils.create_nw_basis(coord, out_file_nw)
                  ^^^^^^^^^^^^^^^^^^^^^^^^^^^^^^^^^^^^^^^^^
  File "/users/home/lygatsika/code/env/adapt/src/utils.py", line 70, in create_nw_basis
    ao_basis[elem] = gto.basis.load(file_nw, elem)
                     ^^^^^^^^^^^^^^^^^^^^^^^^^^^^^
  File "/users/home/lygatsika/code/env/lib/python3.11/site-packages/pyscf/gto/basis/__init__.py", line 506, in load
    b =  parse_nwchem.parse(fin.read(), symb)
         ^^^^^^^^^^^^^^^^^^^^^^^^^^^^^^^^^^^^
  File "/users/home/lygatsika/code/env/lib/python3.11/site-packages/pyscf/gto/basis/parse_nwchem.py", line 89, in parse
    raise BasisNotFoundError('Basis not found for %s' % symb)
pyscf.lib.exceptions.BasisNotFoundError: Basis not found for H

Reading coord from system/h2o.xyz file.
Number of atomic orbitals (M must be smaller)		22 MOs 58
Running Hartree-Fock to get density:
converged SCF energy = -76.0571274202735
Number of electrons (should be 10) = 10.000000
Starting reduction with target 10 and 0 constraint ...
Results written in out/test_3/cc-pvtz-10_g0_hf.bas.
Number of adapted atomic orbitals			7 MOs 9
converged SCF energy = -75.9763573297903

Reading coord from system/h2o.xyz file.
Number of atomic orbitals (M must be smaller)		22 MOs 58
Running Hartree-Fock+CISD to get density:
converged SCF energy = -76.0571274202734
E(RCISD) = -76.32661305605677  E_corr = -0.2694856357833559
Number of electrons (should be 10) = 9.995985
Starting reduction with target 10 and 0 constraint ...
Results written in out/test_3/cc-pvtz-10_g0_cisd.bas.
Traceback (most recent call last):
  File "/users/home/lygatsika/code/env/lib/python3.11/site-packages/pyscf/gto/basis/__init__.py", line 503, in load
    b = parse_nwchem.load(filename_or_basisname, symb, optimize)
        ^^^^^^^^^^^^^^^^^^^^^^^^^^^^^^^^^^^^^^^^^^^^^^^^^^^^^^^^
  File "/users/home/lygatsika/code/env/lib/python3.11/site-packages/pyscf/gto/basis/parse_nwchem.py", line 101, in load
    return _parse(raw_basis, optimize)
           ^^^^^^^^^^^^^^^^^^^^^^^^^^^
  File "/users/home/lygatsika/code/env/lib/python3.11/site-packages/pyscf/gto/basis/parse_nwchem.py", line 140, in _parse
    raise BasisNotFoundError(f'Basis data not found in "{raw_basis}"')
pyscf.lib.exceptions.BasisNotFoundError: Basis data not found in "[]"

During handling of the above exception, another exception occurred:

Traceback (most recent call last):
  File "/users/home/lygatsika/code/env/adapt/main.py", line 182, in <module>
    input_basis = utils.create_nw_basis(coord, out_file_nw)
                  ^^^^^^^^^^^^^^^^^^^^^^^^^^^^^^^^^^^^^^^^^
  File "/users/home/lygatsika/code/env/adapt/src/utils.py", line 70, in create_nw_basis
    ao_basis[elem] = gto.basis.load(file_nw, elem)
                     ^^^^^^^^^^^^^^^^^^^^^^^^^^^^^
  File "/users/home/lygatsika/code/env/lib/python3.11/site-packages/pyscf/gto/basis/__init__.py", line 506, in load
    b =  parse_nwchem.parse(fin.read(), symb)
         ^^^^^^^^^^^^^^^^^^^^^^^^^^^^^^^^^^^^
  File "/users/home/lygatsika/code/env/lib/python3.11/site-packages/pyscf/gto/basis/parse_nwchem.py", line 89, in parse
    raise BasisNotFoundError('Basis not found for %s' % symb)
pyscf.lib.exceptions.BasisNotFoundError: Basis not found for H

Reading coord from system/h2o.xyz file.
Number of atomic orbitals (M must be smaller)		22 MOs 58
Running Hartree-Fock to get density:
converged SCF energy = -76.0571274202735
Number of electrons (should be 10) = 10.000000
Starting reduction with target 10 and 0 constraint ...
Results written in out/test_3/cc-pvtz-10_g1_hf.bas.
Number of adapted atomic orbitals			9 MOs 13
converged SCF energy = -76.0018191718435

Reading coord from system/h2o.xyz file.
Number of atomic orbitals (M must be smaller)		22 MOs 58
Running Hartree-Fock+CISD to get density:
converged SCF energy = -76.0571274202736
E(RCISD) = -76.32661305605696  E_corr = -0.2694856357833552
Number of electrons (should be 10) = 10.011230
Starting reduction with target 10 and 0 constraint ...
Results written in out/test_3/cc-pvtz-10_g1_cisd.bas.
Traceback (most recent call last):
  File "/users/home/lygatsika/code/env/lib/python3.11/site-packages/pyscf/gto/basis/__init__.py", line 503, in load
    b = parse_nwchem.load(filename_or_basisname, symb, optimize)
        ^^^^^^^^^^^^^^^^^^^^^^^^^^^^^^^^^^^^^^^^^^^^^^^^^^^^^^^^
  File "/users/home/lygatsika/code/env/lib/python3.11/site-packages/pyscf/gto/basis/parse_nwchem.py", line 101, in load
    return _parse(raw_basis, optimize)
           ^^^^^^^^^^^^^^^^^^^^^^^^^^^
  File "/users/home/lygatsika/code/env/lib/python3.11/site-packages/pyscf/gto/basis/parse_nwchem.py", line 140, in _parse
    raise BasisNotFoundError(f'Basis data not found in "{raw_basis}"')
pyscf.lib.exceptions.BasisNotFoundError: Basis data not found in "[]"

During handling of the above exception, another exception occurred:

Traceback (most recent call last):
  File "/users/home/lygatsika/code/env/adapt/main.py", line 182, in <module>
    input_basis = utils.create_nw_basis(coord, out_file_nw)
                  ^^^^^^^^^^^^^^^^^^^^^^^^^^^^^^^^^^^^^^^^^
  File "/users/home/lygatsika/code/env/adapt/src/utils.py", line 70, in create_nw_basis
    ao_basis[elem] = gto.basis.load(file_nw, elem)
                     ^^^^^^^^^^^^^^^^^^^^^^^^^^^^^
  File "/users/home/lygatsika/code/env/lib/python3.11/site-packages/pyscf/gto/basis/__init__.py", line 506, in load
    b =  parse_nwchem.parse(fin.read(), symb)
         ^^^^^^^^^^^^^^^^^^^^^^^^^^^^^^^^^^^^
  File "/users/home/lygatsika/code/env/lib/python3.11/site-packages/pyscf/gto/basis/parse_nwchem.py", line 89, in parse
    raise BasisNotFoundError('Basis not found for %s' % symb)
pyscf.lib.exceptions.BasisNotFoundError: Basis not found for H

Reading coord from system/h2o.xyz file.
Number of atomic orbitals (M must be smaller)		22 MOs 58
Running Hartree-Fock to get density:
converged SCF energy = -76.0571274202735
Number of electrons (should be 10) = 10.000000
Starting reduction with target 11 and 0 constraint ...
Results written in out/test_3/cc-pvtz-11_g0_hf.bas.
Number of adapted atomic orbitals			8 MOs 12
converged SCF energy = -75.996939269016

Reading coord from system/h2o.xyz file.
Number of atomic orbitals (M must be smaller)		22 MOs 58
Running Hartree-Fock+CISD to get density:
converged SCF energy = -76.0571274202736
E(RCISD) = -76.32661305605693  E_corr = -0.2694856357833555
Number of electrons (should be 10) = 9.995866
Starting reduction with target 11 and 0 constraint ...
Results written in out/test_3/cc-pvtz-11_g0_cisd.bas.
Traceback (most recent call last):
  File "/users/home/lygatsika/code/env/lib/python3.11/site-packages/pyscf/gto/basis/__init__.py", line 503, in load
    b = parse_nwchem.load(filename_or_basisname, symb, optimize)
        ^^^^^^^^^^^^^^^^^^^^^^^^^^^^^^^^^^^^^^^^^^^^^^^^^^^^^^^^
  File "/users/home/lygatsika/code/env/lib/python3.11/site-packages/pyscf/gto/basis/parse_nwchem.py", line 101, in load
    return _parse(raw_basis, optimize)
           ^^^^^^^^^^^^^^^^^^^^^^^^^^^
  File "/users/home/lygatsika/code/env/lib/python3.11/site-packages/pyscf/gto/basis/parse_nwchem.py", line 140, in _parse
    raise BasisNotFoundError(f'Basis data not found in "{raw_basis}"')
pyscf.lib.exceptions.BasisNotFoundError: Basis data not found in "[]"

During handling of the above exception, another exception occurred:

Traceback (most recent call last):
  File "/users/home/lygatsika/code/env/adapt/main.py", line 182, in <module>
    input_basis = utils.create_nw_basis(coord, out_file_nw)
                  ^^^^^^^^^^^^^^^^^^^^^^^^^^^^^^^^^^^^^^^^^
  File "/users/home/lygatsika/code/env/adapt/src/utils.py", line 70, in create_nw_basis
    ao_basis[elem] = gto.basis.load(file_nw, elem)
                     ^^^^^^^^^^^^^^^^^^^^^^^^^^^^^
  File "/users/home/lygatsika/code/env/lib/python3.11/site-packages/pyscf/gto/basis/__init__.py", line 506, in load
    b =  parse_nwchem.parse(fin.read(), symb)
         ^^^^^^^^^^^^^^^^^^^^^^^^^^^^^^^^^^^^
  File "/users/home/lygatsika/code/env/lib/python3.11/site-packages/pyscf/gto/basis/parse_nwchem.py", line 89, in parse
    raise BasisNotFoundError('Basis not found for %s' % symb)
pyscf.lib.exceptions.BasisNotFoundError: Basis not found for H

Reading coord from system/h2o.xyz file.
Number of atomic orbitals (M must be smaller)		22 MOs 58
Running Hartree-Fock to get density:
converged SCF energy = -76.0571274202735
Number of electrons (should be 10) = 10.000000
Starting reduction with target 11 and 0 constraint ...
Results written in out/test_3/cc-pvtz-11_g1_hf.bas.
Number of adapted atomic orbitals			9 MOs 13
converged SCF energy = -76.0018191718434

Reading coord from system/h2o.xyz file.
Number of atomic orbitals (M must be smaller)		22 MOs 58
Running Hartree-Fock+CISD to get density:
converged SCF energy = -76.0571274202736
E(RCISD) = -76.32661305605691  E_corr = -0.2694856357833566
Number of electrons (should be 10) = 10.011707
Starting reduction with target 11 and 0 constraint ...
Results written in out/test_3/cc-pvtz-11_g1_cisd.bas.
Traceback (most recent call last):
  File "/users/home/lygatsika/code/env/lib/python3.11/site-packages/pyscf/gto/basis/__init__.py", line 503, in load
    b = parse_nwchem.load(filename_or_basisname, symb, optimize)
        ^^^^^^^^^^^^^^^^^^^^^^^^^^^^^^^^^^^^^^^^^^^^^^^^^^^^^^^^
  File "/users/home/lygatsika/code/env/lib/python3.11/site-packages/pyscf/gto/basis/parse_nwchem.py", line 101, in load
    return _parse(raw_basis, optimize)
           ^^^^^^^^^^^^^^^^^^^^^^^^^^^
  File "/users/home/lygatsika/code/env/lib/python3.11/site-packages/pyscf/gto/basis/parse_nwchem.py", line 140, in _parse
    raise BasisNotFoundError(f'Basis data not found in "{raw_basis}"')
pyscf.lib.exceptions.BasisNotFoundError: Basis data not found in "[]"

During handling of the above exception, another exception occurred:

Traceback (most recent call last):
  File "/users/home/lygatsika/code/env/adapt/main.py", line 182, in <module>
    input_basis = utils.create_nw_basis(coord, out_file_nw)
                  ^^^^^^^^^^^^^^^^^^^^^^^^^^^^^^^^^^^^^^^^^
  File "/users/home/lygatsika/code/env/adapt/src/utils.py", line 70, in create_nw_basis
    ao_basis[elem] = gto.basis.load(file_nw, elem)
                     ^^^^^^^^^^^^^^^^^^^^^^^^^^^^^
  File "/users/home/lygatsika/code/env/lib/python3.11/site-packages/pyscf/gto/basis/__init__.py", line 506, in load
    b =  parse_nwchem.parse(fin.read(), symb)
         ^^^^^^^^^^^^^^^^^^^^^^^^^^^^^^^^^^^^
  File "/users/home/lygatsika/code/env/lib/python3.11/site-packages/pyscf/gto/basis/parse_nwchem.py", line 89, in parse
    raise BasisNotFoundError('Basis not found for %s' % symb)
pyscf.lib.exceptions.BasisNotFoundError: Basis not found for H

Reading coord from system/h2o.xyz file.
Number of atomic orbitals (M must be smaller)		22 MOs 58
Running Hartree-Fock to get density:
converged SCF energy = -76.0571274202735
Number of electrons (should be 10) = 10.000000
Starting reduction with target 12 and 0 constraint ...
Results written in out/test_3/cc-pvtz-12_g0_hf.bas.
Number of adapted atomic orbitals			9 MOs 13
converged SCF energy = -76.0018191718435

Reading coord from system/h2o.xyz file.
Number of atomic orbitals (M must be smaller)		22 MOs 58
Running Hartree-Fock+CISD to get density:
converged SCF energy = -76.0571274202737
E(RCISD) = -76.32661305605706  E_corr = -0.2694856357833561
Number of electrons (should be 10) = 10.011675
Starting reduction with target 12 and 0 constraint ...
Results written in out/test_3/cc-pvtz-12_g0_cisd.bas.
Traceback (most recent call last):
  File "/users/home/lygatsika/code/env/lib/python3.11/site-packages/pyscf/gto/basis/__init__.py", line 503, in load
    b = parse_nwchem.load(filename_or_basisname, symb, optimize)
        ^^^^^^^^^^^^^^^^^^^^^^^^^^^^^^^^^^^^^^^^^^^^^^^^^^^^^^^^
  File "/users/home/lygatsika/code/env/lib/python3.11/site-packages/pyscf/gto/basis/parse_nwchem.py", line 101, in load
    return _parse(raw_basis, optimize)
           ^^^^^^^^^^^^^^^^^^^^^^^^^^^
  File "/users/home/lygatsika/code/env/lib/python3.11/site-packages/pyscf/gto/basis/parse_nwchem.py", line 140, in _parse
    raise BasisNotFoundError(f'Basis data not found in "{raw_basis}"')
pyscf.lib.exceptions.BasisNotFoundError: Basis data not found in "[]"

During handling of the above exception, another exception occurred:

Traceback (most recent call last):
  File "/users/home/lygatsika/code/env/adapt/main.py", line 182, in <module>
    input_basis = utils.create_nw_basis(coord, out_file_nw)
                  ^^^^^^^^^^^^^^^^^^^^^^^^^^^^^^^^^^^^^^^^^
  File "/users/home/lygatsika/code/env/adapt/src/utils.py", line 70, in create_nw_basis
    ao_basis[elem] = gto.basis.load(file_nw, elem)
                     ^^^^^^^^^^^^^^^^^^^^^^^^^^^^^
  File "/users/home/lygatsika/code/env/lib/python3.11/site-packages/pyscf/gto/basis/__init__.py", line 506, in load
    b =  parse_nwchem.parse(fin.read(), symb)
         ^^^^^^^^^^^^^^^^^^^^^^^^^^^^^^^^^^^^
  File "/users/home/lygatsika/code/env/lib/python3.11/site-packages/pyscf/gto/basis/parse_nwchem.py", line 89, in parse
    raise BasisNotFoundError('Basis not found for %s' % symb)
pyscf.lib.exceptions.BasisNotFoundError: Basis not found for H

Reading coord from system/h2o.xyz file.
Number of atomic orbitals (M must be smaller)		22 MOs 58
Running Hartree-Fock to get density:
converged SCF energy = -76.0571274202735
Number of electrons (should be 10) = 10.000000
Starting reduction with target 12 and 0 constraint ...
Results written in out/test_3/cc-pvtz-12_g1_hf.bas.
Number of adapted atomic orbitals			11 MOs 19
converged SCF energy = -76.0330601749068

Reading coord from system/h2o.xyz file.
Number of atomic orbitals (M must be smaller)		22 MOs 58
Running Hartree-Fock+CISD to get density:
converged SCF energy = -76.0571274202737
E(RCISD) = -76.32661305605707  E_corr = -0.2694856357833566
Number of electrons (should be 10) = 9.995764
Starting reduction with target 12 and 0 constraint ...
Results written in out/test_3/cc-pvtz-12_g1_cisd.bas.
Traceback (most recent call last):
  File "/users/home/lygatsika/code/env/lib/python3.11/site-packages/pyscf/gto/basis/__init__.py", line 503, in load
    b = parse_nwchem.load(filename_or_basisname, symb, optimize)
        ^^^^^^^^^^^^^^^^^^^^^^^^^^^^^^^^^^^^^^^^^^^^^^^^^^^^^^^^
  File "/users/home/lygatsika/code/env/lib/python3.11/site-packages/pyscf/gto/basis/parse_nwchem.py", line 101, in load
    return _parse(raw_basis, optimize)
           ^^^^^^^^^^^^^^^^^^^^^^^^^^^
  File "/users/home/lygatsika/code/env/lib/python3.11/site-packages/pyscf/gto/basis/parse_nwchem.py", line 140, in _parse
    raise BasisNotFoundError(f'Basis data not found in "{raw_basis}"')
pyscf.lib.exceptions.BasisNotFoundError: Basis data not found in "[]"

During handling of the above exception, another exception occurred:

Traceback (most recent call last):
  File "/users/home/lygatsika/code/env/adapt/main.py", line 182, in <module>
    input_basis = utils.create_nw_basis(coord, out_file_nw)
                  ^^^^^^^^^^^^^^^^^^^^^^^^^^^^^^^^^^^^^^^^^
  File "/users/home/lygatsika/code/env/adapt/src/utils.py", line 70, in create_nw_basis
    ao_basis[elem] = gto.basis.load(file_nw, elem)
                     ^^^^^^^^^^^^^^^^^^^^^^^^^^^^^
  File "/users/home/lygatsika/code/env/lib/python3.11/site-packages/pyscf/gto/basis/__init__.py", line 506, in load
    b =  parse_nwchem.parse(fin.read(), symb)
         ^^^^^^^^^^^^^^^^^^^^^^^^^^^^^^^^^^^^
  File "/users/home/lygatsika/code/env/lib/python3.11/site-packages/pyscf/gto/basis/parse_nwchem.py", line 89, in parse
    raise BasisNotFoundError('Basis not found for %s' % symb)
pyscf.lib.exceptions.BasisNotFoundError: Basis not found for H

Reading coord from system/h2o.xyz file.
Number of atomic orbitals (M must be smaller)		22 MOs 58
Running Hartree-Fock to get density:
converged SCF energy = -76.0571274202736
Number of electrons (should be 10) = 10.000000
Starting reduction with target 13 and 0 constraint ...
Results written in out/test_3/cc-pvtz-13_g0_hf.bas.
Number of adapted atomic orbitals			9 MOs 13
converged SCF energy = -76.0018191718434

Reading coord from system/h2o.xyz file.
Number of atomic orbitals (M must be smaller)		22 MOs 58
Running Hartree-Fock+CISD to get density:
converged SCF energy = -76.0571274202736
E(RCISD) = -76.32661305605691  E_corr = -0.2694856357833553
Number of electrons (should be 10) = 9.995575
Starting reduction with target 13 and 0 constraint ...
Results written in out/test_3/cc-pvtz-13_g0_cisd.bas.
Traceback (most recent call last):
  File "/users/home/lygatsika/code/env/lib/python3.11/site-packages/pyscf/gto/basis/__init__.py", line 503, in load
    b = parse_nwchem.load(filename_or_basisname, symb, optimize)
        ^^^^^^^^^^^^^^^^^^^^^^^^^^^^^^^^^^^^^^^^^^^^^^^^^^^^^^^^
  File "/users/home/lygatsika/code/env/lib/python3.11/site-packages/pyscf/gto/basis/parse_nwchem.py", line 101, in load
    return _parse(raw_basis, optimize)
           ^^^^^^^^^^^^^^^^^^^^^^^^^^^
  File "/users/home/lygatsika/code/env/lib/python3.11/site-packages/pyscf/gto/basis/parse_nwchem.py", line 140, in _parse
    raise BasisNotFoundError(f'Basis data not found in "{raw_basis}"')
pyscf.lib.exceptions.BasisNotFoundError: Basis data not found in "[]"

During handling of the above exception, another exception occurred:

Traceback (most recent call last):
  File "/users/home/lygatsika/code/env/adapt/main.py", line 182, in <module>
    input_basis = utils.create_nw_basis(coord, out_file_nw)
                  ^^^^^^^^^^^^^^^^^^^^^^^^^^^^^^^^^^^^^^^^^
  File "/users/home/lygatsika/code/env/adapt/src/utils.py", line 70, in create_nw_basis
    ao_basis[elem] = gto.basis.load(file_nw, elem)
                     ^^^^^^^^^^^^^^^^^^^^^^^^^^^^^
  File "/users/home/lygatsika/code/env/lib/python3.11/site-packages/pyscf/gto/basis/__init__.py", line 506, in load
    b =  parse_nwchem.parse(fin.read(), symb)
         ^^^^^^^^^^^^^^^^^^^^^^^^^^^^^^^^^^^^
  File "/users/home/lygatsika/code/env/lib/python3.11/site-packages/pyscf/gto/basis/parse_nwchem.py", line 89, in parse
    raise BasisNotFoundError('Basis not found for %s' % symb)
pyscf.lib.exceptions.BasisNotFoundError: Basis not found for H

Reading coord from system/h2o.xyz file.
Number of atomic orbitals (M must be smaller)		22 MOs 58
Running Hartree-Fock to get density:
converged SCF energy = -76.0571274202735
Number of electrons (should be 10) = 10.000000
Starting reduction with target 13 and 0 constraint ...
Results written in out/test_3/cc-pvtz-13_g1_hf.bas.
Number of adapted atomic orbitals			13 MOs 21
converged SCF energy = -76.0346202047476

Reading coord from system/h2o.xyz file.
Number of atomic orbitals (M must be smaller)		22 MOs 58
Running Hartree-Fock+CISD to get density:
converged SCF energy = -76.0571274202736
E(RCISD) = -76.32661305605694  E_corr = -0.2694856357833577
Number of electrons (should be 10) = 10.011140
Starting reduction with target 13 and 0 constraint ...
Results written in out/test_3/cc-pvtz-13_g1_cisd.bas.
Traceback (most recent call last):
  File "/users/home/lygatsika/code/env/lib/python3.11/site-packages/pyscf/gto/basis/__init__.py", line 503, in load
    b = parse_nwchem.load(filename_or_basisname, symb, optimize)
        ^^^^^^^^^^^^^^^^^^^^^^^^^^^^^^^^^^^^^^^^^^^^^^^^^^^^^^^^
  File "/users/home/lygatsika/code/env/lib/python3.11/site-packages/pyscf/gto/basis/parse_nwchem.py", line 101, in load
    return _parse(raw_basis, optimize)
           ^^^^^^^^^^^^^^^^^^^^^^^^^^^
  File "/users/home/lygatsika/code/env/lib/python3.11/site-packages/pyscf/gto/basis/parse_nwchem.py", line 140, in _parse
    raise BasisNotFoundError(f'Basis data not found in "{raw_basis}"')
pyscf.lib.exceptions.BasisNotFoundError: Basis data not found in "[]"

During handling of the above exception, another exception occurred:

Traceback (most recent call last):
  File "/users/home/lygatsika/code/env/adapt/main.py", line 182, in <module>
    input_basis = utils.create_nw_basis(coord, out_file_nw)
                  ^^^^^^^^^^^^^^^^^^^^^^^^^^^^^^^^^^^^^^^^^
  File "/users/home/lygatsika/code/env/adapt/src/utils.py", line 70, in create_nw_basis
    ao_basis[elem] = gto.basis.load(file_nw, elem)
                     ^^^^^^^^^^^^^^^^^^^^^^^^^^^^^
  File "/users/home/lygatsika/code/env/lib/python3.11/site-packages/pyscf/gto/basis/__init__.py", line 506, in load
    b =  parse_nwchem.parse(fin.read(), symb)
         ^^^^^^^^^^^^^^^^^^^^^^^^^^^^^^^^^^^^
  File "/users/home/lygatsika/code/env/lib/python3.11/site-packages/pyscf/gto/basis/parse_nwchem.py", line 89, in parse
    raise BasisNotFoundError('Basis not found for %s' % symb)
pyscf.lib.exceptions.BasisNotFoundError: Basis not found for H

Reading coord from system/h2o.xyz file.
Number of atomic orbitals (M must be smaller)		35 MOs 115
Running Hartree-Fock to get density:
converged SCF energy = -76.0647916879973
Number of electrons (should be 10) = 10.000000
Starting reduction with target 7 and 0 constraint ...
Results written in out/test_3/cc-pvqz-7_g0_hf.bas.
Number of adapted atomic orbitals			5 MOs 7
converged SCF energy = -75.9127549828532

Reading coord from system/h2o.xyz file.
Number of atomic orbitals (M must be smaller)		35 MOs 115
Running Hartree-Fock+CISD to get density:
converged SCF energy = -76.0647916879969
E(RCISD) = -76.36864933913323  E_corr = -0.3038576511363055
Number of electrons (should be 10) = 10.005940
Starting reduction with target 7 and 0 constraint ...
Results written in out/test_3/cc-pvqz-7_g0_cisd.bas.
Traceback (most recent call last):
  File "/users/home/lygatsika/code/env/lib/python3.11/site-packages/pyscf/gto/basis/__init__.py", line 503, in load
    b = parse_nwchem.load(filename_or_basisname, symb, optimize)
        ^^^^^^^^^^^^^^^^^^^^^^^^^^^^^^^^^^^^^^^^^^^^^^^^^^^^^^^^
  File "/users/home/lygatsika/code/env/lib/python3.11/site-packages/pyscf/gto/basis/parse_nwchem.py", line 101, in load
    return _parse(raw_basis, optimize)
           ^^^^^^^^^^^^^^^^^^^^^^^^^^^
  File "/users/home/lygatsika/code/env/lib/python3.11/site-packages/pyscf/gto/basis/parse_nwchem.py", line 140, in _parse
    raise BasisNotFoundError(f'Basis data not found in "{raw_basis}"')
pyscf.lib.exceptions.BasisNotFoundError: Basis data not found in "[]"

During handling of the above exception, another exception occurred:

Traceback (most recent call last):
  File "/users/home/lygatsika/code/env/adapt/main.py", line 182, in <module>
    input_basis = utils.create_nw_basis(coord, out_file_nw)
                  ^^^^^^^^^^^^^^^^^^^^^^^^^^^^^^^^^^^^^^^^^
  File "/users/home/lygatsika/code/env/adapt/src/utils.py", line 70, in create_nw_basis
    ao_basis[elem] = gto.basis.load(file_nw, elem)
                     ^^^^^^^^^^^^^^^^^^^^^^^^^^^^^
  File "/users/home/lygatsika/code/env/lib/python3.11/site-packages/pyscf/gto/basis/__init__.py", line 506, in load
    b =  parse_nwchem.parse(fin.read(), symb)
         ^^^^^^^^^^^^^^^^^^^^^^^^^^^^^^^^^^^^
  File "/users/home/lygatsika/code/env/lib/python3.11/site-packages/pyscf/gto/basis/parse_nwchem.py", line 89, in parse
    raise BasisNotFoundError('Basis not found for %s' % symb)
pyscf.lib.exceptions.BasisNotFoundError: Basis not found for H

Reading coord from system/h2o.xyz file.
Number of atomic orbitals (M must be smaller)		35 MOs 115
Running Hartree-Fock to get density:
converged SCF energy = -76.0647916879969
Number of electrons (should be 10) = 10.000000
Starting reduction with target 7 and 0 constraint ...
Results written in out/test_3/cc-pvqz-7_g1_hf.bas.
Number of adapted atomic orbitals			5 MOs 7
converged SCF energy = -75.9127549828533

Reading coord from system/h2o.xyz file.
Number of atomic orbitals (M must be smaller)		35 MOs 115
Running Hartree-Fock+CISD to get density:
converged SCF energy = -76.0647916879967
E(RCISD) = -76.36864933913304  E_corr = -0.3038576511363333
Number of electrons (should be 10) = 10.004654
Starting reduction with target 7 and 0 constraint ...
Results written in out/test_3/cc-pvqz-7_g1_cisd.bas.
Traceback (most recent call last):
  File "/users/home/lygatsika/code/env/lib/python3.11/site-packages/pyscf/gto/basis/__init__.py", line 503, in load
    b = parse_nwchem.load(filename_or_basisname, symb, optimize)
        ^^^^^^^^^^^^^^^^^^^^^^^^^^^^^^^^^^^^^^^^^^^^^^^^^^^^^^^^
  File "/users/home/lygatsika/code/env/lib/python3.11/site-packages/pyscf/gto/basis/parse_nwchem.py", line 101, in load
    return _parse(raw_basis, optimize)
           ^^^^^^^^^^^^^^^^^^^^^^^^^^^
  File "/users/home/lygatsika/code/env/lib/python3.11/site-packages/pyscf/gto/basis/parse_nwchem.py", line 140, in _parse
    raise BasisNotFoundError(f'Basis data not found in "{raw_basis}"')
pyscf.lib.exceptions.BasisNotFoundError: Basis data not found in "[]"

During handling of the above exception, another exception occurred:

Traceback (most recent call last):
  File "/users/home/lygatsika/code/env/adapt/main.py", line 182, in <module>
    input_basis = utils.create_nw_basis(coord, out_file_nw)
                  ^^^^^^^^^^^^^^^^^^^^^^^^^^^^^^^^^^^^^^^^^
  File "/users/home/lygatsika/code/env/adapt/src/utils.py", line 70, in create_nw_basis
    ao_basis[elem] = gto.basis.load(file_nw, elem)
                     ^^^^^^^^^^^^^^^^^^^^^^^^^^^^^
  File "/users/home/lygatsika/code/env/lib/python3.11/site-packages/pyscf/gto/basis/__init__.py", line 506, in load
    b =  parse_nwchem.parse(fin.read(), symb)
         ^^^^^^^^^^^^^^^^^^^^^^^^^^^^^^^^^^^^
  File "/users/home/lygatsika/code/env/lib/python3.11/site-packages/pyscf/gto/basis/parse_nwchem.py", line 89, in parse
    raise BasisNotFoundError('Basis not found for %s' % symb)
pyscf.lib.exceptions.BasisNotFoundError: Basis not found for H

Reading coord from system/h2o.xyz file.
Number of atomic orbitals (M must be smaller)		35 MOs 115
Running Hartree-Fock to get density:
converged SCF energy = -76.0647916879968
Number of electrons (should be 10) = 10.000000
Starting reduction with target 8 and 0 constraint ...
Results written in out/test_3/cc-pvqz-8_g0_hf.bas.
Number of adapted atomic orbitals			5 MOs 7
converged SCF energy = -75.9127549828533

Reading coord from system/h2o.xyz file.
Number of atomic orbitals (M must be smaller)		35 MOs 115
Running Hartree-Fock+CISD to get density:
converged SCF energy = -76.0647916879969
E(RCISD) = -76.36864933913316  E_corr = -0.3038576511363042
Number of electrons (should be 10) = 10.004882
Starting reduction with target 8 and 0 constraint ...
Results written in out/test_3/cc-pvqz-8_g0_cisd.bas.
Traceback (most recent call last):
  File "/users/home/lygatsika/code/env/lib/python3.11/site-packages/pyscf/gto/basis/__init__.py", line 503, in load
    b = parse_nwchem.load(filename_or_basisname, symb, optimize)
        ^^^^^^^^^^^^^^^^^^^^^^^^^^^^^^^^^^^^^^^^^^^^^^^^^^^^^^^^
  File "/users/home/lygatsika/code/env/lib/python3.11/site-packages/pyscf/gto/basis/parse_nwchem.py", line 101, in load
    return _parse(raw_basis, optimize)
           ^^^^^^^^^^^^^^^^^^^^^^^^^^^
  File "/users/home/lygatsika/code/env/lib/python3.11/site-packages/pyscf/gto/basis/parse_nwchem.py", line 140, in _parse
    raise BasisNotFoundError(f'Basis data not found in "{raw_basis}"')
pyscf.lib.exceptions.BasisNotFoundError: Basis data not found in "[]"

During handling of the above exception, another exception occurred:

Traceback (most recent call last):
  File "/users/home/lygatsika/code/env/adapt/main.py", line 182, in <module>
    input_basis = utils.create_nw_basis(coord, out_file_nw)
                  ^^^^^^^^^^^^^^^^^^^^^^^^^^^^^^^^^^^^^^^^^
  File "/users/home/lygatsika/code/env/adapt/src/utils.py", line 70, in create_nw_basis
    ao_basis[elem] = gto.basis.load(file_nw, elem)
                     ^^^^^^^^^^^^^^^^^^^^^^^^^^^^^
  File "/users/home/lygatsika/code/env/lib/python3.11/site-packages/pyscf/gto/basis/__init__.py", line 506, in load
    b =  parse_nwchem.parse(fin.read(), symb)
         ^^^^^^^^^^^^^^^^^^^^^^^^^^^^^^^^^^^^
  File "/users/home/lygatsika/code/env/lib/python3.11/site-packages/pyscf/gto/basis/parse_nwchem.py", line 89, in parse
    raise BasisNotFoundError('Basis not found for %s' % symb)
pyscf.lib.exceptions.BasisNotFoundError: Basis not found for H

Reading coord from system/h2o.xyz file.
Number of atomic orbitals (M must be smaller)		35 MOs 115
Running Hartree-Fock to get density:
converged SCF energy = -76.0647916879968
Number of electrons (should be 10) = 10.000000
Starting reduction with target 8 and 0 constraint ...
Results written in out/test_3/cc-pvqz-8_g1_hf.bas.
Number of adapted atomic orbitals			7 MOs 9
converged SCF energy = -75.9762663840104

Reading coord from system/h2o.xyz file.
Number of atomic orbitals (M must be smaller)		35 MOs 115
Running Hartree-Fock+CISD to get density:
converged SCF energy = -76.0647916879971
E(RCISD) = -76.36864933913343  E_corr = -0.3038576511363402
Number of electrons (should be 10) = 10.004613
Starting reduction with target 8 and 0 constraint ...
Results written in out/test_3/cc-pvqz-8_g1_cisd.bas.
Traceback (most recent call last):
  File "/users/home/lygatsika/code/env/lib/python3.11/site-packages/pyscf/gto/basis/__init__.py", line 503, in load
    b = parse_nwchem.load(filename_or_basisname, symb, optimize)
        ^^^^^^^^^^^^^^^^^^^^^^^^^^^^^^^^^^^^^^^^^^^^^^^^^^^^^^^^
  File "/users/home/lygatsika/code/env/lib/python3.11/site-packages/pyscf/gto/basis/parse_nwchem.py", line 101, in load
    return _parse(raw_basis, optimize)
           ^^^^^^^^^^^^^^^^^^^^^^^^^^^
  File "/users/home/lygatsika/code/env/lib/python3.11/site-packages/pyscf/gto/basis/parse_nwchem.py", line 140, in _parse
    raise BasisNotFoundError(f'Basis data not found in "{raw_basis}"')
pyscf.lib.exceptions.BasisNotFoundError: Basis data not found in "[]"

During handling of the above exception, another exception occurred:

Traceback (most recent call last):
  File "/users/home/lygatsika/code/env/adapt/main.py", line 182, in <module>
    input_basis = utils.create_nw_basis(coord, out_file_nw)
                  ^^^^^^^^^^^^^^^^^^^^^^^^^^^^^^^^^^^^^^^^^
  File "/users/home/lygatsika/code/env/adapt/src/utils.py", line 70, in create_nw_basis
    ao_basis[elem] = gto.basis.load(file_nw, elem)
                     ^^^^^^^^^^^^^^^^^^^^^^^^^^^^^
  File "/users/home/lygatsika/code/env/lib/python3.11/site-packages/pyscf/gto/basis/__init__.py", line 506, in load
    b =  parse_nwchem.parse(fin.read(), symb)
         ^^^^^^^^^^^^^^^^^^^^^^^^^^^^^^^^^^^^
  File "/users/home/lygatsika/code/env/lib/python3.11/site-packages/pyscf/gto/basis/parse_nwchem.py", line 89, in parse
    raise BasisNotFoundError('Basis not found for %s' % symb)
pyscf.lib.exceptions.BasisNotFoundError: Basis not found for H

Reading coord from system/h2o.xyz file.
Number of atomic orbitals (M must be smaller)		35 MOs 115
Running Hartree-Fock to get density:
converged SCF energy = -76.0647916879973
Number of electrons (should be 10) = 10.000000
Starting reduction with target 9 and 0 constraint ...
Results written in out/test_3/cc-pvqz-9_g0_hf.bas.
Number of adapted atomic orbitals			7 MOs 9
converged SCF energy = -75.9762663840104

Reading coord from system/h2o.xyz file.
Number of atomic orbitals (M must be smaller)		35 MOs 115
Running Hartree-Fock+CISD to get density:
converged SCF energy = -76.0647916879969
E(RCISD) = -76.3686493391332  E_corr = -0.3038576511363358
Number of electrons (should be 10) = 10.005724
Starting reduction with target 9 and 0 constraint ...
Results written in out/test_3/cc-pvqz-9_g0_cisd.bas.
Traceback (most recent call last):
  File "/users/home/lygatsika/code/env/lib/python3.11/site-packages/pyscf/gto/basis/__init__.py", line 503, in load
    b = parse_nwchem.load(filename_or_basisname, symb, optimize)
        ^^^^^^^^^^^^^^^^^^^^^^^^^^^^^^^^^^^^^^^^^^^^^^^^^^^^^^^^
  File "/users/home/lygatsika/code/env/lib/python3.11/site-packages/pyscf/gto/basis/parse_nwchem.py", line 101, in load
    return _parse(raw_basis, optimize)
           ^^^^^^^^^^^^^^^^^^^^^^^^^^^
  File "/users/home/lygatsika/code/env/lib/python3.11/site-packages/pyscf/gto/basis/parse_nwchem.py", line 140, in _parse
    raise BasisNotFoundError(f'Basis data not found in "{raw_basis}"')
pyscf.lib.exceptions.BasisNotFoundError: Basis data not found in "[]"

During handling of the above exception, another exception occurred:

Traceback (most recent call last):
  File "/users/home/lygatsika/code/env/adapt/main.py", line 182, in <module>
    input_basis = utils.create_nw_basis(coord, out_file_nw)
                  ^^^^^^^^^^^^^^^^^^^^^^^^^^^^^^^^^^^^^^^^^
  File "/users/home/lygatsika/code/env/adapt/src/utils.py", line 70, in create_nw_basis
    ao_basis[elem] = gto.basis.load(file_nw, elem)
                     ^^^^^^^^^^^^^^^^^^^^^^^^^^^^^
  File "/users/home/lygatsika/code/env/lib/python3.11/site-packages/pyscf/gto/basis/__init__.py", line 506, in load
    b =  parse_nwchem.parse(fin.read(), symb)
         ^^^^^^^^^^^^^^^^^^^^^^^^^^^^^^^^^^^^
  File "/users/home/lygatsika/code/env/lib/python3.11/site-packages/pyscf/gto/basis/parse_nwchem.py", line 89, in parse
    raise BasisNotFoundError('Basis not found for %s' % symb)
pyscf.lib.exceptions.BasisNotFoundError: Basis not found for H

Reading coord from system/h2o.xyz file.
Number of atomic orbitals (M must be smaller)		35 MOs 115
Running Hartree-Fock to get density:
converged SCF energy = -76.0647916879968
Number of electrons (should be 10) = 10.000000
Starting reduction with target 9 and 0 constraint ...
Results written in out/test_3/cc-pvqz-9_g1_hf.bas.
Number of adapted atomic orbitals			8 MOs 12
converged SCF energy = -75.9985588165412

Reading coord from system/h2o.xyz file.
Number of atomic orbitals (M must be smaller)		35 MOs 115
Running Hartree-Fock+CISD to get density:
converged SCF energy = -76.0647916879969
E(RCISD) = -76.36864933913319  E_corr = -0.3038576511363192
Number of electrons (should be 10) = 10.004855
Starting reduction with target 9 and 0 constraint ...
Results written in out/test_3/cc-pvqz-9_g1_cisd.bas.
Traceback (most recent call last):
  File "/users/home/lygatsika/code/env/lib/python3.11/site-packages/pyscf/gto/basis/__init__.py", line 503, in load
    b = parse_nwchem.load(filename_or_basisname, symb, optimize)
        ^^^^^^^^^^^^^^^^^^^^^^^^^^^^^^^^^^^^^^^^^^^^^^^^^^^^^^^^
  File "/users/home/lygatsika/code/env/lib/python3.11/site-packages/pyscf/gto/basis/parse_nwchem.py", line 101, in load
    return _parse(raw_basis, optimize)
           ^^^^^^^^^^^^^^^^^^^^^^^^^^^
  File "/users/home/lygatsika/code/env/lib/python3.11/site-packages/pyscf/gto/basis/parse_nwchem.py", line 140, in _parse
    raise BasisNotFoundError(f'Basis data not found in "{raw_basis}"')
pyscf.lib.exceptions.BasisNotFoundError: Basis data not found in "[]"

During handling of the above exception, another exception occurred:

Traceback (most recent call last):
  File "/users/home/lygatsika/code/env/adapt/main.py", line 182, in <module>
    input_basis = utils.create_nw_basis(coord, out_file_nw)
                  ^^^^^^^^^^^^^^^^^^^^^^^^^^^^^^^^^^^^^^^^^
  File "/users/home/lygatsika/code/env/adapt/src/utils.py", line 70, in create_nw_basis
    ao_basis[elem] = gto.basis.load(file_nw, elem)
                     ^^^^^^^^^^^^^^^^^^^^^^^^^^^^^
  File "/users/home/lygatsika/code/env/lib/python3.11/site-packages/pyscf/gto/basis/__init__.py", line 506, in load
    b =  parse_nwchem.parse(fin.read(), symb)
         ^^^^^^^^^^^^^^^^^^^^^^^^^^^^^^^^^^^^
  File "/users/home/lygatsika/code/env/lib/python3.11/site-packages/pyscf/gto/basis/parse_nwchem.py", line 89, in parse
    raise BasisNotFoundError('Basis not found for %s' % symb)
pyscf.lib.exceptions.BasisNotFoundError: Basis not found for H

Reading coord from system/h2o.xyz file.
Number of atomic orbitals (M must be smaller)		35 MOs 115
Running Hartree-Fock to get density:
converged SCF energy = -76.0647916879969
Number of electrons (should be 10) = 10.000000
Starting reduction with target 10 and 0 constraint ...
Results written in out/test_3/cc-pvqz-10_g0_hf.bas.
Number of adapted atomic orbitals			7 MOs 9
converged SCF energy = -75.9762663840104

Reading coord from system/h2o.xyz file.
Number of atomic orbitals (M must be smaller)		35 MOs 115
Running Hartree-Fock+CISD to get density:
converged SCF energy = -76.0647916879969
E(RCISD) = -76.36864933913323  E_corr = -0.3038576511363434
Number of electrons (should be 10) = 9.988154
Starting reduction with target 10 and 0 constraint ...
Results written in out/test_3/cc-pvqz-10_g0_cisd.bas.
Traceback (most recent call last):
  File "/users/home/lygatsika/code/env/lib/python3.11/site-packages/pyscf/gto/basis/__init__.py", line 503, in load
    b = parse_nwchem.load(filename_or_basisname, symb, optimize)
        ^^^^^^^^^^^^^^^^^^^^^^^^^^^^^^^^^^^^^^^^^^^^^^^^^^^^^^^^
  File "/users/home/lygatsika/code/env/lib/python3.11/site-packages/pyscf/gto/basis/parse_nwchem.py", line 101, in load
    return _parse(raw_basis, optimize)
           ^^^^^^^^^^^^^^^^^^^^^^^^^^^
  File "/users/home/lygatsika/code/env/lib/python3.11/site-packages/pyscf/gto/basis/parse_nwchem.py", line 140, in _parse
    raise BasisNotFoundError(f'Basis data not found in "{raw_basis}"')
pyscf.lib.exceptions.BasisNotFoundError: Basis data not found in "[]"

During handling of the above exception, another exception occurred:

Traceback (most recent call last):
  File "/users/home/lygatsika/code/env/adapt/main.py", line 182, in <module>
    input_basis = utils.create_nw_basis(coord, out_file_nw)
                  ^^^^^^^^^^^^^^^^^^^^^^^^^^^^^^^^^^^^^^^^^
  File "/users/home/lygatsika/code/env/adapt/src/utils.py", line 70, in create_nw_basis
    ao_basis[elem] = gto.basis.load(file_nw, elem)
                     ^^^^^^^^^^^^^^^^^^^^^^^^^^^^^
  File "/users/home/lygatsika/code/env/lib/python3.11/site-packages/pyscf/gto/basis/__init__.py", line 506, in load
    b =  parse_nwchem.parse(fin.read(), symb)
         ^^^^^^^^^^^^^^^^^^^^^^^^^^^^^^^^^^^^
  File "/users/home/lygatsika/code/env/lib/python3.11/site-packages/pyscf/gto/basis/parse_nwchem.py", line 89, in parse
    raise BasisNotFoundError('Basis not found for %s' % symb)
pyscf.lib.exceptions.BasisNotFoundError: Basis not found for H

Reading coord from system/h2o.xyz file.
Number of atomic orbitals (M must be smaller)		35 MOs 115
Running Hartree-Fock to get density:
converged SCF energy = -76.0647916879968
Number of electrons (should be 10) = 10.000000
Starting reduction with target 10 and 0 constraint ...
Results written in out/test_3/cc-pvqz-10_g1_hf.bas.
Number of adapted atomic orbitals			9 MOs 13
converged SCF energy = -76.0057084451218

Reading coord from system/h2o.xyz file.
Number of atomic orbitals (M must be smaller)		35 MOs 115
Running Hartree-Fock+CISD to get density:
converged SCF energy = -76.0647916879969
E(RCISD) = -76.36864933913317  E_corr = -0.303857651136312
Number of electrons (should be 10) = 10.004938
Starting reduction with target 10 and 0 constraint ...
Results written in out/test_3/cc-pvqz-10_g1_cisd.bas.
Traceback (most recent call last):
  File "/users/home/lygatsika/code/env/lib/python3.11/site-packages/pyscf/gto/basis/__init__.py", line 503, in load
    b = parse_nwchem.load(filename_or_basisname, symb, optimize)
        ^^^^^^^^^^^^^^^^^^^^^^^^^^^^^^^^^^^^^^^^^^^^^^^^^^^^^^^^
  File "/users/home/lygatsika/code/env/lib/python3.11/site-packages/pyscf/gto/basis/parse_nwchem.py", line 101, in load
    return _parse(raw_basis, optimize)
           ^^^^^^^^^^^^^^^^^^^^^^^^^^^
  File "/users/home/lygatsika/code/env/lib/python3.11/site-packages/pyscf/gto/basis/parse_nwchem.py", line 140, in _parse
    raise BasisNotFoundError(f'Basis data not found in "{raw_basis}"')
pyscf.lib.exceptions.BasisNotFoundError: Basis data not found in "[]"

During handling of the above exception, another exception occurred:

Traceback (most recent call last):
  File "/users/home/lygatsika/code/env/adapt/main.py", line 182, in <module>
    input_basis = utils.create_nw_basis(coord, out_file_nw)
                  ^^^^^^^^^^^^^^^^^^^^^^^^^^^^^^^^^^^^^^^^^
  File "/users/home/lygatsika/code/env/adapt/src/utils.py", line 70, in create_nw_basis
    ao_basis[elem] = gto.basis.load(file_nw, elem)
                     ^^^^^^^^^^^^^^^^^^^^^^^^^^^^^
  File "/users/home/lygatsika/code/env/lib/python3.11/site-packages/pyscf/gto/basis/__init__.py", line 506, in load
    b =  parse_nwchem.parse(fin.read(), symb)
         ^^^^^^^^^^^^^^^^^^^^^^^^^^^^^^^^^^^^
  File "/users/home/lygatsika/code/env/lib/python3.11/site-packages/pyscf/gto/basis/parse_nwchem.py", line 89, in parse
    raise BasisNotFoundError('Basis not found for %s' % symb)
pyscf.lib.exceptions.BasisNotFoundError: Basis not found for H

Reading coord from system/h2o.xyz file.
Number of atomic orbitals (M must be smaller)		35 MOs 115
Running Hartree-Fock to get density:
converged SCF energy = -76.0647916879967
Number of electrons (should be 10) = 10.000000
Starting reduction with target 11 and 0 constraint ...
Results written in out/test_3/cc-pvqz-11_g0_hf.bas.
Number of adapted atomic orbitals			8 MOs 12
converged SCF energy = -75.9985588165412

Reading coord from system/h2o.xyz file.
Number of atomic orbitals (M must be smaller)		35 MOs 115
Running Hartree-Fock+CISD to get density:
converged SCF energy = -76.0647916879968
E(RCISD) = -76.36864933913314  E_corr = -0.3038576511363152
Number of electrons (should be 10) = 10.005394
Starting reduction with target 11 and 0 constraint ...
Results written in out/test_3/cc-pvqz-11_g0_cisd.bas.
Traceback (most recent call last):
  File "/users/home/lygatsika/code/env/lib/python3.11/site-packages/pyscf/gto/basis/__init__.py", line 503, in load
    b = parse_nwchem.load(filename_or_basisname, symb, optimize)
        ^^^^^^^^^^^^^^^^^^^^^^^^^^^^^^^^^^^^^^^^^^^^^^^^^^^^^^^^
  File "/users/home/lygatsika/code/env/lib/python3.11/site-packages/pyscf/gto/basis/parse_nwchem.py", line 101, in load
    return _parse(raw_basis, optimize)
           ^^^^^^^^^^^^^^^^^^^^^^^^^^^
  File "/users/home/lygatsika/code/env/lib/python3.11/site-packages/pyscf/gto/basis/parse_nwchem.py", line 140, in _parse
    raise BasisNotFoundError(f'Basis data not found in "{raw_basis}"')
pyscf.lib.exceptions.BasisNotFoundError: Basis data not found in "[]"

During handling of the above exception, another exception occurred:

Traceback (most recent call last):
  File "/users/home/lygatsika/code/env/adapt/main.py", line 182, in <module>
    input_basis = utils.create_nw_basis(coord, out_file_nw)
                  ^^^^^^^^^^^^^^^^^^^^^^^^^^^^^^^^^^^^^^^^^
  File "/users/home/lygatsika/code/env/adapt/src/utils.py", line 70, in create_nw_basis
    ao_basis[elem] = gto.basis.load(file_nw, elem)
                     ^^^^^^^^^^^^^^^^^^^^^^^^^^^^^
  File "/users/home/lygatsika/code/env/lib/python3.11/site-packages/pyscf/gto/basis/__init__.py", line 506, in load
    b =  parse_nwchem.parse(fin.read(), symb)
         ^^^^^^^^^^^^^^^^^^^^^^^^^^^^^^^^^^^^
  File "/users/home/lygatsika/code/env/lib/python3.11/site-packages/pyscf/gto/basis/parse_nwchem.py", line 89, in parse
    raise BasisNotFoundError('Basis not found for %s' % symb)
pyscf.lib.exceptions.BasisNotFoundError: Basis not found for H

Reading coord from system/h2o.xyz file.
Number of atomic orbitals (M must be smaller)		35 MOs 115
Running Hartree-Fock to get density:
converged SCF energy = -76.0647916879968
Number of electrons (should be 10) = 10.000000
Starting reduction with target 11 and 0 constraint ...
Results written in out/test_3/cc-pvqz-11_g1_hf.bas.
Number of adapted atomic orbitals			11 MOs 15
converged SCF energy = -76.0213802622558

Reading coord from system/h2o.xyz file.
Number of atomic orbitals (M must be smaller)		35 MOs 115
Running Hartree-Fock+CISD to get density:
converged SCF energy = -76.0647916879971
E(RCISD) = -76.3686493391334  E_corr = -0.3038576511363371
Number of electrons (should be 10) = 9.990014
Starting reduction with target 11 and 0 constraint ...
Results written in out/test_3/cc-pvqz-11_g1_cisd.bas.
Traceback (most recent call last):
  File "/users/home/lygatsika/code/env/lib/python3.11/site-packages/pyscf/gto/basis/__init__.py", line 503, in load
    b = parse_nwchem.load(filename_or_basisname, symb, optimize)
        ^^^^^^^^^^^^^^^^^^^^^^^^^^^^^^^^^^^^^^^^^^^^^^^^^^^^^^^^
  File "/users/home/lygatsika/code/env/lib/python3.11/site-packages/pyscf/gto/basis/parse_nwchem.py", line 101, in load
    return _parse(raw_basis, optimize)
           ^^^^^^^^^^^^^^^^^^^^^^^^^^^
  File "/users/home/lygatsika/code/env/lib/python3.11/site-packages/pyscf/gto/basis/parse_nwchem.py", line 140, in _parse
    raise BasisNotFoundError(f'Basis data not found in "{raw_basis}"')
pyscf.lib.exceptions.BasisNotFoundError: Basis data not found in "[]"

During handling of the above exception, another exception occurred:

Traceback (most recent call last):
  File "/users/home/lygatsika/code/env/adapt/main.py", line 182, in <module>
    input_basis = utils.create_nw_basis(coord, out_file_nw)
                  ^^^^^^^^^^^^^^^^^^^^^^^^^^^^^^^^^^^^^^^^^
  File "/users/home/lygatsika/code/env/adapt/src/utils.py", line 70, in create_nw_basis
    ao_basis[elem] = gto.basis.load(file_nw, elem)
                     ^^^^^^^^^^^^^^^^^^^^^^^^^^^^^
  File "/users/home/lygatsika/code/env/lib/python3.11/site-packages/pyscf/gto/basis/__init__.py", line 506, in load
    b =  parse_nwchem.parse(fin.read(), symb)
         ^^^^^^^^^^^^^^^^^^^^^^^^^^^^^^^^^^^^
  File "/users/home/lygatsika/code/env/lib/python3.11/site-packages/pyscf/gto/basis/parse_nwchem.py", line 89, in parse
    raise BasisNotFoundError('Basis not found for %s' % symb)
pyscf.lib.exceptions.BasisNotFoundError: Basis not found for H

Reading coord from system/h2o.xyz file.
Number of atomic orbitals (M must be smaller)		35 MOs 115
Running Hartree-Fock to get density:
converged SCF energy = -76.0647916879969
Number of electrons (should be 10) = 10.000000
Starting reduction with target 12 and 0 constraint ...
Results written in out/test_3/cc-pvqz-12_g0_hf.bas.
Number of adapted atomic orbitals			9 MOs 13
converged SCF energy = -76.0057084451218

Reading coord from system/h2o.xyz file.
Number of atomic orbitals (M must be smaller)		35 MOs 115
Running Hartree-Fock+CISD to get density:
converged SCF energy = -76.0647916879968
E(RCISD) = -76.3686493391331  E_corr = -0.3038576511362857
Number of electrons (should be 10) = 10.004996
Starting reduction with target 12 and 0 constraint ...
Results written in out/test_3/cc-pvqz-12_g0_cisd.bas.
Traceback (most recent call last):
  File "/users/home/lygatsika/code/env/lib/python3.11/site-packages/pyscf/gto/basis/__init__.py", line 503, in load
    b = parse_nwchem.load(filename_or_basisname, symb, optimize)
        ^^^^^^^^^^^^^^^^^^^^^^^^^^^^^^^^^^^^^^^^^^^^^^^^^^^^^^^^
  File "/users/home/lygatsika/code/env/lib/python3.11/site-packages/pyscf/gto/basis/parse_nwchem.py", line 101, in load
    return _parse(raw_basis, optimize)
           ^^^^^^^^^^^^^^^^^^^^^^^^^^^
  File "/users/home/lygatsika/code/env/lib/python3.11/site-packages/pyscf/gto/basis/parse_nwchem.py", line 140, in _parse
    raise BasisNotFoundError(f'Basis data not found in "{raw_basis}"')
pyscf.lib.exceptions.BasisNotFoundError: Basis data not found in "[]"

During handling of the above exception, another exception occurred:

Traceback (most recent call last):
  File "/users/home/lygatsika/code/env/adapt/main.py", line 182, in <module>
    input_basis = utils.create_nw_basis(coord, out_file_nw)
                  ^^^^^^^^^^^^^^^^^^^^^^^^^^^^^^^^^^^^^^^^^
  File "/users/home/lygatsika/code/env/adapt/src/utils.py", line 70, in create_nw_basis
    ao_basis[elem] = gto.basis.load(file_nw, elem)
                     ^^^^^^^^^^^^^^^^^^^^^^^^^^^^^
  File "/users/home/lygatsika/code/env/lib/python3.11/site-packages/pyscf/gto/basis/__init__.py", line 506, in load
    b =  parse_nwchem.parse(fin.read(), symb)
         ^^^^^^^^^^^^^^^^^^^^^^^^^^^^^^^^^^^^
  File "/users/home/lygatsika/code/env/lib/python3.11/site-packages/pyscf/gto/basis/parse_nwchem.py", line 89, in parse
    raise BasisNotFoundError('Basis not found for %s' % symb)
pyscf.lib.exceptions.BasisNotFoundError: Basis not found for H

Reading coord from system/h2o.xyz file.
Number of atomic orbitals (M must be smaller)		35 MOs 115
Running Hartree-Fock to get density:
converged SCF energy = -76.0647916879969
Number of electrons (should be 10) = 10.000000
Starting reduction with target 12 and 0 constraint ...
Results written in out/test_3/cc-pvqz-12_g1_hf.bas.
Number of adapted atomic orbitals			11 MOs 15
converged SCF energy = -76.0213802622558

Reading coord from system/h2o.xyz file.
Number of atomic orbitals (M must be smaller)		35 MOs 115
Running Hartree-Fock+CISD to get density:
converged SCF energy = -76.0647916879969
E(RCISD) = -76.36864933913323  E_corr = -0.3038576511363693
Number of electrons (should be 10) = 9.989691
Starting reduction with target 12 and 0 constraint ...
Results written in out/test_3/cc-pvqz-12_g1_cisd.bas.
Traceback (most recent call last):
  File "/users/home/lygatsika/code/env/lib/python3.11/site-packages/pyscf/gto/basis/__init__.py", line 503, in load
    b = parse_nwchem.load(filename_or_basisname, symb, optimize)
        ^^^^^^^^^^^^^^^^^^^^^^^^^^^^^^^^^^^^^^^^^^^^^^^^^^^^^^^^
  File "/users/home/lygatsika/code/env/lib/python3.11/site-packages/pyscf/gto/basis/parse_nwchem.py", line 101, in load
    return _parse(raw_basis, optimize)
           ^^^^^^^^^^^^^^^^^^^^^^^^^^^
  File "/users/home/lygatsika/code/env/lib/python3.11/site-packages/pyscf/gto/basis/parse_nwchem.py", line 140, in _parse
    raise BasisNotFoundError(f'Basis data not found in "{raw_basis}"')
pyscf.lib.exceptions.BasisNotFoundError: Basis data not found in "[]"

During handling of the above exception, another exception occurred:

Traceback (most recent call last):
  File "/users/home/lygatsika/code/env/adapt/main.py", line 182, in <module>
    input_basis = utils.create_nw_basis(coord, out_file_nw)
                  ^^^^^^^^^^^^^^^^^^^^^^^^^^^^^^^^^^^^^^^^^
  File "/users/home/lygatsika/code/env/adapt/src/utils.py", line 70, in create_nw_basis
    ao_basis[elem] = gto.basis.load(file_nw, elem)
                     ^^^^^^^^^^^^^^^^^^^^^^^^^^^^^
  File "/users/home/lygatsika/code/env/lib/python3.11/site-packages/pyscf/gto/basis/__init__.py", line 506, in load
    b =  parse_nwchem.parse(fin.read(), symb)
         ^^^^^^^^^^^^^^^^^^^^^^^^^^^^^^^^^^^^
  File "/users/home/lygatsika/code/env/lib/python3.11/site-packages/pyscf/gto/basis/parse_nwchem.py", line 89, in parse
    raise BasisNotFoundError('Basis not found for %s' % symb)
pyscf.lib.exceptions.BasisNotFoundError: Basis not found for H

Reading coord from system/h2o.xyz file.
Number of atomic orbitals (M must be smaller)		35 MOs 115
Running Hartree-Fock to get density:
converged SCF energy = -76.0647916879967
Number of electrons (should be 10) = 10.000000
Starting reduction with target 13 and 0 constraint ...
Results written in out/test_3/cc-pvqz-13_g0_hf.bas.
Number of adapted atomic orbitals			11 MOs 15
converged SCF energy = -76.0213802622559

Reading coord from system/h2o.xyz file.
Number of atomic orbitals (M must be smaller)		35 MOs 115
Running Hartree-Fock+CISD to get density:
converged SCF energy = -76.0647916879969
E(RCISD) = -76.36864933913314  E_corr = -0.3038576511362587
Number of electrons (should be 10) = 10.004799
Starting reduction with target 13 and 0 constraint ...
Results written in out/test_3/cc-pvqz-13_g0_cisd.bas.
Traceback (most recent call last):
  File "/users/home/lygatsika/code/env/lib/python3.11/site-packages/pyscf/gto/basis/__init__.py", line 503, in load
    b = parse_nwchem.load(filename_or_basisname, symb, optimize)
        ^^^^^^^^^^^^^^^^^^^^^^^^^^^^^^^^^^^^^^^^^^^^^^^^^^^^^^^^
  File "/users/home/lygatsika/code/env/lib/python3.11/site-packages/pyscf/gto/basis/parse_nwchem.py", line 101, in load
    return _parse(raw_basis, optimize)
           ^^^^^^^^^^^^^^^^^^^^^^^^^^^
  File "/users/home/lygatsika/code/env/lib/python3.11/site-packages/pyscf/gto/basis/parse_nwchem.py", line 140, in _parse
    raise BasisNotFoundError(f'Basis data not found in "{raw_basis}"')
pyscf.lib.exceptions.BasisNotFoundError: Basis data not found in "[]"

During handling of the above exception, another exception occurred:

Traceback (most recent call last):
  File "/users/home/lygatsika/code/env/adapt/main.py", line 182, in <module>
    input_basis = utils.create_nw_basis(coord, out_file_nw)
                  ^^^^^^^^^^^^^^^^^^^^^^^^^^^^^^^^^^^^^^^^^
  File "/users/home/lygatsika/code/env/adapt/src/utils.py", line 70, in create_nw_basis
    ao_basis[elem] = gto.basis.load(file_nw, elem)
                     ^^^^^^^^^^^^^^^^^^^^^^^^^^^^^
  File "/users/home/lygatsika/code/env/lib/python3.11/site-packages/pyscf/gto/basis/__init__.py", line 506, in load
    b =  parse_nwchem.parse(fin.read(), symb)
         ^^^^^^^^^^^^^^^^^^^^^^^^^^^^^^^^^^^^
  File "/users/home/lygatsika/code/env/lib/python3.11/site-packages/pyscf/gto/basis/parse_nwchem.py", line 89, in parse
    raise BasisNotFoundError('Basis not found for %s' % symb)
pyscf.lib.exceptions.BasisNotFoundError: Basis not found for H

Reading coord from system/h2o.xyz file.
Number of atomic orbitals (M must be smaller)		35 MOs 115
Running Hartree-Fock to get density:
converged SCF energy = -76.0647916879968
Number of electrons (should be 10) = 10.000000
Starting reduction with target 13 and 0 constraint ...
Results written in out/test_3/cc-pvqz-13_g1_hf.bas.
Number of adapted atomic orbitals			11 MOs 15
converged SCF energy = -76.0213802622558

Reading coord from system/h2o.xyz file.
Number of atomic orbitals (M must be smaller)		35 MOs 115
Running Hartree-Fock+CISD to get density:
converged SCF energy = -76.0647916879968
E(RCISD) = -76.36864933913314  E_corr = -0.3038576511363109
Number of electrons (should be 10) = 10.005306
Starting reduction with target 13 and 0 constraint ...
Results written in out/test_3/cc-pvqz-13_g1_cisd.bas.
Traceback (most recent call last):
  File "/users/home/lygatsika/code/env/lib/python3.11/site-packages/pyscf/gto/basis/__init__.py", line 503, in load
    b = parse_nwchem.load(filename_or_basisname, symb, optimize)
        ^^^^^^^^^^^^^^^^^^^^^^^^^^^^^^^^^^^^^^^^^^^^^^^^^^^^^^^^
  File "/users/home/lygatsika/code/env/lib/python3.11/site-packages/pyscf/gto/basis/parse_nwchem.py", line 101, in load
    return _parse(raw_basis, optimize)
           ^^^^^^^^^^^^^^^^^^^^^^^^^^^
  File "/users/home/lygatsika/code/env/lib/python3.11/site-packages/pyscf/gto/basis/parse_nwchem.py", line 140, in _parse
    raise BasisNotFoundError(f'Basis data not found in "{raw_basis}"')
pyscf.lib.exceptions.BasisNotFoundError: Basis data not found in "[]"

During handling of the above exception, another exception occurred:

Traceback (most recent call last):
  File "/users/home/lygatsika/code/env/adapt/main.py", line 182, in <module>
    input_basis = utils.create_nw_basis(coord, out_file_nw)
                  ^^^^^^^^^^^^^^^^^^^^^^^^^^^^^^^^^^^^^^^^^
  File "/users/home/lygatsika/code/env/adapt/src/utils.py", line 70, in create_nw_basis
    ao_basis[elem] = gto.basis.load(file_nw, elem)
                     ^^^^^^^^^^^^^^^^^^^^^^^^^^^^^
  File "/users/home/lygatsika/code/env/lib/python3.11/site-packages/pyscf/gto/basis/__init__.py", line 506, in load
    b =  parse_nwchem.parse(fin.read(), symb)
         ^^^^^^^^^^^^^^^^^^^^^^^^^^^^^^^^^^^^
  File "/users/home/lygatsika/code/env/lib/python3.11/site-packages/pyscf/gto/basis/parse_nwchem.py", line 89, in parse
    raise BasisNotFoundError('Basis not found for %s' % symb)
pyscf.lib.exceptions.BasisNotFoundError: Basis not found for H

Reading coord from system/h2o.xyz file.
Number of atomic orbitals (M must be smaller)		51 MOs 201
Running Hartree-Fock to get density:
converged SCF energy = -76.0670469671602
Number of electrons (should be 10) = 10.000000
Starting reduction with target 7 and 0 constraint ...
Results written in out/test_3/cc-pv5z-7_g0_hf.bas.
Number of adapted atomic orbitals			5 MOs 7
converged SCF energy = -75.9138353626515

Reading coord from system/h2o.xyz file.
Number of atomic orbitals (M must be smaller)		51 MOs 201
Running Hartree-Fock+CISD to get density:
converged SCF energy = -76.0670469671604
E(RCISD) = -76.38372268723516  E_corr = -0.3166757200747148
Number of electrons (should be 10) = 10.004139
Starting reduction with target 7 and 0 constraint ...
Results written in out/test_3/cc-pv5z-7_g0_cisd.bas.
Traceback (most recent call last):
  File "/users/home/lygatsika/code/env/lib/python3.11/site-packages/pyscf/gto/basis/__init__.py", line 503, in load
    b = parse_nwchem.load(filename_or_basisname, symb, optimize)
        ^^^^^^^^^^^^^^^^^^^^^^^^^^^^^^^^^^^^^^^^^^^^^^^^^^^^^^^^
  File "/users/home/lygatsika/code/env/lib/python3.11/site-packages/pyscf/gto/basis/parse_nwchem.py", line 101, in load
    return _parse(raw_basis, optimize)
           ^^^^^^^^^^^^^^^^^^^^^^^^^^^
  File "/users/home/lygatsika/code/env/lib/python3.11/site-packages/pyscf/gto/basis/parse_nwchem.py", line 140, in _parse
    raise BasisNotFoundError(f'Basis data not found in "{raw_basis}"')
pyscf.lib.exceptions.BasisNotFoundError: Basis data not found in "[]"

During handling of the above exception, another exception occurred:

Traceback (most recent call last):
  File "/users/home/lygatsika/code/env/adapt/main.py", line 182, in <module>
    input_basis = utils.create_nw_basis(coord, out_file_nw)
                  ^^^^^^^^^^^^^^^^^^^^^^^^^^^^^^^^^^^^^^^^^
  File "/users/home/lygatsika/code/env/adapt/src/utils.py", line 70, in create_nw_basis
    ao_basis[elem] = gto.basis.load(file_nw, elem)
                     ^^^^^^^^^^^^^^^^^^^^^^^^^^^^^
  File "/users/home/lygatsika/code/env/lib/python3.11/site-packages/pyscf/gto/basis/__init__.py", line 506, in load
    b =  parse_nwchem.parse(fin.read(), symb)
         ^^^^^^^^^^^^^^^^^^^^^^^^^^^^^^^^^^^^
  File "/users/home/lygatsika/code/env/lib/python3.11/site-packages/pyscf/gto/basis/parse_nwchem.py", line 89, in parse
    raise BasisNotFoundError('Basis not found for %s' % symb)
pyscf.lib.exceptions.BasisNotFoundError: Basis not found for H

Reading coord from system/h2o.xyz file.
Number of atomic orbitals (M must be smaller)		51 MOs 201
Running Hartree-Fock to get density:
converged SCF energy = -76.0670469671602
Number of electrons (should be 10) = 10.000000
Starting reduction with target 7 and 0 constraint ...
Results written in out/test_3/cc-pv5z-7_g1_hf.bas.
Number of adapted atomic orbitals			7 MOs 9
converged SCF energy = -75.9938437554121

Reading coord from system/h2o.xyz file.
Number of atomic orbitals (M must be smaller)		51 MOs 201
Running Hartree-Fock+CISD to get density:
converged SCF energy = -76.0670469671604
E(RCISD) = -76.38372268723512  E_corr = -0.3166757200747314
Number of electrons (should be 10) = 10.016540
Starting reduction with target 7 and 0 constraint ...
Results written in out/test_3/cc-pv5z-7_g1_cisd.bas.
Traceback (most recent call last):
  File "/users/home/lygatsika/code/env/lib/python3.11/site-packages/pyscf/gto/basis/__init__.py", line 503, in load
    b = parse_nwchem.load(filename_or_basisname, symb, optimize)
        ^^^^^^^^^^^^^^^^^^^^^^^^^^^^^^^^^^^^^^^^^^^^^^^^^^^^^^^^
  File "/users/home/lygatsika/code/env/lib/python3.11/site-packages/pyscf/gto/basis/parse_nwchem.py", line 101, in load
    return _parse(raw_basis, optimize)
           ^^^^^^^^^^^^^^^^^^^^^^^^^^^
  File "/users/home/lygatsika/code/env/lib/python3.11/site-packages/pyscf/gto/basis/parse_nwchem.py", line 140, in _parse
    raise BasisNotFoundError(f'Basis data not found in "{raw_basis}"')
pyscf.lib.exceptions.BasisNotFoundError: Basis data not found in "[]"

During handling of the above exception, another exception occurred:

Traceback (most recent call last):
  File "/users/home/lygatsika/code/env/adapt/main.py", line 182, in <module>
    input_basis = utils.create_nw_basis(coord, out_file_nw)
                  ^^^^^^^^^^^^^^^^^^^^^^^^^^^^^^^^^^^^^^^^^
  File "/users/home/lygatsika/code/env/adapt/src/utils.py", line 70, in create_nw_basis
    ao_basis[elem] = gto.basis.load(file_nw, elem)
                     ^^^^^^^^^^^^^^^^^^^^^^^^^^^^^
  File "/users/home/lygatsika/code/env/lib/python3.11/site-packages/pyscf/gto/basis/__init__.py", line 506, in load
    b =  parse_nwchem.parse(fin.read(), symb)
         ^^^^^^^^^^^^^^^^^^^^^^^^^^^^^^^^^^^^
  File "/users/home/lygatsika/code/env/lib/python3.11/site-packages/pyscf/gto/basis/parse_nwchem.py", line 89, in parse
    raise BasisNotFoundError('Basis not found for %s' % symb)
pyscf.lib.exceptions.BasisNotFoundError: Basis not found for H

Reading coord from system/h2o.xyz file.
Number of atomic orbitals (M must be smaller)		51 MOs 201
Running Hartree-Fock to get density:
converged SCF energy = -76.0670469671606
Number of electrons (should be 10) = 10.000000
Starting reduction with target 8 and 0 constraint ...
Results written in out/test_3/cc-pv5z-8_g0_hf.bas.
Number of adapted atomic orbitals			5 MOs 7
converged SCF energy = -75.9138353626514

Reading coord from system/h2o.xyz file.
Number of atomic orbitals (M must be smaller)		51 MOs 201
Running Hartree-Fock+CISD to get density:
converged SCF energy = -76.0670469671604
E(RCISD) = -76.38372268723514  E_corr = -0.3166757200747361
Number of electrons (should be 10) = 10.005227
Starting reduction with target 8 and 0 constraint ...
Results written in out/test_3/cc-pv5z-8_g0_cisd.bas.
Traceback (most recent call last):
  File "/users/home/lygatsika/code/env/lib/python3.11/site-packages/pyscf/gto/basis/__init__.py", line 503, in load
    b = parse_nwchem.load(filename_or_basisname, symb, optimize)
        ^^^^^^^^^^^^^^^^^^^^^^^^^^^^^^^^^^^^^^^^^^^^^^^^^^^^^^^^
  File "/users/home/lygatsika/code/env/lib/python3.11/site-packages/pyscf/gto/basis/parse_nwchem.py", line 101, in load
    return _parse(raw_basis, optimize)
           ^^^^^^^^^^^^^^^^^^^^^^^^^^^
  File "/users/home/lygatsika/code/env/lib/python3.11/site-packages/pyscf/gto/basis/parse_nwchem.py", line 140, in _parse
    raise BasisNotFoundError(f'Basis data not found in "{raw_basis}"')
pyscf.lib.exceptions.BasisNotFoundError: Basis data not found in "[]"

During handling of the above exception, another exception occurred:

Traceback (most recent call last):
  File "/users/home/lygatsika/code/env/adapt/main.py", line 182, in <module>
    input_basis = utils.create_nw_basis(coord, out_file_nw)
                  ^^^^^^^^^^^^^^^^^^^^^^^^^^^^^^^^^^^^^^^^^
  File "/users/home/lygatsika/code/env/adapt/src/utils.py", line 70, in create_nw_basis
    ao_basis[elem] = gto.basis.load(file_nw, elem)
                     ^^^^^^^^^^^^^^^^^^^^^^^^^^^^^
  File "/users/home/lygatsika/code/env/lib/python3.11/site-packages/pyscf/gto/basis/__init__.py", line 506, in load
    b =  parse_nwchem.parse(fin.read(), symb)
         ^^^^^^^^^^^^^^^^^^^^^^^^^^^^^^^^^^^^
  File "/users/home/lygatsika/code/env/lib/python3.11/site-packages/pyscf/gto/basis/parse_nwchem.py", line 89, in parse
    raise BasisNotFoundError('Basis not found for %s' % symb)
pyscf.lib.exceptions.BasisNotFoundError: Basis not found for H

Reading coord from system/h2o.xyz file.
Number of atomic orbitals (M must be smaller)		51 MOs 201
Running Hartree-Fock to get density:
converged SCF energy = -76.0670469671603
Number of electrons (should be 10) = 10.000000
Starting reduction with target 8 and 0 constraint ...
Results written in out/test_3/cc-pv5z-8_g1_hf.bas.
Number of adapted atomic orbitals			7 MOs 9
converged SCF energy = -75.993843755412

Reading coord from system/h2o.xyz file.
Number of atomic orbitals (M must be smaller)		51 MOs 201
Running Hartree-Fock+CISD to get density:
converged SCF energy = -76.0670469671604
E(RCISD) = -76.38372268723512  E_corr = -0.3166757200747111
Number of electrons (should be 10) = 10.005089
Starting reduction with target 8 and 0 constraint ...
Results written in out/test_3/cc-pv5z-8_g1_cisd.bas.
Traceback (most recent call last):
  File "/users/home/lygatsika/code/env/lib/python3.11/site-packages/pyscf/gto/basis/__init__.py", line 503, in load
    b = parse_nwchem.load(filename_or_basisname, symb, optimize)
        ^^^^^^^^^^^^^^^^^^^^^^^^^^^^^^^^^^^^^^^^^^^^^^^^^^^^^^^^
  File "/users/home/lygatsika/code/env/lib/python3.11/site-packages/pyscf/gto/basis/parse_nwchem.py", line 101, in load
    return _parse(raw_basis, optimize)
           ^^^^^^^^^^^^^^^^^^^^^^^^^^^
  File "/users/home/lygatsika/code/env/lib/python3.11/site-packages/pyscf/gto/basis/parse_nwchem.py", line 140, in _parse
    raise BasisNotFoundError(f'Basis data not found in "{raw_basis}"')
pyscf.lib.exceptions.BasisNotFoundError: Basis data not found in "[]"

During handling of the above exception, another exception occurred:

Traceback (most recent call last):
  File "/users/home/lygatsika/code/env/adapt/main.py", line 182, in <module>
    input_basis = utils.create_nw_basis(coord, out_file_nw)
                  ^^^^^^^^^^^^^^^^^^^^^^^^^^^^^^^^^^^^^^^^^
  File "/users/home/lygatsika/code/env/adapt/src/utils.py", line 70, in create_nw_basis
    ao_basis[elem] = gto.basis.load(file_nw, elem)
                     ^^^^^^^^^^^^^^^^^^^^^^^^^^^^^
  File "/users/home/lygatsika/code/env/lib/python3.11/site-packages/pyscf/gto/basis/__init__.py", line 506, in load
    b =  parse_nwchem.parse(fin.read(), symb)
         ^^^^^^^^^^^^^^^^^^^^^^^^^^^^^^^^^^^^
  File "/users/home/lygatsika/code/env/lib/python3.11/site-packages/pyscf/gto/basis/parse_nwchem.py", line 89, in parse
    raise BasisNotFoundError('Basis not found for %s' % symb)
pyscf.lib.exceptions.BasisNotFoundError: Basis not found for H

Reading coord from system/h2o.xyz file.
Number of atomic orbitals (M must be smaller)		51 MOs 201
Running Hartree-Fock to get density:
converged SCF energy = -76.0670469671604
Number of electrons (should be 10) = 10.000000
Starting reduction with target 9 and 0 constraint ...
Results written in out/test_3/cc-pv5z-9_g0_hf.bas.
Number of adapted atomic orbitals			5 MOs 7
converged SCF energy = -75.9138353626515

Reading coord from system/h2o.xyz file.
Number of atomic orbitals (M must be smaller)		51 MOs 201
Running Hartree-Fock+CISD to get density:
converged SCF energy = -76.0670469671604
E(RCISD) = -76.38372268723508  E_corr = -0.3166757200746885
Number of electrons (should be 10) = 10.005068
Starting reduction with target 9 and 0 constraint ...
Results written in out/test_3/cc-pv5z-9_g0_cisd.bas.
Traceback (most recent call last):
  File "/users/home/lygatsika/code/env/lib/python3.11/site-packages/pyscf/gto/basis/__init__.py", line 503, in load
    b = parse_nwchem.load(filename_or_basisname, symb, optimize)
        ^^^^^^^^^^^^^^^^^^^^^^^^^^^^^^^^^^^^^^^^^^^^^^^^^^^^^^^^
  File "/users/home/lygatsika/code/env/lib/python3.11/site-packages/pyscf/gto/basis/parse_nwchem.py", line 101, in load
    return _parse(raw_basis, optimize)
           ^^^^^^^^^^^^^^^^^^^^^^^^^^^
  File "/users/home/lygatsika/code/env/lib/python3.11/site-packages/pyscf/gto/basis/parse_nwchem.py", line 140, in _parse
    raise BasisNotFoundError(f'Basis data not found in "{raw_basis}"')
pyscf.lib.exceptions.BasisNotFoundError: Basis data not found in "[]"

During handling of the above exception, another exception occurred:

Traceback (most recent call last):
  File "/users/home/lygatsika/code/env/adapt/main.py", line 182, in <module>
    input_basis = utils.create_nw_basis(coord, out_file_nw)
                  ^^^^^^^^^^^^^^^^^^^^^^^^^^^^^^^^^^^^^^^^^
  File "/users/home/lygatsika/code/env/adapt/src/utils.py", line 70, in create_nw_basis
    ao_basis[elem] = gto.basis.load(file_nw, elem)
                     ^^^^^^^^^^^^^^^^^^^^^^^^^^^^^
  File "/users/home/lygatsika/code/env/lib/python3.11/site-packages/pyscf/gto/basis/__init__.py", line 506, in load
    b =  parse_nwchem.parse(fin.read(), symb)
         ^^^^^^^^^^^^^^^^^^^^^^^^^^^^^^^^^^^^
  File "/users/home/lygatsika/code/env/lib/python3.11/site-packages/pyscf/gto/basis/parse_nwchem.py", line 89, in parse
    raise BasisNotFoundError('Basis not found for %s' % symb)
pyscf.lib.exceptions.BasisNotFoundError: Basis not found for H

Reading coord from system/h2o.xyz file.
Number of atomic orbitals (M must be smaller)		51 MOs 201
Running Hartree-Fock to get density:
converged SCF energy = -76.0670469671603
Number of electrons (should be 10) = 10.000000
Starting reduction with target 9 and 0 constraint ...
Results written in out/test_3/cc-pv5z-9_g1_hf.bas.
Number of adapted atomic orbitals			8 MOs 10
converged SCF energy = -76.0042261207376

Reading coord from system/h2o.xyz file.
Number of atomic orbitals (M must be smaller)		51 MOs 201
Running Hartree-Fock+CISD to get density:
converged SCF energy = -76.0670469671604
E(RCISD) = -76.38372268723509  E_corr = -0.3166757200747148
Number of electrons (should be 10) = 10.003461
Starting reduction with target 9 and 0 constraint ...
Results written in out/test_3/cc-pv5z-9_g1_cisd.bas.
Traceback (most recent call last):
  File "/users/home/lygatsika/code/env/lib/python3.11/site-packages/pyscf/gto/basis/__init__.py", line 503, in load
    b = parse_nwchem.load(filename_or_basisname, symb, optimize)
        ^^^^^^^^^^^^^^^^^^^^^^^^^^^^^^^^^^^^^^^^^^^^^^^^^^^^^^^^
  File "/users/home/lygatsika/code/env/lib/python3.11/site-packages/pyscf/gto/basis/parse_nwchem.py", line 101, in load
    return _parse(raw_basis, optimize)
           ^^^^^^^^^^^^^^^^^^^^^^^^^^^
  File "/users/home/lygatsika/code/env/lib/python3.11/site-packages/pyscf/gto/basis/parse_nwchem.py", line 140, in _parse
    raise BasisNotFoundError(f'Basis data not found in "{raw_basis}"')
pyscf.lib.exceptions.BasisNotFoundError: Basis data not found in "[]"

During handling of the above exception, another exception occurred:

Traceback (most recent call last):
  File "/users/home/lygatsika/code/env/adapt/main.py", line 182, in <module>
    input_basis = utils.create_nw_basis(coord, out_file_nw)
                  ^^^^^^^^^^^^^^^^^^^^^^^^^^^^^^^^^^^^^^^^^
  File "/users/home/lygatsika/code/env/adapt/src/utils.py", line 70, in create_nw_basis
    ao_basis[elem] = gto.basis.load(file_nw, elem)
                     ^^^^^^^^^^^^^^^^^^^^^^^^^^^^^
  File "/users/home/lygatsika/code/env/lib/python3.11/site-packages/pyscf/gto/basis/__init__.py", line 506, in load
    b =  parse_nwchem.parse(fin.read(), symb)
         ^^^^^^^^^^^^^^^^^^^^^^^^^^^^^^^^^^^^
  File "/users/home/lygatsika/code/env/lib/python3.11/site-packages/pyscf/gto/basis/parse_nwchem.py", line 89, in parse
    raise BasisNotFoundError('Basis not found for %s' % symb)
pyscf.lib.exceptions.BasisNotFoundError: Basis not found for H

Reading coord from system/h2o.xyz file.
Number of atomic orbitals (M must be smaller)		51 MOs 201
Running Hartree-Fock to get density:
converged SCF energy = -76.0670469671604
Number of electrons (should be 10) = 10.000000
Starting reduction with target 10 and 0 constraint ...
Results written in out/test_3/cc-pv5z-10_g0_hf.bas.
Number of adapted atomic orbitals			7 MOs 9
converged SCF energy = -75.9938437554121

Reading coord from system/h2o.xyz file.
Number of atomic orbitals (M must be smaller)		51 MOs 201
Running Hartree-Fock+CISD to get density:
converged SCF energy = -76.0670469671603
E(RCISD) = -76.38372268723508  E_corr = -0.3166757200747358
Number of electrons (should be 10) = 10.017910
Starting reduction with target 10 and 0 constraint ...
Results written in out/test_3/cc-pv5z-10_g0_cisd.bas.
Traceback (most recent call last):
  File "/users/home/lygatsika/code/env/lib/python3.11/site-packages/pyscf/gto/basis/__init__.py", line 503, in load
    b = parse_nwchem.load(filename_or_basisname, symb, optimize)
        ^^^^^^^^^^^^^^^^^^^^^^^^^^^^^^^^^^^^^^^^^^^^^^^^^^^^^^^^
  File "/users/home/lygatsika/code/env/lib/python3.11/site-packages/pyscf/gto/basis/parse_nwchem.py", line 101, in load
    return _parse(raw_basis, optimize)
           ^^^^^^^^^^^^^^^^^^^^^^^^^^^
  File "/users/home/lygatsika/code/env/lib/python3.11/site-packages/pyscf/gto/basis/parse_nwchem.py", line 140, in _parse
    raise BasisNotFoundError(f'Basis data not found in "{raw_basis}"')
pyscf.lib.exceptions.BasisNotFoundError: Basis data not found in "[]"

During handling of the above exception, another exception occurred:

Traceback (most recent call last):
  File "/users/home/lygatsika/code/env/adapt/main.py", line 182, in <module>
    input_basis = utils.create_nw_basis(coord, out_file_nw)
                  ^^^^^^^^^^^^^^^^^^^^^^^^^^^^^^^^^^^^^^^^^
  File "/users/home/lygatsika/code/env/adapt/src/utils.py", line 70, in create_nw_basis
    ao_basis[elem] = gto.basis.load(file_nw, elem)
                     ^^^^^^^^^^^^^^^^^^^^^^^^^^^^^
  File "/users/home/lygatsika/code/env/lib/python3.11/site-packages/pyscf/gto/basis/__init__.py", line 506, in load
    b =  parse_nwchem.parse(fin.read(), symb)
         ^^^^^^^^^^^^^^^^^^^^^^^^^^^^^^^^^^^^
  File "/users/home/lygatsika/code/env/lib/python3.11/site-packages/pyscf/gto/basis/parse_nwchem.py", line 89, in parse
    raise BasisNotFoundError('Basis not found for %s' % symb)
pyscf.lib.exceptions.BasisNotFoundError: Basis not found for H

Reading coord from system/h2o.xyz file.
Number of atomic orbitals (M must be smaller)		51 MOs 201
Running Hartree-Fock to get density:
converged SCF energy = -76.0670469671603
Number of electrons (should be 10) = 10.000000
Starting reduction with target 10 and 0 constraint ...
Results written in out/test_3/cc-pv5z-10_g1_hf.bas.
Number of adapted atomic orbitals			9 MOs 13
converged SCF energy = -76.0161892308731

Reading coord from system/h2o.xyz file.
Number of atomic orbitals (M must be smaller)		51 MOs 201
Running Hartree-Fock+CISD to get density:
converged SCF energy = -76.0670469671604
E(RCISD) = -76.38372268723512  E_corr = -0.3166757200747479
Number of electrons (should be 10) = 10.004891
Starting reduction with target 10 and 0 constraint ...
Results written in out/test_3/cc-pv5z-10_g1_cisd.bas.
Traceback (most recent call last):
  File "/users/home/lygatsika/code/env/lib/python3.11/site-packages/pyscf/gto/basis/__init__.py", line 503, in load
    b = parse_nwchem.load(filename_or_basisname, symb, optimize)
        ^^^^^^^^^^^^^^^^^^^^^^^^^^^^^^^^^^^^^^^^^^^^^^^^^^^^^^^^
  File "/users/home/lygatsika/code/env/lib/python3.11/site-packages/pyscf/gto/basis/parse_nwchem.py", line 101, in load
    return _parse(raw_basis, optimize)
           ^^^^^^^^^^^^^^^^^^^^^^^^^^^
  File "/users/home/lygatsika/code/env/lib/python3.11/site-packages/pyscf/gto/basis/parse_nwchem.py", line 140, in _parse
    raise BasisNotFoundError(f'Basis data not found in "{raw_basis}"')
pyscf.lib.exceptions.BasisNotFoundError: Basis data not found in "[]"

During handling of the above exception, another exception occurred:

Traceback (most recent call last):
  File "/users/home/lygatsika/code/env/adapt/main.py", line 182, in <module>
    input_basis = utils.create_nw_basis(coord, out_file_nw)
                  ^^^^^^^^^^^^^^^^^^^^^^^^^^^^^^^^^^^^^^^^^
  File "/users/home/lygatsika/code/env/adapt/src/utils.py", line 70, in create_nw_basis
    ao_basis[elem] = gto.basis.load(file_nw, elem)
                     ^^^^^^^^^^^^^^^^^^^^^^^^^^^^^
  File "/users/home/lygatsika/code/env/lib/python3.11/site-packages/pyscf/gto/basis/__init__.py", line 506, in load
    b =  parse_nwchem.parse(fin.read(), symb)
         ^^^^^^^^^^^^^^^^^^^^^^^^^^^^^^^^^^^^
  File "/users/home/lygatsika/code/env/lib/python3.11/site-packages/pyscf/gto/basis/parse_nwchem.py", line 89, in parse
    raise BasisNotFoundError('Basis not found for %s' % symb)
pyscf.lib.exceptions.BasisNotFoundError: Basis not found for H

Reading coord from system/h2o.xyz file.
Number of atomic orbitals (M must be smaller)		51 MOs 201
Running Hartree-Fock to get density:
converged SCF energy = -76.0670469671604
Number of electrons (should be 10) = 10.000000
Starting reduction with target 11 and 0 constraint ...
Results written in out/test_3/cc-pv5z-11_g0_hf.bas.
Number of adapted atomic orbitals			8 MOs 10
converged SCF energy = -76.0042261207375

Reading coord from system/h2o.xyz file.
Number of atomic orbitals (M must be smaller)		51 MOs 201
Running Hartree-Fock+CISD to get density:
converged SCF energy = -76.0670469671604
E(RCISD) = -76.38372268723516  E_corr = -0.3166757200747409
Number of electrons (should be 10) = 10.004844
Starting reduction with target 11 and 0 constraint ...
Results written in out/test_3/cc-pv5z-11_g0_cisd.bas.
Traceback (most recent call last):
  File "/users/home/lygatsika/code/env/lib/python3.11/site-packages/pyscf/gto/basis/__init__.py", line 503, in load
    b = parse_nwchem.load(filename_or_basisname, symb, optimize)
        ^^^^^^^^^^^^^^^^^^^^^^^^^^^^^^^^^^^^^^^^^^^^^^^^^^^^^^^^
  File "/users/home/lygatsika/code/env/lib/python3.11/site-packages/pyscf/gto/basis/parse_nwchem.py", line 101, in load
    return _parse(raw_basis, optimize)
           ^^^^^^^^^^^^^^^^^^^^^^^^^^^
  File "/users/home/lygatsika/code/env/lib/python3.11/site-packages/pyscf/gto/basis/parse_nwchem.py", line 140, in _parse
    raise BasisNotFoundError(f'Basis data not found in "{raw_basis}"')
pyscf.lib.exceptions.BasisNotFoundError: Basis data not found in "[]"

During handling of the above exception, another exception occurred:

Traceback (most recent call last):
  File "/users/home/lygatsika/code/env/adapt/main.py", line 182, in <module>
    input_basis = utils.create_nw_basis(coord, out_file_nw)
                  ^^^^^^^^^^^^^^^^^^^^^^^^^^^^^^^^^^^^^^^^^
  File "/users/home/lygatsika/code/env/adapt/src/utils.py", line 70, in create_nw_basis
    ao_basis[elem] = gto.basis.load(file_nw, elem)
                     ^^^^^^^^^^^^^^^^^^^^^^^^^^^^^
  File "/users/home/lygatsika/code/env/lib/python3.11/site-packages/pyscf/gto/basis/__init__.py", line 506, in load
    b =  parse_nwchem.parse(fin.read(), symb)
         ^^^^^^^^^^^^^^^^^^^^^^^^^^^^^^^^^^^^
  File "/users/home/lygatsika/code/env/lib/python3.11/site-packages/pyscf/gto/basis/parse_nwchem.py", line 89, in parse
    raise BasisNotFoundError('Basis not found for %s' % symb)
pyscf.lib.exceptions.BasisNotFoundError: Basis not found for H

Reading coord from system/h2o.xyz file.
Number of atomic orbitals (M must be smaller)		51 MOs 201
Running Hartree-Fock to get density:
converged SCF energy = -76.0670469671604
Number of electrons (should be 10) = 10.000000
Starting reduction with target 11 and 0 constraint ...
Results written in out/test_3/cc-pv5z-11_g1_hf.bas.
Number of adapted atomic orbitals			10 MOs 16
converged SCF energy = -76.0175647963415

Reading coord from system/h2o.xyz file.
Number of atomic orbitals (M must be smaller)		51 MOs 201
Running Hartree-Fock+CISD to get density:
converged SCF energy = -76.0670469671603
E(RCISD) = -76.38372268723502  E_corr = -0.3166757200747075
Number of electrons (should be 10) = 10.016401
Starting reduction with target 11 and 0 constraint ...
Results written in out/test_3/cc-pv5z-11_g1_cisd.bas.
Traceback (most recent call last):
  File "/users/home/lygatsika/code/env/lib/python3.11/site-packages/pyscf/gto/basis/__init__.py", line 503, in load
    b = parse_nwchem.load(filename_or_basisname, symb, optimize)
        ^^^^^^^^^^^^^^^^^^^^^^^^^^^^^^^^^^^^^^^^^^^^^^^^^^^^^^^^
  File "/users/home/lygatsika/code/env/lib/python3.11/site-packages/pyscf/gto/basis/parse_nwchem.py", line 101, in load
    return _parse(raw_basis, optimize)
           ^^^^^^^^^^^^^^^^^^^^^^^^^^^
  File "/users/home/lygatsika/code/env/lib/python3.11/site-packages/pyscf/gto/basis/parse_nwchem.py", line 140, in _parse
    raise BasisNotFoundError(f'Basis data not found in "{raw_basis}"')
pyscf.lib.exceptions.BasisNotFoundError: Basis data not found in "[]"

During handling of the above exception, another exception occurred:

Traceback (most recent call last):
  File "/users/home/lygatsika/code/env/adapt/main.py", line 182, in <module>
    input_basis = utils.create_nw_basis(coord, out_file_nw)
                  ^^^^^^^^^^^^^^^^^^^^^^^^^^^^^^^^^^^^^^^^^
  File "/users/home/lygatsika/code/env/adapt/src/utils.py", line 70, in create_nw_basis
    ao_basis[elem] = gto.basis.load(file_nw, elem)
                     ^^^^^^^^^^^^^^^^^^^^^^^^^^^^^
  File "/users/home/lygatsika/code/env/lib/python3.11/site-packages/pyscf/gto/basis/__init__.py", line 506, in load
    b =  parse_nwchem.parse(fin.read(), symb)
         ^^^^^^^^^^^^^^^^^^^^^^^^^^^^^^^^^^^^
  File "/users/home/lygatsika/code/env/lib/python3.11/site-packages/pyscf/gto/basis/parse_nwchem.py", line 89, in parse
    raise BasisNotFoundError('Basis not found for %s' % symb)
pyscf.lib.exceptions.BasisNotFoundError: Basis not found for H

Reading coord from system/h2o.xyz file.
Number of atomic orbitals (M must be smaller)		51 MOs 201
Running Hartree-Fock to get density:
converged SCF energy = -76.0670469671606
Number of electrons (should be 10) = 10.000000
Starting reduction with target 12 and 0 constraint ...
Results written in out/test_3/cc-pv5z-12_g0_hf.bas.
Number of adapted atomic orbitals			9 MOs 13
converged SCF energy = -76.0161892308731

Reading coord from system/h2o.xyz file.
Number of atomic orbitals (M must be smaller)		51 MOs 201
Running Hartree-Fock+CISD to get density:
converged SCF energy = -76.0670469671606
E(RCISD) = -76.38372268723539  E_corr = -0.3166757200747558
Number of electrons (should be 10) = 10.003612
Starting reduction with target 12 and 0 constraint ...
Results written in out/test_3/cc-pv5z-12_g0_cisd.bas.
Traceback (most recent call last):
  File "/users/home/lygatsika/code/env/lib/python3.11/site-packages/pyscf/gto/basis/__init__.py", line 503, in load
    b = parse_nwchem.load(filename_or_basisname, symb, optimize)
        ^^^^^^^^^^^^^^^^^^^^^^^^^^^^^^^^^^^^^^^^^^^^^^^^^^^^^^^^
  File "/users/home/lygatsika/code/env/lib/python3.11/site-packages/pyscf/gto/basis/parse_nwchem.py", line 101, in load
    return _parse(raw_basis, optimize)
           ^^^^^^^^^^^^^^^^^^^^^^^^^^^
  File "/users/home/lygatsika/code/env/lib/python3.11/site-packages/pyscf/gto/basis/parse_nwchem.py", line 140, in _parse
    raise BasisNotFoundError(f'Basis data not found in "{raw_basis}"')
pyscf.lib.exceptions.BasisNotFoundError: Basis data not found in "[]"

During handling of the above exception, another exception occurred:

Traceback (most recent call last):
  File "/users/home/lygatsika/code/env/adapt/main.py", line 182, in <module>
    input_basis = utils.create_nw_basis(coord, out_file_nw)
                  ^^^^^^^^^^^^^^^^^^^^^^^^^^^^^^^^^^^^^^^^^
  File "/users/home/lygatsika/code/env/adapt/src/utils.py", line 70, in create_nw_basis
    ao_basis[elem] = gto.basis.load(file_nw, elem)
                     ^^^^^^^^^^^^^^^^^^^^^^^^^^^^^
  File "/users/home/lygatsika/code/env/lib/python3.11/site-packages/pyscf/gto/basis/__init__.py", line 506, in load
    b =  parse_nwchem.parse(fin.read(), symb)
         ^^^^^^^^^^^^^^^^^^^^^^^^^^^^^^^^^^^^
  File "/users/home/lygatsika/code/env/lib/python3.11/site-packages/pyscf/gto/basis/parse_nwchem.py", line 89, in parse
    raise BasisNotFoundError('Basis not found for %s' % symb)
pyscf.lib.exceptions.BasisNotFoundError: Basis not found for H

Reading coord from system/h2o.xyz file.
Number of atomic orbitals (M must be smaller)		51 MOs 201
Running Hartree-Fock to get density:
converged SCF energy = -76.0670469671603
Number of electrons (should be 10) = 10.000000
Starting reduction with target 12 and 0 constraint ...
Results written in out/test_3/cc-pv5z-12_g1_hf.bas.
Number of adapted atomic orbitals			10 MOs 16
converged SCF energy = -76.0175647963415

Reading coord from system/h2o.xyz file.
Number of atomic orbitals (M must be smaller)		51 MOs 201
Running Hartree-Fock+CISD to get density:
converged SCF energy = -76.0670469671602
E(RCISD) = -76.38372268723492  E_corr = -0.3166757200747281
Number of electrons (should be 10) = 10.004481
Starting reduction with target 12 and 0 constraint ...
Results written in out/test_3/cc-pv5z-12_g1_cisd.bas.
Traceback (most recent call last):
  File "/users/home/lygatsika/code/env/lib/python3.11/site-packages/pyscf/gto/basis/__init__.py", line 503, in load
    b = parse_nwchem.load(filename_or_basisname, symb, optimize)
        ^^^^^^^^^^^^^^^^^^^^^^^^^^^^^^^^^^^^^^^^^^^^^^^^^^^^^^^^
  File "/users/home/lygatsika/code/env/lib/python3.11/site-packages/pyscf/gto/basis/parse_nwchem.py", line 101, in load
    return _parse(raw_basis, optimize)
           ^^^^^^^^^^^^^^^^^^^^^^^^^^^
  File "/users/home/lygatsika/code/env/lib/python3.11/site-packages/pyscf/gto/basis/parse_nwchem.py", line 140, in _parse
    raise BasisNotFoundError(f'Basis data not found in "{raw_basis}"')
pyscf.lib.exceptions.BasisNotFoundError: Basis data not found in "[]"

During handling of the above exception, another exception occurred:

Traceback (most recent call last):
  File "/users/home/lygatsika/code/env/adapt/main.py", line 182, in <module>
    input_basis = utils.create_nw_basis(coord, out_file_nw)
                  ^^^^^^^^^^^^^^^^^^^^^^^^^^^^^^^^^^^^^^^^^
  File "/users/home/lygatsika/code/env/adapt/src/utils.py", line 70, in create_nw_basis
    ao_basis[elem] = gto.basis.load(file_nw, elem)
                     ^^^^^^^^^^^^^^^^^^^^^^^^^^^^^
  File "/users/home/lygatsika/code/env/lib/python3.11/site-packages/pyscf/gto/basis/__init__.py", line 506, in load
    b =  parse_nwchem.parse(fin.read(), symb)
         ^^^^^^^^^^^^^^^^^^^^^^^^^^^^^^^^^^^^
  File "/users/home/lygatsika/code/env/lib/python3.11/site-packages/pyscf/gto/basis/parse_nwchem.py", line 89, in parse
    raise BasisNotFoundError('Basis not found for %s' % symb)
pyscf.lib.exceptions.BasisNotFoundError: Basis not found for H

Reading coord from system/h2o.xyz file.
Number of atomic orbitals (M must be smaller)		51 MOs 201
Running Hartree-Fock to get density:
converged SCF energy = -76.0670469671602
Number of electrons (should be 10) = 10.000000
Starting reduction with target 13 and 0 constraint ...
Results written in out/test_3/cc-pv5z-13_g0_hf.bas.
Number of adapted atomic orbitals			9 MOs 13
converged SCF energy = -76.0161892308731

Reading coord from system/h2o.xyz file.
Number of atomic orbitals (M must be smaller)		51 MOs 201
Running Hartree-Fock+CISD to get density:
converged SCF energy = -76.0670469671603
E(RCISD) = -76.38372268723494  E_corr = -0.3166757200747009
Number of electrons (should be 10) = 10.005422
Starting reduction with target 13 and 0 constraint ...
Results written in out/test_3/cc-pv5z-13_g0_cisd.bas.
Traceback (most recent call last):
  File "/users/home/lygatsika/code/env/lib/python3.11/site-packages/pyscf/gto/basis/__init__.py", line 503, in load
    b = parse_nwchem.load(filename_or_basisname, symb, optimize)
        ^^^^^^^^^^^^^^^^^^^^^^^^^^^^^^^^^^^^^^^^^^^^^^^^^^^^^^^^
  File "/users/home/lygatsika/code/env/lib/python3.11/site-packages/pyscf/gto/basis/parse_nwchem.py", line 101, in load
    return _parse(raw_basis, optimize)
           ^^^^^^^^^^^^^^^^^^^^^^^^^^^
  File "/users/home/lygatsika/code/env/lib/python3.11/site-packages/pyscf/gto/basis/parse_nwchem.py", line 140, in _parse
    raise BasisNotFoundError(f'Basis data not found in "{raw_basis}"')
pyscf.lib.exceptions.BasisNotFoundError: Basis data not found in "[]"

During handling of the above exception, another exception occurred:

Traceback (most recent call last):
  File "/users/home/lygatsika/code/env/adapt/main.py", line 182, in <module>
    input_basis = utils.create_nw_basis(coord, out_file_nw)
                  ^^^^^^^^^^^^^^^^^^^^^^^^^^^^^^^^^^^^^^^^^
  File "/users/home/lygatsika/code/env/adapt/src/utils.py", line 70, in create_nw_basis
    ao_basis[elem] = gto.basis.load(file_nw, elem)
                     ^^^^^^^^^^^^^^^^^^^^^^^^^^^^^
  File "/users/home/lygatsika/code/env/lib/python3.11/site-packages/pyscf/gto/basis/__init__.py", line 506, in load
    b =  parse_nwchem.parse(fin.read(), symb)
         ^^^^^^^^^^^^^^^^^^^^^^^^^^^^^^^^^^^^
  File "/users/home/lygatsika/code/env/lib/python3.11/site-packages/pyscf/gto/basis/parse_nwchem.py", line 89, in parse
    raise BasisNotFoundError('Basis not found for %s' % symb)
pyscf.lib.exceptions.BasisNotFoundError: Basis not found for H

Reading coord from system/h2o.xyz file.
Number of atomic orbitals (M must be smaller)		51 MOs 201
Running Hartree-Fock to get density:
converged SCF energy = -76.0670469671602
Number of electrons (should be 10) = 10.000000
Starting reduction with target 13 and 0 constraint ...
Results written in out/test_3/cc-pv5z-13_g1_hf.bas.
Number of adapted atomic orbitals			12 MOs 18
converged SCF energy = -76.021376778691

Reading coord from system/h2o.xyz file.
Number of atomic orbitals (M must be smaller)		51 MOs 201
Running Hartree-Fock+CISD to get density:
converged SCF energy = -76.0670469671605
E(RCISD) = -76.38372268723523  E_corr = -0.3166757200747067
Number of electrons (should be 10) = 10.017836
Starting reduction with target 13 and 0 constraint ...
Results written in out/test_3/cc-pv5z-13_g1_cisd.bas.
Traceback (most recent call last):
  File "/users/home/lygatsika/code/env/lib/python3.11/site-packages/pyscf/gto/basis/__init__.py", line 503, in load
    b = parse_nwchem.load(filename_or_basisname, symb, optimize)
        ^^^^^^^^^^^^^^^^^^^^^^^^^^^^^^^^^^^^^^^^^^^^^^^^^^^^^^^^
  File "/users/home/lygatsika/code/env/lib/python3.11/site-packages/pyscf/gto/basis/parse_nwchem.py", line 101, in load
    return _parse(raw_basis, optimize)
           ^^^^^^^^^^^^^^^^^^^^^^^^^^^
  File "/users/home/lygatsika/code/env/lib/python3.11/site-packages/pyscf/gto/basis/parse_nwchem.py", line 140, in _parse
    raise BasisNotFoundError(f'Basis data not found in "{raw_basis}"')
pyscf.lib.exceptions.BasisNotFoundError: Basis data not found in "[]"

During handling of the above exception, another exception occurred:

Traceback (most recent call last):
  File "/users/home/lygatsika/code/env/adapt/main.py", line 182, in <module>
    input_basis = utils.create_nw_basis(coord, out_file_nw)
                  ^^^^^^^^^^^^^^^^^^^^^^^^^^^^^^^^^^^^^^^^^
  File "/users/home/lygatsika/code/env/adapt/src/utils.py", line 70, in create_nw_basis
    ao_basis[elem] = gto.basis.load(file_nw, elem)
                     ^^^^^^^^^^^^^^^^^^^^^^^^^^^^^
  File "/users/home/lygatsika/code/env/lib/python3.11/site-packages/pyscf/gto/basis/__init__.py", line 506, in load
    b =  parse_nwchem.parse(fin.read(), symb)
         ^^^^^^^^^^^^^^^^^^^^^^^^^^^^^^^^^^^^
  File "/users/home/lygatsika/code/env/lib/python3.11/site-packages/pyscf/gto/basis/parse_nwchem.py", line 89, in parse
    raise BasisNotFoundError('Basis not found for %s' % symb)
pyscf.lib.exceptions.BasisNotFoundError: Basis not found for H

Reading coord from system/h2o.xyz file.
Number of atomic orbitals (M must be smaller)		70 MOs 322
Running Hartree-Fock to get density:
converged SCF energy = -76.0673631733466
Number of electrons (should be 10) = 10.000000
Starting reduction with target 7 and 0 constraint ...
Results written in out/test_3/cc-pv6z-7_g0_hf.bas.
Number of adapted atomic orbitals			5 MOs 7
converged SCF energy = -75.9139005547415

Reading coord from system/h2o.xyz file.
Number of atomic orbitals (M must be smaller)		70 MOs 322
Running Hartree-Fock+CISD to get density:
converged SCF energy = -76.0673631733465
E(RCISD) = -76.39175689567652  E_corr = -0.3243937223299594
Number of electrons (should be 10) = 10.005341
Starting reduction with target 7 and 0 constraint ...
Results written in out/test_3/cc-pv6z-7_g0_cisd.bas.
Traceback (most recent call last):
  File "/users/home/lygatsika/code/env/lib/python3.11/site-packages/pyscf/gto/basis/__init__.py", line 503, in load
    b = parse_nwchem.load(filename_or_basisname, symb, optimize)
        ^^^^^^^^^^^^^^^^^^^^^^^^^^^^^^^^^^^^^^^^^^^^^^^^^^^^^^^^
  File "/users/home/lygatsika/code/env/lib/python3.11/site-packages/pyscf/gto/basis/parse_nwchem.py", line 101, in load
    return _parse(raw_basis, optimize)
           ^^^^^^^^^^^^^^^^^^^^^^^^^^^
  File "/users/home/lygatsika/code/env/lib/python3.11/site-packages/pyscf/gto/basis/parse_nwchem.py", line 140, in _parse
    raise BasisNotFoundError(f'Basis data not found in "{raw_basis}"')
pyscf.lib.exceptions.BasisNotFoundError: Basis data not found in "[]"

During handling of the above exception, another exception occurred:

Traceback (most recent call last):
  File "/users/home/lygatsika/code/env/adapt/main.py", line 182, in <module>
    input_basis = utils.create_nw_basis(coord, out_file_nw)
                  ^^^^^^^^^^^^^^^^^^^^^^^^^^^^^^^^^^^^^^^^^
  File "/users/home/lygatsika/code/env/adapt/src/utils.py", line 70, in create_nw_basis
    ao_basis[elem] = gto.basis.load(file_nw, elem)
                     ^^^^^^^^^^^^^^^^^^^^^^^^^^^^^
  File "/users/home/lygatsika/code/env/lib/python3.11/site-packages/pyscf/gto/basis/__init__.py", line 506, in load
    b =  parse_nwchem.parse(fin.read(), symb)
         ^^^^^^^^^^^^^^^^^^^^^^^^^^^^^^^^^^^^
  File "/users/home/lygatsika/code/env/lib/python3.11/site-packages/pyscf/gto/basis/parse_nwchem.py", line 89, in parse
    raise BasisNotFoundError('Basis not found for %s' % symb)
pyscf.lib.exceptions.BasisNotFoundError: Basis not found for H

Reading coord from system/h2o.xyz file.
Number of atomic orbitals (M must be smaller)		70 MOs 322
Running Hartree-Fock to get density:
converged SCF energy = -76.0673631733462
Number of electrons (should be 10) = 10.000000
Starting reduction with target 7 and 0 constraint ...
Results written in out/test_3/cc-pv6z-7_g1_hf.bas.
Number of adapted atomic orbitals			5 MOs 7
converged SCF energy = -75.9139005547416

Reading coord from system/h2o.xyz file.
Number of atomic orbitals (M must be smaller)		70 MOs 322
Running Hartree-Fock+CISD to get density:
converged SCF energy = -76.0673631733464
E(RCISD) = -76.39175689567649  E_corr = -0.3243937223300651
Number of electrons (should be 10) = 10.004313
Starting reduction with target 7 and 0 constraint ...
Results written in out/test_3/cc-pv6z-7_g1_cisd.bas.
Traceback (most recent call last):
  File "/users/home/lygatsika/code/env/lib/python3.11/site-packages/pyscf/gto/basis/__init__.py", line 503, in load
    b = parse_nwchem.load(filename_or_basisname, symb, optimize)
        ^^^^^^^^^^^^^^^^^^^^^^^^^^^^^^^^^^^^^^^^^^^^^^^^^^^^^^^^
  File "/users/home/lygatsika/code/env/lib/python3.11/site-packages/pyscf/gto/basis/parse_nwchem.py", line 101, in load
    return _parse(raw_basis, optimize)
           ^^^^^^^^^^^^^^^^^^^^^^^^^^^
  File "/users/home/lygatsika/code/env/lib/python3.11/site-packages/pyscf/gto/basis/parse_nwchem.py", line 140, in _parse
    raise BasisNotFoundError(f'Basis data not found in "{raw_basis}"')
pyscf.lib.exceptions.BasisNotFoundError: Basis data not found in "[]"

During handling of the above exception, another exception occurred:

Traceback (most recent call last):
  File "/users/home/lygatsika/code/env/adapt/main.py", line 182, in <module>
    input_basis = utils.create_nw_basis(coord, out_file_nw)
                  ^^^^^^^^^^^^^^^^^^^^^^^^^^^^^^^^^^^^^^^^^
  File "/users/home/lygatsika/code/env/adapt/src/utils.py", line 70, in create_nw_basis
    ao_basis[elem] = gto.basis.load(file_nw, elem)
                     ^^^^^^^^^^^^^^^^^^^^^^^^^^^^^
  File "/users/home/lygatsika/code/env/lib/python3.11/site-packages/pyscf/gto/basis/__init__.py", line 506, in load
    b =  parse_nwchem.parse(fin.read(), symb)
         ^^^^^^^^^^^^^^^^^^^^^^^^^^^^^^^^^^^^
  File "/users/home/lygatsika/code/env/lib/python3.11/site-packages/pyscf/gto/basis/parse_nwchem.py", line 89, in parse
    raise BasisNotFoundError('Basis not found for %s' % symb)
pyscf.lib.exceptions.BasisNotFoundError: Basis not found for H

Reading coord from system/h2o.xyz file.
Number of atomic orbitals (M must be smaller)		70 MOs 322
Running Hartree-Fock to get density:
converged SCF energy = -76.0673631733463
Number of electrons (should be 10) = 10.000000
Starting reduction with target 8 and 0 constraint ...
Results written in out/test_3/cc-pv6z-8_g0_hf.bas.
Number of adapted atomic orbitals			5 MOs 7
converged SCF energy = -75.9139005547415

Reading coord from system/h2o.xyz file.
Number of atomic orbitals (M must be smaller)		70 MOs 322
Running Hartree-Fock+CISD to get density:
converged SCF energy = -76.0673631733464
E(RCISD) = -76.39175689567642  E_corr = -0.3243937223299702
Number of electrons (should be 10) = 10.004404
Starting reduction with target 8 and 0 constraint ...
Results written in out/test_3/cc-pv6z-8_g0_cisd.bas.
Traceback (most recent call last):
  File "/users/home/lygatsika/code/env/lib/python3.11/site-packages/pyscf/gto/basis/__init__.py", line 503, in load
    b = parse_nwchem.load(filename_or_basisname, symb, optimize)
        ^^^^^^^^^^^^^^^^^^^^^^^^^^^^^^^^^^^^^^^^^^^^^^^^^^^^^^^^
  File "/users/home/lygatsika/code/env/lib/python3.11/site-packages/pyscf/gto/basis/parse_nwchem.py", line 101, in load
    return _parse(raw_basis, optimize)
           ^^^^^^^^^^^^^^^^^^^^^^^^^^^
  File "/users/home/lygatsika/code/env/lib/python3.11/site-packages/pyscf/gto/basis/parse_nwchem.py", line 140, in _parse
    raise BasisNotFoundError(f'Basis data not found in "{raw_basis}"')
pyscf.lib.exceptions.BasisNotFoundError: Basis data not found in "[]"

During handling of the above exception, another exception occurred:

Traceback (most recent call last):
  File "/users/home/lygatsika/code/env/adapt/main.py", line 182, in <module>
    input_basis = utils.create_nw_basis(coord, out_file_nw)
                  ^^^^^^^^^^^^^^^^^^^^^^^^^^^^^^^^^^^^^^^^^
  File "/users/home/lygatsika/code/env/adapt/src/utils.py", line 70, in create_nw_basis
    ao_basis[elem] = gto.basis.load(file_nw, elem)
                     ^^^^^^^^^^^^^^^^^^^^^^^^^^^^^
  File "/users/home/lygatsika/code/env/lib/python3.11/site-packages/pyscf/gto/basis/__init__.py", line 506, in load
    b =  parse_nwchem.parse(fin.read(), symb)
         ^^^^^^^^^^^^^^^^^^^^^^^^^^^^^^^^^^^^
  File "/users/home/lygatsika/code/env/lib/python3.11/site-packages/pyscf/gto/basis/parse_nwchem.py", line 89, in parse
    raise BasisNotFoundError('Basis not found for %s' % symb)
pyscf.lib.exceptions.BasisNotFoundError: Basis not found for H

Reading coord from system/h2o.xyz file.
Number of atomic orbitals (M must be smaller)		70 MOs 322
Running Hartree-Fock to get density:
converged SCF energy = -76.0673631733464
Number of electrons (should be 10) = 10.000000
Starting reduction with target 8 and 0 constraint ...
Results written in out/test_3/cc-pv6z-8_g1_hf.bas.
Number of adapted atomic orbitals			7 MOs 9
converged SCF energy = -75.9959993397973

Reading coord from system/h2o.xyz file.
Number of atomic orbitals (M must be smaller)		70 MOs 322
Running Hartree-Fock+CISD to get density:
converged SCF energy = -76.0673631733463
E(RCISD) = -76.39175689567652  E_corr = -0.324393722330229
Number of electrons (should be 10) = 10.005286
Starting reduction with target 8 and 0 constraint ...
Results written in out/test_3/cc-pv6z-8_g1_cisd.bas.
Traceback (most recent call last):
  File "/users/home/lygatsika/code/env/lib/python3.11/site-packages/pyscf/gto/basis/__init__.py", line 503, in load
    b = parse_nwchem.load(filename_or_basisname, symb, optimize)
        ^^^^^^^^^^^^^^^^^^^^^^^^^^^^^^^^^^^^^^^^^^^^^^^^^^^^^^^^
  File "/users/home/lygatsika/code/env/lib/python3.11/site-packages/pyscf/gto/basis/parse_nwchem.py", line 101, in load
    return _parse(raw_basis, optimize)
           ^^^^^^^^^^^^^^^^^^^^^^^^^^^
  File "/users/home/lygatsika/code/env/lib/python3.11/site-packages/pyscf/gto/basis/parse_nwchem.py", line 140, in _parse
    raise BasisNotFoundError(f'Basis data not found in "{raw_basis}"')
pyscf.lib.exceptions.BasisNotFoundError: Basis data not found in "[]"

During handling of the above exception, another exception occurred:

Traceback (most recent call last):
  File "/users/home/lygatsika/code/env/adapt/main.py", line 182, in <module>
    input_basis = utils.create_nw_basis(coord, out_file_nw)
                  ^^^^^^^^^^^^^^^^^^^^^^^^^^^^^^^^^^^^^^^^^
  File "/users/home/lygatsika/code/env/adapt/src/utils.py", line 70, in create_nw_basis
    ao_basis[elem] = gto.basis.load(file_nw, elem)
                     ^^^^^^^^^^^^^^^^^^^^^^^^^^^^^
  File "/users/home/lygatsika/code/env/lib/python3.11/site-packages/pyscf/gto/basis/__init__.py", line 506, in load
    b =  parse_nwchem.parse(fin.read(), symb)
         ^^^^^^^^^^^^^^^^^^^^^^^^^^^^^^^^^^^^
  File "/users/home/lygatsika/code/env/lib/python3.11/site-packages/pyscf/gto/basis/parse_nwchem.py", line 89, in parse
    raise BasisNotFoundError('Basis not found for %s' % symb)
pyscf.lib.exceptions.BasisNotFoundError: Basis not found for H

Reading coord from system/h2o.xyz file.
Number of atomic orbitals (M must be smaller)		70 MOs 322
Running Hartree-Fock to get density:
converged SCF energy = -76.0673631733463
Number of electrons (should be 10) = 10.000000
Starting reduction with target 9 and 0 constraint ...
Results written in out/test_3/cc-pv6z-9_g0_hf.bas.
Number of adapted atomic orbitals			5 MOs 7
converged SCF energy = -75.9139005547416

Reading coord from system/h2o.xyz file.
Number of atomic orbitals (M must be smaller)		70 MOs 322
Running Hartree-Fock+CISD to get density:
converged SCF energy = -76.0673631733466
E(RCISD) = -76.39175689567674  E_corr = -0.3243937223300595
Number of electrons (should be 10) = 10.004235
Starting reduction with target 9 and 0 constraint ...
Results written in out/test_3/cc-pv6z-9_g0_cisd.bas.
Traceback (most recent call last):
  File "/users/home/lygatsika/code/env/lib/python3.11/site-packages/pyscf/gto/basis/__init__.py", line 503, in load
    b = parse_nwchem.load(filename_or_basisname, symb, optimize)
        ^^^^^^^^^^^^^^^^^^^^^^^^^^^^^^^^^^^^^^^^^^^^^^^^^^^^^^^^
  File "/users/home/lygatsika/code/env/lib/python3.11/site-packages/pyscf/gto/basis/parse_nwchem.py", line 101, in load
    return _parse(raw_basis, optimize)
           ^^^^^^^^^^^^^^^^^^^^^^^^^^^
  File "/users/home/lygatsika/code/env/lib/python3.11/site-packages/pyscf/gto/basis/parse_nwchem.py", line 140, in _parse
    raise BasisNotFoundError(f'Basis data not found in "{raw_basis}"')
pyscf.lib.exceptions.BasisNotFoundError: Basis data not found in "[]"

During handling of the above exception, another exception occurred:

Traceback (most recent call last):
  File "/users/home/lygatsika/code/env/adapt/main.py", line 182, in <module>
    input_basis = utils.create_nw_basis(coord, out_file_nw)
                  ^^^^^^^^^^^^^^^^^^^^^^^^^^^^^^^^^^^^^^^^^
  File "/users/home/lygatsika/code/env/adapt/src/utils.py", line 70, in create_nw_basis
    ao_basis[elem] = gto.basis.load(file_nw, elem)
                     ^^^^^^^^^^^^^^^^^^^^^^^^^^^^^
  File "/users/home/lygatsika/code/env/lib/python3.11/site-packages/pyscf/gto/basis/__init__.py", line 506, in load
    b =  parse_nwchem.parse(fin.read(), symb)
         ^^^^^^^^^^^^^^^^^^^^^^^^^^^^^^^^^^^^
  File "/users/home/lygatsika/code/env/lib/python3.11/site-packages/pyscf/gto/basis/parse_nwchem.py", line 89, in parse
    raise BasisNotFoundError('Basis not found for %s' % symb)
pyscf.lib.exceptions.BasisNotFoundError: Basis not found for H

Reading coord from system/h2o.xyz file.
Number of atomic orbitals (M must be smaller)		70 MOs 322
Running Hartree-Fock to get density:
converged SCF energy = -76.0673631733465
Number of electrons (should be 10) = 10.000000
Starting reduction with target 9 and 0 constraint ...
Results written in out/test_3/cc-pv6z-9_g1_hf.bas.
Number of adapted atomic orbitals			8 MOs 10
converged SCF energy = -76.0050216427745

Reading coord from system/h2o.xyz file.
Number of atomic orbitals (M must be smaller)		70 MOs 322
Running Hartree-Fock+CISD to get density:
converged SCF energy = -76.0673631733465
E(RCISD) = -76.39175689567682  E_corr = -0.3243937223302267
Number of electrons (should be 10) = 10.004232
Starting reduction with target 9 and 0 constraint ...
Results written in out/test_3/cc-pv6z-9_g1_cisd.bas.
Traceback (most recent call last):
  File "/users/home/lygatsika/code/env/lib/python3.11/site-packages/pyscf/gto/basis/__init__.py", line 503, in load
    b = parse_nwchem.load(filename_or_basisname, symb, optimize)
        ^^^^^^^^^^^^^^^^^^^^^^^^^^^^^^^^^^^^^^^^^^^^^^^^^^^^^^^^
  File "/users/home/lygatsika/code/env/lib/python3.11/site-packages/pyscf/gto/basis/parse_nwchem.py", line 101, in load
    return _parse(raw_basis, optimize)
           ^^^^^^^^^^^^^^^^^^^^^^^^^^^
  File "/users/home/lygatsika/code/env/lib/python3.11/site-packages/pyscf/gto/basis/parse_nwchem.py", line 140, in _parse
    raise BasisNotFoundError(f'Basis data not found in "{raw_basis}"')
pyscf.lib.exceptions.BasisNotFoundError: Basis data not found in "[]"

During handling of the above exception, another exception occurred:

Traceback (most recent call last):
  File "/users/home/lygatsika/code/env/adapt/main.py", line 182, in <module>
    input_basis = utils.create_nw_basis(coord, out_file_nw)
                  ^^^^^^^^^^^^^^^^^^^^^^^^^^^^^^^^^^^^^^^^^
  File "/users/home/lygatsika/code/env/adapt/src/utils.py", line 70, in create_nw_basis
    ao_basis[elem] = gto.basis.load(file_nw, elem)
                     ^^^^^^^^^^^^^^^^^^^^^^^^^^^^^
  File "/users/home/lygatsika/code/env/lib/python3.11/site-packages/pyscf/gto/basis/__init__.py", line 506, in load
    b =  parse_nwchem.parse(fin.read(), symb)
         ^^^^^^^^^^^^^^^^^^^^^^^^^^^^^^^^^^^^
  File "/users/home/lygatsika/code/env/lib/python3.11/site-packages/pyscf/gto/basis/parse_nwchem.py", line 89, in parse
    raise BasisNotFoundError('Basis not found for %s' % symb)
pyscf.lib.exceptions.BasisNotFoundError: Basis not found for H

Reading coord from system/h2o.xyz file.
Number of atomic orbitals (M must be smaller)		70 MOs 322
Running Hartree-Fock to get density:
converged SCF energy = -76.0673631733464
Number of electrons (should be 10) = 10.000000
Starting reduction with target 10 and 0 constraint ...
Results written in out/test_3/cc-pv6z-10_g0_hf.bas.
Number of adapted atomic orbitals			7 MOs 9
converged SCF energy = -75.9959993397973

Reading coord from system/h2o.xyz file.
Number of atomic orbitals (M must be smaller)		70 MOs 322
Running Hartree-Fock+CISD to get density:
converged SCF energy = -76.0673631733465
E(RCISD) = -76.39175689567699  E_corr = -0.3243937223304517
Number of electrons (should be 10) = 10.004193
Starting reduction with target 10 and 0 constraint ...
Results written in out/test_3/cc-pv6z-10_g0_cisd.bas.
Traceback (most recent call last):
  File "/users/home/lygatsika/code/env/lib/python3.11/site-packages/pyscf/gto/basis/__init__.py", line 503, in load
    b = parse_nwchem.load(filename_or_basisname, symb, optimize)
        ^^^^^^^^^^^^^^^^^^^^^^^^^^^^^^^^^^^^^^^^^^^^^^^^^^^^^^^^
  File "/users/home/lygatsika/code/env/lib/python3.11/site-packages/pyscf/gto/basis/parse_nwchem.py", line 101, in load
    return _parse(raw_basis, optimize)
           ^^^^^^^^^^^^^^^^^^^^^^^^^^^
  File "/users/home/lygatsika/code/env/lib/python3.11/site-packages/pyscf/gto/basis/parse_nwchem.py", line 140, in _parse
    raise BasisNotFoundError(f'Basis data not found in "{raw_basis}"')
pyscf.lib.exceptions.BasisNotFoundError: Basis data not found in "[]"

During handling of the above exception, another exception occurred:

Traceback (most recent call last):
  File "/users/home/lygatsika/code/env/adapt/main.py", line 182, in <module>
    input_basis = utils.create_nw_basis(coord, out_file_nw)
                  ^^^^^^^^^^^^^^^^^^^^^^^^^^^^^^^^^^^^^^^^^
  File "/users/home/lygatsika/code/env/adapt/src/utils.py", line 70, in create_nw_basis
    ao_basis[elem] = gto.basis.load(file_nw, elem)
                     ^^^^^^^^^^^^^^^^^^^^^^^^^^^^^
  File "/users/home/lygatsika/code/env/lib/python3.11/site-packages/pyscf/gto/basis/__init__.py", line 506, in load
    b =  parse_nwchem.parse(fin.read(), symb)
         ^^^^^^^^^^^^^^^^^^^^^^^^^^^^^^^^^^^^
  File "/users/home/lygatsika/code/env/lib/python3.11/site-packages/pyscf/gto/basis/parse_nwchem.py", line 89, in parse
    raise BasisNotFoundError('Basis not found for %s' % symb)
pyscf.lib.exceptions.BasisNotFoundError: Basis not found for H

Reading coord from system/h2o.xyz file.
Number of atomic orbitals (M must be smaller)		70 MOs 322
Running Hartree-Fock to get density:
converged SCF energy = -76.0673631733463
Number of electrons (should be 10) = 10.000000
Starting reduction with target 10 and 0 constraint ...
Results written in out/test_3/cc-pv6z-10_g1_hf.bas.
Number of adapted atomic orbitals			9 MOs 13
converged SCF energy = -76.0166505306469

Reading coord from system/h2o.xyz file.
Number of atomic orbitals (M must be smaller)		70 MOs 322
Running Hartree-Fock+CISD to get density:
converged SCF energy = -76.0673631733461
E(RCISD) = -76.39175689567602  E_corr = -0.3243937223298837
Number of electrons (should be 10) = 10.004158
Starting reduction with target 10 and 0 constraint ...
Results written in out/test_3/cc-pv6z-10_g1_cisd.bas.
Traceback (most recent call last):
  File "/users/home/lygatsika/code/env/lib/python3.11/site-packages/pyscf/gto/basis/__init__.py", line 503, in load
    b = parse_nwchem.load(filename_or_basisname, symb, optimize)
        ^^^^^^^^^^^^^^^^^^^^^^^^^^^^^^^^^^^^^^^^^^^^^^^^^^^^^^^^
  File "/users/home/lygatsika/code/env/lib/python3.11/site-packages/pyscf/gto/basis/parse_nwchem.py", line 101, in load
    return _parse(raw_basis, optimize)
           ^^^^^^^^^^^^^^^^^^^^^^^^^^^
  File "/users/home/lygatsika/code/env/lib/python3.11/site-packages/pyscf/gto/basis/parse_nwchem.py", line 140, in _parse
    raise BasisNotFoundError(f'Basis data not found in "{raw_basis}"')
pyscf.lib.exceptions.BasisNotFoundError: Basis data not found in "[]"

During handling of the above exception, another exception occurred:

Traceback (most recent call last):
  File "/users/home/lygatsika/code/env/adapt/main.py", line 182, in <module>
    input_basis = utils.create_nw_basis(coord, out_file_nw)
                  ^^^^^^^^^^^^^^^^^^^^^^^^^^^^^^^^^^^^^^^^^
  File "/users/home/lygatsika/code/env/adapt/src/utils.py", line 70, in create_nw_basis
    ao_basis[elem] = gto.basis.load(file_nw, elem)
                     ^^^^^^^^^^^^^^^^^^^^^^^^^^^^^
  File "/users/home/lygatsika/code/env/lib/python3.11/site-packages/pyscf/gto/basis/__init__.py", line 506, in load
    b =  parse_nwchem.parse(fin.read(), symb)
         ^^^^^^^^^^^^^^^^^^^^^^^^^^^^^^^^^^^^
  File "/users/home/lygatsika/code/env/lib/python3.11/site-packages/pyscf/gto/basis/parse_nwchem.py", line 89, in parse
    raise BasisNotFoundError('Basis not found for %s' % symb)
pyscf.lib.exceptions.BasisNotFoundError: Basis not found for H

Reading coord from system/h2o.xyz file.
Number of atomic orbitals (M must be smaller)		70 MOs 322
Running Hartree-Fock to get density:
converged SCF energy = -76.0673631733465
Number of electrons (should be 10) = 10.000000
Starting reduction with target 11 and 0 constraint ...
Results written in out/test_3/cc-pv6z-11_g0_hf.bas.
Number of adapted atomic orbitals			8 MOs 10
converged SCF energy = -76.0050216427745

Reading coord from system/h2o.xyz file.
Number of atomic orbitals (M must be smaller)		70 MOs 322
Running Hartree-Fock+CISD to get density:
converged SCF energy = -76.0673631733465
E(RCISD) = -76.39175689567652  E_corr = -0.3243937223298746
Number of electrons (should be 10) = 10.004235
Starting reduction with target 11 and 0 constraint ...
Results written in out/test_3/cc-pv6z-11_g0_cisd.bas.
Traceback (most recent call last):
  File "/users/home/lygatsika/code/env/lib/python3.11/site-packages/pyscf/gto/basis/__init__.py", line 503, in load
    b = parse_nwchem.load(filename_or_basisname, symb, optimize)
        ^^^^^^^^^^^^^^^^^^^^^^^^^^^^^^^^^^^^^^^^^^^^^^^^^^^^^^^^
  File "/users/home/lygatsika/code/env/lib/python3.11/site-packages/pyscf/gto/basis/parse_nwchem.py", line 101, in load
    return _parse(raw_basis, optimize)
           ^^^^^^^^^^^^^^^^^^^^^^^^^^^
  File "/users/home/lygatsika/code/env/lib/python3.11/site-packages/pyscf/gto/basis/parse_nwchem.py", line 140, in _parse
    raise BasisNotFoundError(f'Basis data not found in "{raw_basis}"')
pyscf.lib.exceptions.BasisNotFoundError: Basis data not found in "[]"

During handling of the above exception, another exception occurred:

Traceback (most recent call last):
  File "/users/home/lygatsika/code/env/adapt/main.py", line 182, in <module>
    input_basis = utils.create_nw_basis(coord, out_file_nw)
                  ^^^^^^^^^^^^^^^^^^^^^^^^^^^^^^^^^^^^^^^^^
  File "/users/home/lygatsika/code/env/adapt/src/utils.py", line 70, in create_nw_basis
    ao_basis[elem] = gto.basis.load(file_nw, elem)
                     ^^^^^^^^^^^^^^^^^^^^^^^^^^^^^
  File "/users/home/lygatsika/code/env/lib/python3.11/site-packages/pyscf/gto/basis/__init__.py", line 506, in load
    b =  parse_nwchem.parse(fin.read(), symb)
         ^^^^^^^^^^^^^^^^^^^^^^^^^^^^^^^^^^^^
  File "/users/home/lygatsika/code/env/lib/python3.11/site-packages/pyscf/gto/basis/parse_nwchem.py", line 89, in parse
    raise BasisNotFoundError('Basis not found for %s' % symb)
pyscf.lib.exceptions.BasisNotFoundError: Basis not found for H

Reading coord from system/h2o.xyz file.
Number of atomic orbitals (M must be smaller)		70 MOs 322
Running Hartree-Fock to get density:
converged SCF energy = -76.0673631733464
Number of electrons (should be 10) = 10.000000
Starting reduction with target 11 and 0 constraint ...
Results written in out/test_3/cc-pv6z-11_g1_hf.bas.
Number of adapted atomic orbitals			11 MOs 19
converged SCF energy = -76.0430449189093

Reading coord from system/h2o.xyz file.
Number of atomic orbitals (M must be smaller)		70 MOs 322
Running Hartree-Fock+CISD to get density:
converged SCF energy = -76.0673631733465
E(RCISD) = -76.39175689567679  E_corr = -0.3243937223302235
Number of electrons (should be 10) = 10.005389
Starting reduction with target 11 and 0 constraint ...
Results written in out/test_3/cc-pv6z-11_g1_cisd.bas.
Traceback (most recent call last):
  File "/users/home/lygatsika/code/env/lib/python3.11/site-packages/pyscf/gto/basis/__init__.py", line 503, in load
    b = parse_nwchem.load(filename_or_basisname, symb, optimize)
        ^^^^^^^^^^^^^^^^^^^^^^^^^^^^^^^^^^^^^^^^^^^^^^^^^^^^^^^^
  File "/users/home/lygatsika/code/env/lib/python3.11/site-packages/pyscf/gto/basis/parse_nwchem.py", line 101, in load
    return _parse(raw_basis, optimize)
           ^^^^^^^^^^^^^^^^^^^^^^^^^^^
  File "/users/home/lygatsika/code/env/lib/python3.11/site-packages/pyscf/gto/basis/parse_nwchem.py", line 140, in _parse
    raise BasisNotFoundError(f'Basis data not found in "{raw_basis}"')
pyscf.lib.exceptions.BasisNotFoundError: Basis data not found in "[]"

During handling of the above exception, another exception occurred:

Traceback (most recent call last):
  File "/users/home/lygatsika/code/env/adapt/main.py", line 182, in <module>
    input_basis = utils.create_nw_basis(coord, out_file_nw)
                  ^^^^^^^^^^^^^^^^^^^^^^^^^^^^^^^^^^^^^^^^^
  File "/users/home/lygatsika/code/env/adapt/src/utils.py", line 70, in create_nw_basis
    ao_basis[elem] = gto.basis.load(file_nw, elem)
                     ^^^^^^^^^^^^^^^^^^^^^^^^^^^^^
  File "/users/home/lygatsika/code/env/lib/python3.11/site-packages/pyscf/gto/basis/__init__.py", line 506, in load
    b =  parse_nwchem.parse(fin.read(), symb)
         ^^^^^^^^^^^^^^^^^^^^^^^^^^^^^^^^^^^^
  File "/users/home/lygatsika/code/env/lib/python3.11/site-packages/pyscf/gto/basis/parse_nwchem.py", line 89, in parse
    raise BasisNotFoundError('Basis not found for %s' % symb)
pyscf.lib.exceptions.BasisNotFoundError: Basis not found for H

Reading coord from system/h2o.xyz file.
Number of atomic orbitals (M must be smaller)		70 MOs 322
Running Hartree-Fock to get density:
converged SCF energy = -76.0673631733463
Number of electrons (should be 10) = 10.000000
Starting reduction with target 12 and 0 constraint ...
Results written in out/test_3/cc-pv6z-12_g0_hf.bas.
Number of adapted atomic orbitals			9 MOs 13
converged SCF energy = -76.0166505306469

Reading coord from system/h2o.xyz file.
Number of atomic orbitals (M must be smaller)		70 MOs 322
Running Hartree-Fock+CISD to get density:
converged SCF energy = -76.0673631733464
E(RCISD) = -76.39175689567655  E_corr = -0.3243937223300721
Number of electrons (should be 10) = 10.004408
Starting reduction with target 12 and 0 constraint ...
Results written in out/test_3/cc-pv6z-12_g0_cisd.bas.
Traceback (most recent call last):
  File "/users/home/lygatsika/code/env/lib/python3.11/site-packages/pyscf/gto/basis/__init__.py", line 503, in load
    b = parse_nwchem.load(filename_or_basisname, symb, optimize)
        ^^^^^^^^^^^^^^^^^^^^^^^^^^^^^^^^^^^^^^^^^^^^^^^^^^^^^^^^
  File "/users/home/lygatsika/code/env/lib/python3.11/site-packages/pyscf/gto/basis/parse_nwchem.py", line 101, in load
    return _parse(raw_basis, optimize)
           ^^^^^^^^^^^^^^^^^^^^^^^^^^^
  File "/users/home/lygatsika/code/env/lib/python3.11/site-packages/pyscf/gto/basis/parse_nwchem.py", line 140, in _parse
    raise BasisNotFoundError(f'Basis data not found in "{raw_basis}"')
pyscf.lib.exceptions.BasisNotFoundError: Basis data not found in "[]"

During handling of the above exception, another exception occurred:

Traceback (most recent call last):
  File "/users/home/lygatsika/code/env/adapt/main.py", line 182, in <module>
    input_basis = utils.create_nw_basis(coord, out_file_nw)
                  ^^^^^^^^^^^^^^^^^^^^^^^^^^^^^^^^^^^^^^^^^
  File "/users/home/lygatsika/code/env/adapt/src/utils.py", line 70, in create_nw_basis
    ao_basis[elem] = gto.basis.load(file_nw, elem)
                     ^^^^^^^^^^^^^^^^^^^^^^^^^^^^^
  File "/users/home/lygatsika/code/env/lib/python3.11/site-packages/pyscf/gto/basis/__init__.py", line 506, in load
    b =  parse_nwchem.parse(fin.read(), symb)
         ^^^^^^^^^^^^^^^^^^^^^^^^^^^^^^^^^^^^
  File "/users/home/lygatsika/code/env/lib/python3.11/site-packages/pyscf/gto/basis/parse_nwchem.py", line 89, in parse
    raise BasisNotFoundError('Basis not found for %s' % symb)
pyscf.lib.exceptions.BasisNotFoundError: Basis not found for H

Reading coord from system/h2o.xyz file.
Number of atomic orbitals (M must be smaller)		70 MOs 322
Running Hartree-Fock to get density:
converged SCF energy = -76.0673631733465
Number of electrons (should be 10) = 10.000000
Starting reduction with target 12 and 0 constraint ...
Results written in out/test_3/cc-pv6z-12_g1_hf.bas.
Number of adapted atomic orbitals			11 MOs 19
converged SCF energy = -76.0430449189093

Reading coord from system/h2o.xyz file.
Number of atomic orbitals (M must be smaller)		70 MOs 322
Running Hartree-Fock+CISD to get density:
converged SCF energy = -76.0673631733463
E(RCISD) = -76.39175689567647  E_corr = -0.324393722330187
Number of electrons (should be 10) = 10.004408
Starting reduction with target 12 and 0 constraint ...
Results written in out/test_3/cc-pv6z-12_g1_cisd.bas.
Traceback (most recent call last):
  File "/users/home/lygatsika/code/env/lib/python3.11/site-packages/pyscf/gto/basis/__init__.py", line 503, in load
    b = parse_nwchem.load(filename_or_basisname, symb, optimize)
        ^^^^^^^^^^^^^^^^^^^^^^^^^^^^^^^^^^^^^^^^^^^^^^^^^^^^^^^^
  File "/users/home/lygatsika/code/env/lib/python3.11/site-packages/pyscf/gto/basis/parse_nwchem.py", line 101, in load
    return _parse(raw_basis, optimize)
           ^^^^^^^^^^^^^^^^^^^^^^^^^^^
  File "/users/home/lygatsika/code/env/lib/python3.11/site-packages/pyscf/gto/basis/parse_nwchem.py", line 140, in _parse
    raise BasisNotFoundError(f'Basis data not found in "{raw_basis}"')
pyscf.lib.exceptions.BasisNotFoundError: Basis data not found in "[]"

During handling of the above exception, another exception occurred:

Traceback (most recent call last):
  File "/users/home/lygatsika/code/env/adapt/main.py", line 182, in <module>
    input_basis = utils.create_nw_basis(coord, out_file_nw)
                  ^^^^^^^^^^^^^^^^^^^^^^^^^^^^^^^^^^^^^^^^^
  File "/users/home/lygatsika/code/env/adapt/src/utils.py", line 70, in create_nw_basis
    ao_basis[elem] = gto.basis.load(file_nw, elem)
                     ^^^^^^^^^^^^^^^^^^^^^^^^^^^^^
  File "/users/home/lygatsika/code/env/lib/python3.11/site-packages/pyscf/gto/basis/__init__.py", line 506, in load
    b =  parse_nwchem.parse(fin.read(), symb)
         ^^^^^^^^^^^^^^^^^^^^^^^^^^^^^^^^^^^^
  File "/users/home/lygatsika/code/env/lib/python3.11/site-packages/pyscf/gto/basis/parse_nwchem.py", line 89, in parse
    raise BasisNotFoundError('Basis not found for %s' % symb)
pyscf.lib.exceptions.BasisNotFoundError: Basis not found for H

Reading coord from system/h2o.xyz file.
Number of atomic orbitals (M must be smaller)		70 MOs 322
Running Hartree-Fock to get density:
converged SCF energy = -76.0673631733463
Number of electrons (should be 10) = 10.000000
Starting reduction with target 13 and 0 constraint ...
Results written in out/test_3/cc-pv6z-13_g0_hf.bas.
Number of adapted atomic orbitals			9 MOs 13
converged SCF energy = -76.0166505306469

Reading coord from system/h2o.xyz file.
Number of atomic orbitals (M must be smaller)		70 MOs 322
Running Hartree-Fock+CISD to get density:
converged SCF energy = -76.0673631733463
E(RCISD) = -76.39175689567591  E_corr = -0.3243937223295558
Number of electrons (should be 10) = 10.005440
Starting reduction with target 13 and 0 constraint ...
Results written in out/test_3/cc-pv6z-13_g0_cisd.bas.
Traceback (most recent call last):
  File "/users/home/lygatsika/code/env/lib/python3.11/site-packages/pyscf/gto/basis/__init__.py", line 503, in load
    b = parse_nwchem.load(filename_or_basisname, symb, optimize)
        ^^^^^^^^^^^^^^^^^^^^^^^^^^^^^^^^^^^^^^^^^^^^^^^^^^^^^^^^
  File "/users/home/lygatsika/code/env/lib/python3.11/site-packages/pyscf/gto/basis/parse_nwchem.py", line 101, in load
    return _parse(raw_basis, optimize)
           ^^^^^^^^^^^^^^^^^^^^^^^^^^^
  File "/users/home/lygatsika/code/env/lib/python3.11/site-packages/pyscf/gto/basis/parse_nwchem.py", line 140, in _parse
    raise BasisNotFoundError(f'Basis data not found in "{raw_basis}"')
pyscf.lib.exceptions.BasisNotFoundError: Basis data not found in "[]"

During handling of the above exception, another exception occurred:

Traceback (most recent call last):
  File "/users/home/lygatsika/code/env/adapt/main.py", line 182, in <module>
    input_basis = utils.create_nw_basis(coord, out_file_nw)
                  ^^^^^^^^^^^^^^^^^^^^^^^^^^^^^^^^^^^^^^^^^
  File "/users/home/lygatsika/code/env/adapt/src/utils.py", line 70, in create_nw_basis
    ao_basis[elem] = gto.basis.load(file_nw, elem)
                     ^^^^^^^^^^^^^^^^^^^^^^^^^^^^^
  File "/users/home/lygatsika/code/env/lib/python3.11/site-packages/pyscf/gto/basis/__init__.py", line 506, in load
    b =  parse_nwchem.parse(fin.read(), symb)
         ^^^^^^^^^^^^^^^^^^^^^^^^^^^^^^^^^^^^
  File "/users/home/lygatsika/code/env/lib/python3.11/site-packages/pyscf/gto/basis/parse_nwchem.py", line 89, in parse
    raise BasisNotFoundError('Basis not found for %s' % symb)
pyscf.lib.exceptions.BasisNotFoundError: Basis not found for H

Reading coord from system/h2o.xyz file.
Number of atomic orbitals (M must be smaller)		70 MOs 322
Running Hartree-Fock to get density:
converged SCF energy = -76.0673631733464
Number of electrons (should be 10) = 10.000000
Starting reduction with target 13 and 0 constraint ...
Results written in out/test_3/cc-pv6z-13_g1_hf.bas.
Number of adapted atomic orbitals			12 MOs 22
converged SCF energy = -76.0448271567079

Reading coord from system/h2o.xyz file.
Number of atomic orbitals (M must be smaller)		70 MOs 322
Running Hartree-Fock+CISD to get density:
converged SCF energy = -76.0673631733463
E(RCISD) = -76.39175689567666  E_corr = -0.3243937223302867
Number of electrons (should be 10) = 10.005425
Starting reduction with target 13 and 0 constraint ...
Results written in out/test_3/cc-pv6z-13_g1_cisd.bas.
Traceback (most recent call last):
  File "/users/home/lygatsika/code/env/lib/python3.11/site-packages/pyscf/gto/basis/__init__.py", line 503, in load
    b = parse_nwchem.load(filename_or_basisname, symb, optimize)
        ^^^^^^^^^^^^^^^^^^^^^^^^^^^^^^^^^^^^^^^^^^^^^^^^^^^^^^^^
  File "/users/home/lygatsika/code/env/lib/python3.11/site-packages/pyscf/gto/basis/parse_nwchem.py", line 101, in load
    return _parse(raw_basis, optimize)
           ^^^^^^^^^^^^^^^^^^^^^^^^^^^
  File "/users/home/lygatsika/code/env/lib/python3.11/site-packages/pyscf/gto/basis/parse_nwchem.py", line 140, in _parse
    raise BasisNotFoundError(f'Basis data not found in "{raw_basis}"')
pyscf.lib.exceptions.BasisNotFoundError: Basis data not found in "[]"

During handling of the above exception, another exception occurred:

Traceback (most recent call last):
  File "/users/home/lygatsika/code/env/adapt/main.py", line 182, in <module>
    input_basis = utils.create_nw_basis(coord, out_file_nw)
                  ^^^^^^^^^^^^^^^^^^^^^^^^^^^^^^^^^^^^^^^^^
  File "/users/home/lygatsika/code/env/adapt/src/utils.py", line 70, in create_nw_basis
    ao_basis[elem] = gto.basis.load(file_nw, elem)
                     ^^^^^^^^^^^^^^^^^^^^^^^^^^^^^
  File "/users/home/lygatsika/code/env/lib/python3.11/site-packages/pyscf/gto/basis/__init__.py", line 506, in load
    b =  parse_nwchem.parse(fin.read(), symb)
         ^^^^^^^^^^^^^^^^^^^^^^^^^^^^^^^^^^^^
  File "/users/home/lygatsika/code/env/lib/python3.11/site-packages/pyscf/gto/basis/parse_nwchem.py", line 89, in parse
    raise BasisNotFoundError('Basis not found for %s' % symb)
pyscf.lib.exceptions.BasisNotFoundError: Basis not found for H
