  0   0   0   0   1.0086751792286796e+01
  0   0   0   1  -1.0063718267336755e+01
  0   0   0   2   6.6962865960100260e+00
  0   0   0   3  -6.7046349490446499e-20
  0   0   0   4  -1.3281224159521623e-18
  0   0   0   5  -3.0080616854626336e-02
  0   0   0   6  -3.3596802555214537e-23
  0   0   0   7   8.2136661985117318e-19
  0   0   1   0  -1.0063718267336755e+01
  0   0   1   1   2.6160774272920960e+01
  0   0   1   2  -1.7407110508006646e+01
  0   0   1   3   1.7081271194925367e-19
  0   0   1   4   3.4344148842364849e-18
  0   0   1   5   7.6767757124361152e-02
  0   0   1   6   8.6252733742905208e-23
  0   0   1   7  -2.1250779073233485e-18
  0   0   2   0   6.6962865960100260e+00
  0   0   2   1  -1.7407110508006646e+01
  0   0   2   2   2.0565454632070509e+01
  0   0   2   3  -1.1286750051624306e-19
  0   0   2   4  -6.6480741561979456e-18
  0   0   2   5  -7.0648575430767996e-02
  0   0   2   6  -4.8848000321530207e-23
  0   0   2   7   4.6159945925720310e-18
  0   0   3   0  -6.7046349490446499e-20
  0   0   3   1   1.7081271194925367e-19
  0   0   3   2  -1.1286750051624306e-19
  0   0   3   3   8.9829453101294074e+00
  0   0   3   4  -2.1881934497240501e-02
  0   0   3   5  -2.1864781649238558e-17
  0   0   3   6  -7.1860644691896026e-16
  0   0   3   7   1.0510691807489061e-02
  0   0   4   0  -1.3281224159521623e-18
  0   0   4   1   3.4344148842364849e-18
  0   0   4   2  -6.6480741561979456e-18
  0   0   4   3  -2.1881934497240501e-02
  0   0   4   4   1.6182099321670324e-02
  0   0   4   5  -1.3879559234754787e-19
  0   0   4   6   3.2297208702530444e-18
  0   0   4   7  -3.8866263399055678e-01
  0   0   5   0  -3.0080616854626336e-02
  0   0   5   1   7.6767757124361152e-02
  0   0   5   2  -7.0648575430767996e-02
  0   0   5   3  -2.1864781649238558e-17
  0   0   5   4  -1.3879559234754787e-19
  0   0   5   5   2.6794684692433348e-04
  0   0   5   6   2.3453079311752231e-25
  0   0   5   7   5.0608689668662191e-18
  0   0   6   0  -3.3596802555214537e-23
  0   0   6   1   8.6252733742905208e-23
  0   0   6   2  -4.8848000321530207e-23
  0   0   6   3  -7.1860644691896026e-16
  0   0   6   4   3.2297208702530444e-18
  0   0   6   5   2.3453079311752231e-25
  0   0   6   6   5.7621848447048686e-32
  0   0   6   7  -3.6484296420626367e-17
  0   0   7   0   8.2136661985117318e-19
  0   0   7   1  -2.1250779073233485e-18
  0   0   7   2   4.6159945925720310e-18
  0   0   7   3   1.0510691807489061e-02
  0   0   7   4  -3.8866263399055678e-01
  0   0   7   5   5.0608689668662191e-18
  0   0   7   6  -3.6484296420626367e-17
  0   0   7   7   9.3645513299941765e+00
  0   1   0   0  -1.0063718267336755e+01
  0   1   0   1   1.0040737340416541e+01
  0   1   0   2  -6.6809953419415198e+00
  0   1   0   3   6.6893246311583882e-20
  0   1   0   4   1.3250895921616598e-18
  0   1   0   5   3.0011926491950468e-02
  0   1   0   6   3.3520082833560551e-23
  0   1   0   7  -8.1949099438510996e-19
  0   1   1   0   1.9807188741643316e+00
  0   1   1   1  -1.8059421964112389e+01
  0   1   1   2   1.2016560422801746e+01
  0   1   1   3  -1.1684794261027710e-19
  0   1   1   4  -2.3653097747810306e-18
  0   1   1   5  -5.2555943013858408e-02
  0   1   1   6  -5.9209582576508481e-23
  0   1   1   7   1.4638959633339506e-18
  0   1   2   0  -1.3179377589089576e+00
  0   1   2   1   1.2016549819984512e+01
  0   1   2   2  -1.6958122334363757e+01
  0   1   2   3   7.6961673060914099e-20
  0   1   2   4   5.9267393076912068e-18
  0   1   2   5   5.4493586252390772e-02
  0   1   2   6   3.0873261567454841e-23
  0   1   2   7  -4.1687387069746780e-18
  0   1   3   0   1.4933513492748982e-20
  0   1   3   1  -1.1858157331846249e-19
  0   1   3   2   7.8115282357740661e-20
  0   1   3   3  -8.9624323740339715e+00
  0   1   3   4   2.1831966172989402e-02
  0   1   3   5   2.1815007448071636e-17
  0   1   3   6   7.1696547866027616e-16
  0   1   3   7  -1.0486690197557992e-02
  0   1   4   0   2.7042694612424724e-19
  0   1   4   1  -2.3743179731668557e-18
  0   1   4   2   5.9327346623247190e-18
  0   1   4   3   2.1831966172989402e-02
  0   1   4   4  -1.6145146812463668e-02
  0   1   4   5   1.4162385181248879e-19
  0   1   4   6  -3.2223456658484388e-18
  0   1   4   7   3.8777510640372598e-01
  0   1   5   0   6.6340111757451220e-03
  0   1   5   1  -5.3267923843017893e-02
  0   1   5   2   5.4967362097018156e-02
  0   1   5   3   2.1815007886574133e-17
  0   1   5   4   1.4155681639706683e-19
  0   1   5   5  -1.9761757854548295e-04
  0   1   5   6  -1.5612842016425549e-25
  0   1   5   7  -5.0512159274795236e-18
  0   1   6   0   7.1537573788882192e-24
  0   1   6   1  -5.9749655138370492e-23
  0   1   6   2   3.1232655260873849e-23
  0   1   6   3   7.1696547866027616e-16
  0   1   6   4  -3.2223456658484388e-18
  0   1   6   5  -1.5536582294825329e-25
  0   1   6   6  -5.7490266515500777e-32
  0   1   6   7   3.6400982984428622e-17
  0   1   7   0  -1.6669753791599073e-19
  0   1   7   1   1.4689224269509306e-18
  0   1   7   2  -4.1720841255217319e-18
  0   1   7   3  -1.0486690197557992e-02
  0   1   7   4   3.8777510640372598e-01
  0   1   7   5  -5.0512590127636441e-18
  0   1   7   6   3.6400982984428622e-17
  0   1   7   7  -9.3431669803891531e+00
  0   2   0   0   6.6962865960100260e+00
  0   2   0   1  -6.6809953419415198e+00
  0   2   0   2   4.4454602531403902e+00
  0   2   0   3  -4.4510024698693933e-20
  0   2   0   4  -8.8169992827638006e-19
  0   2   0   5  -1.9969603256955050e-02
  0   2   0   6  -2.2303891604759520e-23
  0   2   0   7   5.4528022501012972e-19
  0   2   1   0  -1.3179377589089576e+00
  0   2   1   1   1.2016528614350044e+01
  0   2   1   2  -7.9956790673496689e+00
  0   2   1   3   7.7749255315691866e-20
  0   2   1   4   1.5738495094646580e-18
  0   2   1   5   3.4970110296839427e-02
  0   2   1   6   3.9397364613088507e-23
  0   2   1   7  -9.7405928385754830e-19
  0   2   2   0  -3.6145369363246687e+00
  0   2   2   1  -3.5144574338426242e+00
  0   2   2   2   8.3019914412811904e+00
  0   2   2   3  -2.1354718229499359e-20
  0   2   2   4  -3.3521938100474682e-18
  0   2   2   5  -2.2864984300987143e-02
  0   2   2   6  -5.5825777003825978e-24
  0   2   2   7   2.4080903912544052e-18
  0   2   3   0  -1.0331286789919366e-20
  0   2   3   1   7.9296655739907311e-20
  0   2   3   2  -5.2239067358427201e-20
  0   2   3   3   5.9635031684737596e+00
  0   2   3   4  -1.4526748321564602e-02
  0   2   3   5  -1.4515462996914673e-17
  0   2   3   6  -4.7706088316652065e-16
  0   2   3   7   6.9777274304600248e-03
  0   2   4   0   2.0014871856844028e-18
  0   2   4   1  -5.9660003501510426e-19
  0   2   4   2  -2.4993935764041385e-18
  0   2   4   3  -1.4526748321564602e-02
  0   2   4   4   1.0742801747720743e-02
  0   2   4   5  -1.0074037038310368e-19
  0   2   4   6   2.1441130918743612e-18
  0   2   4   7  -2.5802125797832032e-01
  0   2   5   0   5.3698828299514265e-03
  0   2   5   1   2.5682148163691139e-02
  0   2   5   2  -3.0079321262046776e-02
  0   2   5   3  -1.4515529500238470e-17
  0   2   5   4  -9.5478606387373488e-20
  0   2   5   5   1.0231455363245574e-04
  0   2   5   6   7.1297451370023242e-26
  0   2   5   7   3.3618198140808562e-18
  0   2   6   0  -9.0318372463741765e-24
  0   2   6   1   4.4018809829324347e-23
  0   2   6   2  -2.3617784495852544e-23
  0   2   6   3  -4.7706088316652065e-16
  0   2   6   4   2.1441130918743612e-18
  0   2   6   5   1.1611803763940582e-25
  0   2   6   6   3.8253386158302115e-32
  0   2   6   7  -2.4220810635304515e-17
  0   2   7   0  -1.4900769587708209e-18
  0   2   7   1   6.1993500915396344e-19
  0   2   7   2   1.7132063964203094e-18
  0   2   7   3   6.9777274304600248e-03
  0   2   7   4  -2.5802125797832032e-01
  0   2   7   5   3.3658262368028429e-18
  0   2   7   6  -2.4220810635304515e-17
  0   2   7   7   6.2168397557516606e+00
  0   3   0   0  -6.7046349490446499e-20
  0   3   0   1   6.6893246311583882e-20
  0   3   0   2  -4.4510024698693933e-20
  0   3   0   3   4.4565515961565794e-40
  0   3   0   4   8.8279915576109386e-39
  0   3   0   5   1.9994499637293638e-22
  0   3   0   6   2.2331698174638632e-43
  0   3   0   7  -5.4596003340182797e-39
  0   3   1   0   1.4933513492748982e-20
  0   3   1   1  -1.2204883473483327e-19
  0   3   1   2   8.1210083206171550e-20
  0   3   1   3  -7.9001233904182398e-40
  0   3   1   4  -1.5986920077030280e-38
  0   3   1   5  -3.5531924773901507e-22
  0   3   1   6  -4.0025274040988950e-43
  0   3   1   7   9.8942383048790480e-39
  0   3   2   0  -1.0331286789919366e-20
  0   3   2   1   8.1603874333560433e-20
  0   3   2   2  -1.1400776561628287e-19
  0   3   2   3   5.2304194525589895e-40
  0   3   2   4   3.9689244227798539e-38
  0   3   2   5   3.6767153947030092e-22
  0   3   2   6   2.1084922442381853e-43
  0   3   2   7  -2.7899200661195859e-38
  0   3   3   0  -4.4914726550647037e+00
  0   3   3   1   4.4812161870169858e+00
  0   3   3   2  -2.9817515842368798e+00
  0   3   3   3  -2.9854689751415033e-20
  0   3   3   4   5.9153756734830007e-19
  0   3   3   5   1.3394427743661402e-02
  0   3   3   6   1.4960130186785479e-23
  0   3   3   7  -3.6581156078236809e-19
  0   3   4   0   1.0940967248620250e-02
  0   3   4   1  -1.0915983086494701e-02
  0   3   4   2   7.2633741607823011e-03
  0   3   4   3   7.2724295097204583e-23
  0   3   4   4  -1.5481588982532613e-21
  0   3   4   5  -3.2628050199116409e-05
  0   3   4   6  -3.6442010667523773e-26
  0   3   4   7   3.4743549559837864e-21
  0   3   5   0   1.0932690742113839e-17
  0   3   5   1  -1.0908036264404929e-17
  0   3   5   2   7.2582165024427471e-18
  0   3   5   3   7.2666623338844768e-38
  0   3   5   4  -1.4385582842581747e-36
  0   3   5   5  -3.2604552839720738e-20
  0   3   5   6  -3.6415336348600951e-41
  0   3   5   7   8.5659589935698249e-37
  0   3   6   0   3.5930322345948013e-16
  0   3   6   1  -3.5848273933013808e-16
  0   3   6   2   2.3853044158326033e-16
  0   3   6   3   2.3882782078101275e-36
  0   3   6   4  -4.7330916436320061e-35
  0   3   6   5  -1.0715107124755059e-18
  0   3   6   6  -1.1967618222999215e-39
  0   3   6   7   2.9500657810457764e-35
  0   3   7   0  -5.2553459037445304e-03
  0   3   7   1   5.2433450987789962e-03
  0   3   7   2  -3.4888637152300124e-03
  0   3   7   3  -3.4932133298360817e-23
  0   3   7   4   3.2754006612929331e-21
  0   3   7   5   1.5672443401448020e-05
  0   3   7   6   1.7504427820353610e-26
  0   3   7   7  -6.2673847836380652e-20
  0   4   0   0  -1.3281224159521623e-18
  0   4   0   1   1.3250895921616598e-18
  0   4   0   2  -8.8169992827638006e-19
  0   4   0   3   8.8279915576109386e-39
  0   4   0   4   1.7487385315691479e-37
  0   4   0   5   3.9607142470629108e-21
  0   4   0   6   4.4236903511415974e-42
  0   4   0   7  -1.0814932715736886e-37
  0   4   1   0   2.7042694612424724e-19
  0   4   1   1  -2.3923343699385058e-18
  0   4   1   2   1.5918355733651948e-18
  0   4   1   3  -1.5480594201598683e-38
  0   4   1   4  -3.1334193177841333e-37
  0   4   1   5  -6.9628040363403290e-21
  0   4   1   6  -7.8440411808615627e-42
  0   4   1   7   1.9392753504627815e-37
  0   4   2   0   2.0014871856844028e-18
  0   4   2   1  -5.8460932574807971e-19
  0   4   2   2  -7.9379310911747941e-19
  0   4   2   3  -4.3032003081550259e-39
  0   4   2   4   4.9572260498633674e-37
  0   4   2   5   7.0408293330571489e-22
  0   4   2   6  -3.1714614035093737e-42
  0   4   2   7  -3.7300930107089097e-37
  0   4   3   0   1.0940967248620250e-02
  0   4   3   1  -1.0915983086494701e-02
  0   4   3   2   7.2633741607823011e-03
  0   4   3   3  -1.1828569618113084e-18
  0   4   3   4   1.4405969487821270e-21
  0   4   3   5  -3.2628050199116409e-05
  0   4   3   6  -3.6442010572883408e-26
  0   4   3   7  -4.9301700013993659e-22
  0   4   4   0  -8.0910496608351621e-03
  0   4   4   1   8.0725734062318342e-03
  0   4   4   2  -5.3714008738603713e-03
  0   4   4   3   2.9349748722998210e-21
  0   4   4   4  -1.0653483543983473e-21
  0   4   4   5   2.4129052623803944e-05
  0   4   4   6   2.6949547635651388e-26
  0   4   4   7   5.0516345482451942e-20
  0   4   5   0   7.5338867544368299e-20
  0   4   5   1  -8.1323167376176842e-20
  0   4   5   2   5.6688073587240623e-20
  0   4   5   3   2.8784609338601372e-36
  0   4   5   4   8.8768529128658319e-39
  0   4   5   5  -2.4814381739074030e-22
  0   4   5   6  -2.6862595436598253e-43
  0   4   5   7  -6.6055218010634831e-37
  0   4   6   0  -1.6148604351265222e-18
  0   4   6   1   1.6111728329242194e-18
  0   4   6   2  -1.0720565459371806e-18
  0   4   6   3   9.4629631079830695e-35
  0   4   6   4  -2.1262864266828144e-37
  0   4   6   5   4.8158216860140740e-21
  0   4   6   6   5.3787530648005194e-42
  0   4   6   7   4.6723881403907382e-36
  0   4   7   0   1.9433131699527839e-01
  0   4   7   1  -1.9388755320186299e-01
  0   4   7   2   1.2901062898916016e-01
  0   4   7   3  -2.6756572728926516e-21
  0   4   7   4   2.5587600799327395e-20
  0   4   7   5  -5.7953303598289800e-04
  0   4   7   6  -6.4727585468389247e-25
  0   4   7   7  -1.2172058490739130e-18
  0   5   0   0  -3.0080616854626336e-02
  0   5   0   1   3.0011926491950468e-02
  0   5   0   2  -1.9969603256955050e-02
  0   5   0   3   1.9994499637293638e-22
  0   5   0   4   3.9607142470629108e-21
  0   5   0   5   8.9706134243012863e-05
  0   5   0   6   1.0019207035279102e-25
  0   5   0   7  -2.4494718515643399e-21
  0   5   1   0   6.6340111757451220e-03
  0   5   1   1  -5.4691885501336863e-02
  0   5   1   2   3.6391437830721581e-02
  0   5   1   3  -3.5400374024542675e-22
  0   5   1   4  -7.1639102826061974e-21
  0   5   1   5  -1.5921868689069277e-04
  0   5   1   6  -1.7935528390187605e-25
  0   5   1   7   4.4337182033352301e-21
  0   5   2   0   5.3698828299514265e-03
  0   5   2   1   2.6629699852945908e-02
  0   5   2   2  -4.4507995184166038e-02
  0   5   2   3   1.6816156808522581e-22
  0   5   2   4   1.6489374920496329e-20
  0   5   2   5   1.3512034247010441e-04
  0   5   2   6   6.1273667043817584e-26
  0   5   2   7  -1.1702375466052497e-20
  0   5   3   0   1.0932690742113839e-17
  0   5   3   1  -1.0908035387399932e-17
  0   5   3   2   7.2580834957951583e-18
  0   5   3   3  -2.6788855487322804e-02
  0   5   3   4   6.5256100398232818e-05
  0   5   3   5   3.2602175530626054e-20
  0   5   3   6   2.1430214249510117e-18
  0   5   3   7  -3.1344886802896039e-05
  0   5   4   0   7.5338867544368299e-20
  0   5   4   1  -8.1457238207020755e-20
  0   5   4   2   6.7211601578701029e-20
  0   5   4   3   6.5256100398232818e-05
  0   5   4   4  -4.8258105247607888e-05
  0   5   4   5   2.0105165618739822e-22
  0   5   4   6  -9.6316433720281480e-21
  0   5   4   7   1.1590660719657960e-03
  0   5   5   0   5.8577790235255466e-07
  0   5   5   1  -1.4001924106329768e-04
  0   5   5   2   1.5152323688892875e-04
  0   5   5   3   6.5205539715799453e-20
  0   5   5   4   4.2564939297646745e-22
  0   5   5   5  -5.3329468767322373e-07
  0   5   5   6  -4.0257478288079199e-28
  0   5   5   7  -1.5099733191222783e-20
  0   5   6   0   3.3022708970425383e-26
  0   5   6   1  -1.9020611855468413e-25
  0   5   6   2   1.0108236115009733e-25
  0   5   6   3   2.1430214249510117e-18
  0   5   6   4  -9.6316433720281480e-21
  0   5   6   5  -4.9910369640667046e-28
  0   5   6   6  -1.7183933750768473e-34
  0   5   6   7   1.0880312755179496e-19
  0   5   7   0  -2.5341086912104560e-18
  0   5   7   1   2.5322154557606450e-18
  0   5   7   2  -1.6944570475175201e-18
  0   5   7   3  -3.1344886802896039e-05
  0   5   7   4   1.1590660719657960e-03
  0   5   7   5  -7.5425856535829136e-21
  0   5   7   6   1.0880312755179496e-19
  0   5   7   7  -2.7926877390642445e-02
  0   6   0   0  -3.3596802555214537e-23
  0   6   0   1   3.3520082833560551e-23
  0   6   0   2  -2.2303891604759520e-23
  0   6   0   3   2.2331698174638632e-43
  0   6   0   4   4.4236903511415974e-42
  0   6   0   5   1.0019207035279102e-25
  0   6   0   6   1.1190372928549767e-46
  0   6   0   7  -2.7357956972516735e-42
  0   6   1   0   7.1537573788882192e-24
  0   6   1   1  -6.0829800262094514e-23
  0   6   1   2   4.0475545693345529e-23
  0   6   1   3  -3.9368422737471944e-43
  0   6   1   4  -7.9676443468351059e-42
  0   6   1   5  -1.7706749225386945e-25
  0   6   1   6  -1.9946875628874570e-46
  0   6   1   7   4.9311616142102286e-42
  0   6   2   0  -9.0318372463741765e-24
  0   6   2   1   4.4737597216162362e-23
  0   6   2   2  -5.9688198086792433e-23
  0   6   2   3   2.8771842457702947e-43
  0   6   2   4   2.0395775184675062e-41
  0   6   2   5   1.9573542585196530e-25
  0   6   2   6   1.1849583065509178e-46
  0   6   2   7  -1.4294139428116605e-41
  0   6   3   0   3.5930322345948013e-16
  0   6   3   1  -3.5848273933013808e-16
  0   6   3   2   2.3853044158326033e-16
  0   6   3   3  -2.9920260373563793e-23
  0   6   3   4   7.2884021287695167e-26
  0   6   3   5  -1.0715107124755059e-18
  0   6   3   6   1.1967618222995385e-39
  0   6   3   7  -3.5008855610964057e-26
  0   6   4   0  -1.6148604351265222e-18
  0   6   4   1   1.6111728329242194e-18
  0   6   4   2  -1.0720565459371806e-18
  0   6   4   3   7.2884021335015346e-26
  0   6   4   4  -5.3899095271940653e-26
  0   6   4   5   4.8158216860140740e-21
  0   6   4   6  -5.3787530723875871e-42
  0   6   4   7   1.2945517093772613e-24
  0   6   5   0   3.3022708970425383e-26
  0   6   5   1  -1.8868092412267973e-25
  0   6   5   2   1.9072353368886247e-25
  0   6   5   3   7.2827335357310605e-41
  0   6   5   4   4.7114247916616143e-43
  0   6   5   5  -6.9216152345842739e-28
  0   6   5   6  -5.5744496277421654e-49
  0   6   5   7  -1.6862136554107959e-41
  0   6   6   0  -2.8810924223524173e-32
  0   6   6   1   2.8745133257750087e-32
  0   6   6   2  -1.9126693079150880e-32
  0   6   6   3   2.3935236445992685e-39
  0   6   6   4  -1.0757506140981640e-41
  0   6   6   5   8.5919668753841532e-35
  0   6   6   6  -9.5962997058297697e-56
  0   6   6   7   1.2152135082012817e-40
  0   6   7   0   1.8242148210313184e-17
  0   6   7   1  -1.8200491492214311e-17
  0   6   7   2   1.2110405317652258e-17
  0   6   7   3  -3.5008855640343461e-26
  0   6   7   4   1.2945517093749909e-24
  0   6   7   5  -5.4401563775897480e-20
  0   6   7   6   6.0760675411237122e-41
  0   6   7   7  -3.1191308017766036e-23
  0   7   0   0   8.2136661985117318e-19
  0   7   0   1  -8.1949099438510996e-19
  0   7   0   2   5.4528022501012972e-19
  0   7   0   3  -5.4596003340182797e-39
  0   7   0   4  -1.0814932715736886e-37
  0   7   0   5  -2.4494718515643399e-21
  0   7   0   6  -2.7357956972516735e-42
  0   7   0   7   6.6884081030092579e-38
  0   7   1   0  -1.6669753791599073e-19
  0   7   1   1   1.4789753541848907e-18
  0   7   1   2  -9.8409553949870821e-19
  0   7   1   3   9.5702207808545978e-39
  0   7   1   4   1.9371192652945920e-37
  0   7   1   5   4.3044623509759371e-21
  0   7   1   6   4.8492660975763902e-42
  0   7   1   7  -1.1988847626669105e-37
  0   7   2   0  -1.4900769587708209e-18
  0   7   2   1   6.1324417205985684e-19
  0   7   2   2   3.2343840675211779e-19
  0   7   2   3   4.3381330871105954e-39
  0   7   2   4  -2.7335883292537993e-37
  0   7   2   5   3.1689269990759101e-22
  0   7   2   6   2.8016329839553888e-42
  0   7   2   7   2.1014192370046099e-37
  0   7   3   0  -5.2553459037445304e-03
  0   7   3   1   5.2433450987789962e-03
  0   7   3   2  -3.4888637152300124e-03
  0   7   3   3   7.3151832516484110e-19
  0   7   3   4  -1.0898798842124966e-21
  0   7   3   5   1.5672443401448020e-05
  0   7   3   6   1.7504427761594806e-26
  0   7   3   7   4.2794407852963866e-22
  0   7   4   0   1.9433131699527839e-01
  0   7   4   1  -1.9388755320186299e-01
  0   7   4   2   1.2901062898916016e-01
  0   7   4   3  -3.0735658622743583e-21
  0   7   4   4  -2.4269888566921706e-20
  0   7   4   5  -5.7953303598289800e-04
  0   7   4   6  -6.4727585468843337e-25
  0   7   4   7  -1.5824445793708915e-20
  0   7   5   0  -2.5341086912104560e-18
  0   7   5   1   2.5321292851924056e-18
  0   7   5   2  -1.6864442020735468e-18
  0   7   5   3  -1.7636265523863091e-36
  0   7   5   4   3.2204136268424094e-37
  0   7   5   5   7.5717094216968227e-21
  0   7   5   6   8.4515106993979404e-42
  0   7   5   7   2.0595415689650449e-37
  0   7   6   0   1.8242148210313184e-17
  0   7   6   1  -1.8200491492214311e-17
  0   7   6   2   1.2110405317652258e-17
  0   7   6   3  -5.8637550515096092e-35
  0   7   6   4  -2.1389463608566393e-36
  0   7   6   5  -5.4401563775897480e-20
  0   7   6   6  -6.0760675406544959e-41
  0   7   6   7  -1.4854625079390516e-36
  0   7   7   0  -4.6822756649970882e+00
  0   7   7   1   4.6715834901945765e+00
  0   7   7   2  -3.1084198778758303e+00
  0   7   7   3   3.1978840035984789e-20
  0   7   7   4   5.8486625584639307e-19
  0   7   7   5   1.3963438695321222e-02
  0   7   7   6   1.5595654008880790e-23
  0   7   7   7   3.8127883141835056e-19
  1   0   0   0  -1.0063718267336755e+01
  1   0   0   1   1.9807188741643316e+00
  1   0   0   2  -1.3179377589089576e+00
  1   0   0   3   1.4933513492748982e-20
  1   0   0   4   2.7042694612424724e-19
  1   0   0   5   6.6340111757451220e-03
  1   0   0   6   7.1537573788882192e-24
  1   0   0   7  -1.6669753791599073e-19
  1   0   1   0   1.0040737340416541e+01
  1   0   1   1  -1.8059421964112389e+01
  1   0   1   2   1.2016549819984512e+01
  1   0   1   3  -1.1858157331846249e-19
  1   0   1   4  -2.3743179731668557e-18
  1   0   1   5  -5.3267923843017893e-02
  1   0   1   6  -5.9749655138370492e-23
  1   0   1   7   1.4689224269509306e-18
  1   0   2   0  -6.6809953419415198e+00
  1   0   2   1   1.2016560422801746e+01
  1   0   2   2  -1.6958122334363757e+01
  1   0   2   3   7.8115282357740661e-20
  1   0   2   4   5.9327346623247190e-18
  1   0   2   5   5.4967362097018156e-02
  1   0   2   6   3.1232655260873849e-23
  1   0   2   7  -4.1720841255217319e-18
  1   0   3   0   6.6893246311583882e-20
  1   0   3   1  -1.1684794261027710e-19
  1   0   3   2   7.6961673060914099e-20
  1   0   3   3  -8.9624323740339715e+00
  1   0   3   4   2.1831966172989402e-02
  1   0   3   5   2.1815007886574133e-17
  1   0   3   6   7.1696547866027616e-16
  1   0   3   7  -1.0486690197557992e-02
  1   0   4   0   1.3250895921616598e-18
  1   0   4   1  -2.3653097747810306e-18
  1   0   4   2   5.9267393076912068e-18
  1   0   4   3   2.1831966172989402e-02
  1   0   4   4  -1.6145146812463668e-02
  1   0   4   5   1.4155681639706683e-19
  1   0   4   6  -3.2223456658484388e-18
  1   0   4   7   3.8777510640372598e-01
  1   0   5   0   3.0011926491950468e-02
  1   0   5   1  -5.2555943013858408e-02
  1   0   5   2   5.4493586252390772e-02
  1   0   5   3   2.1815007448071636e-17
  1   0   5   4   1.4162385181248879e-19
  1   0   5   5  -1.9761757854548295e-04
  1   0   5   6  -1.5536582294825329e-25
  1   0   5   7  -5.0512590127636441e-18
  1   0   6   0   3.3520082833560551e-23
  1   0   6   1  -5.9209582576508481e-23
  1   0   6   2   3.0873261567454841e-23
  1   0   6   3   7.1696547866027616e-16
  1   0   6   4  -3.2223456658484388e-18
  1   0   6   5  -1.5612842016425549e-25
  1   0   6   6  -5.7490266515500777e-32
  1   0   6   7   3.6400982984428622e-17
  1   0   7   0  -8.1949099438510996e-19
  1   0   7   1   1.4638959633339506e-18
  1   0   7   2  -4.1687387069746780e-18
  1   0   7   3  -1.0486690197557992e-02
  1   0   7   4   3.8777510640372598e-01
  1   0   7   5  -5.0512159274795236e-18
  1   0   7   6   3.6400982984428622e-17
  1   0   7   7  -9.3431669803891531e+00
  1   1   0   0   2.6160774272920960e+01
  1   1   0   1  -1.8059421964112389e+01
  1   1   0   2   1.2016528614350044e+01
  1   1   0   3  -1.2204883473483327e-19
  1   1   0   4  -2.3923343699385058e-18
  1   1   0   5  -5.4691885501336863e-02
  1   1   0   6  -6.0829800262094514e-23
  1   1   0   7   1.4789753541848907e-18
  1   1   1   0  -1.8059421964112389e+01
  1   1   1   1   3.2481949345000480e+01
  1   1   1   2  -2.1613148157790199e+01
  1   1   1   3   2.1328261034239983e-19
  1   1   1   4   4.2704841985855084e-18
  1   1   1   5   9.5808493063653341e-02
  1   1   1   6   1.0746663295439460e-22
  1   1   1   7  -2.6420260824942959e-18
  1   1   2   0   1.2016528614350044e+01
  1   1   2   1  -2.1613148157790199e+01
  1   1   2   2   3.0501122493592412e+01
  1   1   2   3  -1.4049920248057693e-19
  1   1   2   4  -1.0670703740282646e-17
  1   1   2   5  -9.8865072147476987e-02
  1   1   2   6  -5.6175462795016500e-23
  1   1   2   7   7.5039720254976863e-18
  1   1   3   0  -1.2204883473483327e-19
  1   1   3   1   2.1328261034239983e-19
  1   1   3   2  -1.4049920248057693e-19
  1   1   3   3   1.6119966351075409e+01
  1   1   3   4  -3.9267304387815706e-02
  1   1   3   5  -3.9236793760290674e-17
  1   1   3   6  -1.2895449481293366e-15
  1   1   3   7   1.8861519514339200e-02
  1   1   4   0  -2.3923343699385058e-18
  1   1   4   1   4.2704841985855084e-18
  1   1   4   2  -1.0670703740282646e-17
  1   1   4   3  -3.9267304387815706e-02
  1   1   4   4   2.9038905119564612e-02
  1   1   4   5  -2.5455843973699647e-19
  1   1   4   6   5.7957596260925071e-18
  1   1   4   7  -6.9745816828955576e-01
  1   1   5   0  -5.4691885501336863e-02
  1   1   5   1   9.5808493063653341e-02
  1   1   5   2  -9.8865072147476987e-02
  1   1   5   3  -3.9236793760290674e-17
  1   1   5   4  -2.5455843973699647e-19
  1   1   5   5   3.5921515091786352e-04
  1   1   5   6   2.8368011908509173e-25
  1   1   5   7   9.0851666589988260e-18
  1   1   6   0  -6.0829800262094514e-23
  1   1   6   1   1.0746663295439460e-22
  1   1   6   2  -5.6175462795016500e-23
  1   1   6   3  -1.2895449481293366e-15
  1   1   6   4   5.7957596260925071e-18
  1   1   6   5   2.8368011908509173e-25
  1   1   6   6   1.0340286242261548e-31
  1   1   6   7  -6.5471358261523852e-17
  1   1   7   0   1.4789753541848907e-18
  1   1   7   1  -2.6420260824942959e-18
  1   1   7   2   7.5039720254976863e-18
  1   1   7   3   1.8861519514339200e-02
  1   1   7   4  -6.9745816828955576e-01
  1   1   7   5   9.0851666589988260e-18
  1   1   7   6  -6.5471358261523852e-17
  1   1   7   7   1.6804761369547947e+01
  1   2   0   0  -1.7407110508006646e+01
  1   2   0   1   1.2016560422801746e+01
  1   2   0   2  -7.9956790673496689e+00
  1   2   0   3   8.1210083206171550e-20
  1   2   0   4   1.5918355733651948e-18
  1   2   0   5   3.6391437830721581e-02
  1   2   0   6   4.0475545693345529e-23
  1   2   0   7  -9.8409553949870821e-19
  1   2   1   0   1.2016549819984512e+01
  1   2   1   1  -2.1613148157790199e+01
  1   2   1   2   1.4381161928709455e+01
  1   2   1   3  -1.4191601026925547e-19
  1   2   1   4  -2.8415353619697968e-18
  1   2   1   5  -6.3749965661407379e-02
  1   2   1   6  -7.1507169578776859e-23
  1   2   1   7   1.7579764241115132e-18
  1   2   2   0  -3.5144574338426242e+00
  1   2   2   1   6.3211816462679771e+00
  1   2   2   2  -1.4932100481041418e+01
  1   2   2   3   4.0563342776084944e-20
  1   2   2   4   6.0405082332208428e-18
  1   2   2   5   4.2010129148255415e-02
  1   2   2   6   1.0712092857871600e-23
  1   2   2   7  -4.3374792421465214e-18
  1   2   3   0   8.1603874333560433e-20
  1   2   3   1  -1.4262441416359474e-19
  1   2   3   2   9.3958059141476023e-20
  1   2   3   3  -1.0726056411944088e+01
  1   2   3   4   2.6128052182974475e-02
  1   2   3   5   2.6107748642161986e-17
  1   2   3   6   8.5804967318992105e-16
  1   2   3   7  -1.2550257110945512e-02
  1   2   4   0  -5.8460932574807971e-19
  1   2   4   1   1.0730488271866277e-18
  1   2   4   2   4.4954510358753799e-18
  1   2   4   3   2.6128052182974475e-02
  1   2   4   4  -1.9322182668995633e-02
  1   2   4   5   1.8092693953080254e-19
  1   2   4   6  -3.8564376218681722e-18
  1   2   4   7   4.6408134453369326e-01
  1   2   5   0   2.6629699852945908e-02
  1   2   5   1  -4.6192412418372575e-02
  1   2   5   2   5.4101169660696988e-02
  1   2   5   3   2.6107866017872908e-17
  1   2   5   4   1.7168884993043618e-19
  1   2   5   5  -1.8723037508051494e-04
  1   2   5   6  -1.3066855280692909e-25
  1   2   5   7  -6.0466026366425688e-18
  1   2   6   0   4.4737597216162362e-23
  1   2   6   1  -7.9173022970657039e-23
  1   2   6   2   4.2479341700842348e-23
  1   2   6   3   8.5804967318992105e-16
  1   2   6   4  -3.8564376218681722e-18
  1   2   6   5  -2.1136891237056663e-25
  1   2   6   6  -6.8803179320996285e-32
  1   2   6   7   4.3563954588084941e-17
  1   2   7   0   6.1324417205985684e-19
  1   2   7   1  -1.1150213765815729e-18
  1   2   7   2  -3.0814016416479312e-18
  1   2   7   3  -1.2550257110945512e-02
  1   2   7   4   4.6408134453369326e-01
  1   2   7   5  -6.0536487062554430e-18
  1   2   7   6   4.3563954588084941e-17
  1   2   7   7  -1.1181711829504232e+01
  1   3   0   0   1.7081271194925367e-19
  1   3   0   1  -1.1684794261027710e-19
  1   3   0   2   7.7749255315691866e-20
  1   3   0   3  -7.9001233904182398e-40
  1   3   0   4  -1.5480594201598683e-38
  1   3   0   5  -3.5400374024542675e-22
  1   3   0   6  -3.9368422737471944e-43
  1   3   0   7   9.5702207808545978e-39
  1   3   1   0  -1.1858157331846249e-19
  1   3   1   1   2.1328261034239983e-19
  1   3   1   2  -1.4191601026925547e-19
  1   3   1   3   1.4004538764379778e-39
  1   3   1   4   2.8040805298542806e-38
  1   3   1   5   6.2909664923582771e-22
  1   3   1   6   7.0564619622343387e-43
  1   3   1   7  -1.7348041938062436e-38
  1   3   2   0   7.9296655739907311e-20
  1   3   2   1  -1.4262441416359474e-19
  1   3   2   2   2.0074749187225818e-19
  1   3   2   3  -9.2719579628553780e-40
  1   3   2   4  -7.0158990501154925e-38
  1   3   2   5  -6.5125622678050928e-22
  1   3   2   6  -3.7120244833045201e-43
  1   3   2   7   4.9330117046897727e-38
  1   3   3   0   4.4812161870169858e+00
  1   3   3   1  -8.0599831755377043e+00
  1   3   3   2   5.3630282059720438e+00
  1   3   3   3   5.2923370846248111e-20
  1   3   3   4  -1.0599242508356064e-18
  1   3   3   5  -2.3773660686578331e-02
  1   3   3   6  -2.6666480030013994e-23
  1   3   3   7   6.5570906419848495e-19
  1   3   4   0  -1.0915983086494701e-02
  1   3   4   1   1.9633652193907853e-02
  1   3   4   2  -1.3064026091487237e-02
  1   3   4   3  -1.2891826614205287e-22
  1   3   4   4   2.7719609430968980e-21
  1   3   4   5   5.7911260499017162e-05
  1   3   4   6   6.4958000872042320e-26
  1   3   4   7  -6.1766095931441145e-21
  1   3   5   0  -1.0908035387399932e-17
  1   3   5   1   1.9619340525119190e-17
  1   3   5   2  -1.3054733829710241e-17
  1   3   5   3  -1.2881603148878918e-37
  1   3   5   4   2.5776502319515218e-36
  1   3   5   5   5.7869550013529668e-20
  1   3   5   6   6.4910431999130891e-41
  1   3   5   7  -1.5360974401063551e-36
  1   3   6   0  -3.5848273933013808e-16
  1   3   6   1   6.4477247406466830e-16
  1   3   6   2  -4.2902483659496053e-16
  1   3   6   3  -4.2336977650205651e-36
  1   3   6   4   8.4807927247815247e-35
  1   3   6   5   1.9018156346754954e-18
  1   3   6   6   2.1332317858592997e-39
  1   3   6   7  -5.2874585133550751e-35
  1   3   7   0   5.2433450987789962e-03
  1   3   7   1  -9.4307597571696000e-03
  1   3   7   2   6.2751285554727559e-03
  1   3   7   3   6.1924148614275821e-23
  1   3   7   4  -5.8195278631012637e-21
  1   3   7   5  -2.7816892120079479e-05
  1   3   7   6  -3.1201698720547337e-26
  1   3   7   7   1.1111031687173004e-19
  1   4   0   0   3.4344148842364849e-18
  1   4   0   1  -2.3653097747810306e-18
  1   4   0   2   1.5738495094646580e-18
  1   4   0   3  -1.5986920077030280e-38
  1   4   0   4  -3.1334193177841333e-37
  1   4   0   5  -7.1639102826061974e-21
  1   4   0   6  -7.9676443468351059e-42
  1   4   0   7   1.9371192652945920e-37
  1   4   1   0  -2.3743179731668557e-18
  1   4   1   1   4.2704841985855084e-18
  1   4   1   2  -2.8415353619697968e-18
  1   4   1   3   2.8040805298542806e-38
  1   4   1   4   5.6145138017018361e-37
  1   4   1   5   1.2596185388165312e-20
  1   4   1   6   1.4128910584535734e-41
  1   4   1   7  -3.4735386468667300e-37
  1   4   2   0  -5.9660003501510426e-19
  1   4   2   1   1.0730488271866277e-18
  1   4   2   2   1.4053366411844550e-18
  1   4   2   3   7.2321124470122467e-39
  1   4   2   4  -8.8824415925271239e-37
  1   4   2   5  -1.4516159656284245e-21
  1   4   2   6   5.5658838110536789e-42
  1   4   2   7   6.6816065135527293e-37
  1   4   3   0  -1.0915983086494701e-02
  1   4   3   1   1.9633652193907853e-02
  1   4   3   2  -1.3064026091487237e-02
  1   4   3   3   2.1194617468727870e-18
  1   4   3   4  -2.5812860110106778e-21
  1   4   3   5   5.7911260499017162e-05
  1   4   3   6   6.4958000702464517e-26
  1   4   3   7   8.8280415537269643e-22
  1   4   4   0   8.0725734062318342e-03
  1   4   4   1  -1.4519452559782306e-02
  1   4   4   2   9.6610913344978167e-03
  1   4   4   3  -5.2579094880644659e-21
  1   4   4   4   1.9089092243229510e-21
  1   4   4   5  -4.2826458938372141e-05
  1   4   4   6  -4.8037655078613219e-26
  1   4   4   7  -9.0515605552503315e-20
  1   4   5   0  -8.1457238207020755e-20
  1   4   5   1   1.4617349795074621e-19
  1   4   5   2  -1.0187898331421029e-19
  1   4   5   3  -5.1576836186514110e-36
  1   4   5   4  -1.5905695389089278e-38
  1   4   5   5   4.4122547873521163e-22
  1   4   5   6   4.7923710861272615e-43
  1   4   5   7   1.1835849353317183e-36
  1   4   6   0   1.6111728329242194e-18
  1   4   6   1  -2.8978798130462536e-18
  1   4   6   2   1.9282188109340861e-18
  1   4   6   3  -1.6955877041815529e-34
  1   4   6   4   3.8099160304610008e-37
  1   4   6   5  -8.5475626791554224e-21
  1   4   6   6  -9.5876445857749837e-42
  1   4   6   7  -8.3719768163366815e-36
  1   4   7   0  -1.9388755320186299e-01
  1   4   7   1   3.4872908414477788e-01
  1   4   7   2  -2.3204067226684663e-01
  1   4   7   3   4.7695927596739527e-21
  1   4   7   4  -4.5848296467979364e-20
  1   4   7   5   1.0286084644892683e-03
  1   4   7   6   1.1537712865683580e-24
  1   4   7   7   2.1809995391955679e-18
  1   5   0   0   7.6767757124361152e-02
  1   5   0   1  -5.2555943013858408e-02
  1   5   0   2   3.4970110296839427e-02
  1   5   0   3  -3.5531924773901507e-22
  1   5   0   4  -6.9628040363403290e-21
  1   5   0   5  -1.5921868689069277e-04
  1   5   0   6  -1.7706749225386945e-25
  1   5   0   7   4.3044623509759371e-21
  1   5   1   0  -5.3267923843017893e-02
  1   5   1   1   9.5808493063653341e-02
  1   5   1   2  -6.3749965661407379e-02
  1   5   1   3   6.2909664923582771e-22
  1   5   1   4   1.2596185388165312e-20
  1   5   1   5   2.8259595031173687e-04
  1   5   1   6   3.1698270472089314e-25
  1   5   1   7  -7.7928986006994911e-21
  1   5   2   0   2.5682148163691139e-02
  1   5   2   1  -4.6192412418372575e-02
  1   5   2   2   7.8283250685580133e-02
  1   5   2   3  -2.9912909401493643e-22
  1   5   2   4  -2.9165884766727558e-20
  1   5   2   5  -2.3982399511309244e-04
  1   5   2   6  -1.0760546636143828e-25
  1   5   2   7   2.0705553444420396e-20
  1   5   3   0  -1.0908036264404929e-17
  1   5   3   1   1.9619340525119190e-17
  1   5   3   2  -1.3054499078288397e-17
  1   5   3   3   4.7547321373156662e-02
  1   5   3   4  -1.1582252099803432e-04
  1   5   3   5  -5.7865335760697640e-20
  1   5   3   6  -3.8036312693509907e-18
  1   5   3   7   5.5633784240158959e-05
  1   5   4   0  -8.1323167376176842e-20
  1   5   4   1   1.4617349795074621e-19
  1   5   4   2  -1.2035516251494304e-19
  1   5   4   3  -1.1582252099803432e-04
  1   5   4   4   8.5652917876744282e-05
  1   5   4   5  -3.5684494673060663e-22
  1   5   4   6   1.7095125358310845e-20
  1   5   4   7  -2.0572169289785366e-03
  1   5   5   0  -1.4001924106329768e-04
  1   5   5   1   2.4428635000867355e-04
  1   5   5   2  -2.6612080512938119e-04
  1   5   5   3  -1.1573277864781129e-19
  1   5   5   4  -7.5588015946351573e-22
  1   5   5   5   9.4654039674802301e-07
  1   5   5   6   7.0999313256459804e-28
  1   5   5   7   2.6800649571483445e-20
  1   5   6   0  -1.8868092412267973e-25
  1   5   6   1   3.3363399753879385e-25
  1   5   6   2  -1.7677428270233039e-25
  1   5   6   3  -3.8036312693509907e-18
  1   5   6   4   1.7095125358310845e-20
  1   5   6   5   8.8585508488067112e-28
  1   5   6   6   3.0499624027964601e-34
  1   5   6   7  -1.9311378474373018e-19
  1   5   7   0   2.5321292851924056e-18
  1   5   7   1  -4.5542726774004617e-18
  1   5   7   2   3.0473135788750414e-18
  1   5   7   3   5.5633784240158959e-05
  1   5   7   4  -2.0572169289785366e-03
  1   5   7   5   1.3387273832029919e-20
  1   5   7   6  -1.9311378474373018e-19
  1   5   7   7   4.9567187178638228e-02
  1   6   0   0   8.6252733742905208e-23
  1   6   0   1  -5.9209582576508481e-23
  1   6   0   2   3.9397364613088507e-23
  1   6   0   3  -4.0025274040988950e-43
  1   6   0   4  -7.8440411808615627e-42
  1   6   0   5  -1.7935528390187605e-25
  1   6   0   6  -1.9946875628874570e-46
  1   6   0   7   4.8492660975763902e-42
  1   6   1   0  -5.9749655138370492e-23
  1   6   1   1   1.0746663295439460e-22
  1   6   1   2  -7.1507169578776859e-23
  1   6   1   3   7.0564619622343387e-43
  1   6   1   4   1.4128910584535734e-41
  1   6   1   5   3.1698270472089314e-25
  1   6   1   6   3.5555369771340928e-46
  1   6   1   7  -8.7411517162239877e-42
  1   6   2   0   4.4018809829324347e-23
  1   6   2   1  -7.9173022970657039e-23
  1   6   2   2   1.0601383938678384e-22
  1   6   2   3  -5.1517749958757682e-43
  1   6   2   4  -3.6311906513772094e-41
  1   6   2   5  -3.4970654505235085e-25
  1   6   2   6  -2.1121919811868282e-46
  1   6   2   7   2.5450442742512608e-41
  1   6   3   0  -3.5848273933013808e-16
  1   6   3   1   6.4477247406466830e-16
  1   6   3   2  -4.2902483659496053e-16
  1   6   3   3   5.3332960060015281e-23
  1   6   3   4  -1.2991600165923865e-25
  1   6   3   5   1.9018156346754954e-18
  1   6   3   6  -2.1332317858586207e-39
  1   6   3   7   6.2403397387790184e-26
  1   6   4   0   1.6111728329242194e-18
  1   6   4   1  -2.8978798130462536e-18
  1   6   4   2   1.9282188109340861e-18
  1   6   4   3  -1.2991600174402756e-25
  1   6   4   4   9.6075310158369412e-26
  1   6   4   5  -8.5475626791554224e-21
  1   6   4   6   9.5876445993696195e-42
  1   6   4   7  -2.3075425731536957e-24
  1   6   5   0  -1.9020611855468413e-25
  1   6   5   1   3.3363399753879385e-25
  1   6   5   2  -3.3817500182960542e-25
  1   6   5   3  -1.2981494790004815e-40
  1   6   5   4  -8.4001822168945667e-43
  1   6   5   5   1.2375789895128173e-27
  1   6   5   6   9.9364743368217040e-49
  1   6   5   7   3.0056948465516537e-41
  1   6   6   0   2.8745133257750087e-32
  1   6   6   1  -5.1701431211307205e-32
  1   6   6   2   3.4401589660497825e-32
  1   6   6   3  -4.2664635717175808e-39
  1   6   6   4   1.9175289191941921e-41
  1   6   6   5  -1.5249812013982151e-34
  1   6   6   6   1.7105434997723432e-55
  1   6   6   7  -2.1661219751465486e-40
  1   6   7   0  -1.8200491492214311e-17
  1   6   7   1   3.2735679130761926e-17
  1   6   7   2  -2.1781977294042470e-17
  1   6   7   3   6.2403397440449829e-26
  1   6   7   4  -2.3075425731496278e-24
  1   6   7   5   9.6556892371865089e-20
  1   6   7   6  -1.0830609875943009e-40
  1   6   7   7   5.5598606561624932e-23
  1   7   0   0  -2.1250779073233485e-18
  1   7   0   1   1.4638959633339506e-18
  1   7   0   2  -9.7405928385754830e-19
  1   7   0   3   9.8942383048790480e-39
  1   7   0   4   1.9392753504627815e-37
  1   7   0   5   4.4337182033352301e-21
  1   7   0   6   4.9311616142102286e-42
  1   7   0   7  -1.1988847626669105e-37
  1   7   1   0   1.4689224269509306e-18
  1   7   1   1  -2.6420260824942959e-18
  1   7   1   2   1.7579764241115132e-18
  1   7   1   3  -1.7348041938062436e-38
  1   7   1   4  -3.4735386468667300e-37
  1   7   1   5  -7.7928986006994911e-21
  1   7   1   6  -8.7411517162239877e-42
  1   7   1   7   2.1489787285979322e-37
  1   7   2   0   6.1993500915396344e-19
  1   7   2   1  -1.1150213765815729e-18
  1   7   2   2  -5.6924644065075165e-19
  1   7   2   3  -7.4366815350521283e-39
  1   7   2   4   4.9021644978386414e-37
  1   7   2   5  -4.3265539420106775e-22
  1   7   2   6  -4.9361065286533825e-42
  1   7   2   7  -3.7667550550428254e-37
  1   7   3   0   5.2433450987789962e-03
  1   7   3   1  -9.4307597571696000e-03
  1   7   3   2   6.2751285554727559e-03
  1   7   3   3  -1.3112323559511271e-18
  1   7   3   4   1.9540493455012495e-21
  1   7   3   5  -2.7816892120079479e-05
  1   7   3   6  -3.1201698615228060e-26
  1   7   3   7  -7.6708183340648845e-22
  1   7   4   0  -1.9388755320186299e-01
  1   7   4   1   3.4872908414477788e-01
  1   7   4   2  -2.3204067226684663e-01
  1   7   4   3   5.4837562197596551e-21
  1   7   4   4   4.3486321701068536e-20
  1   7   4   5   1.0286084644892683e-03
  1   7   4   6   1.1537712865764943e-24
  1   7   4   7   2.8365025948686259e-20
  1   7   5   0   2.5322154557606450e-18
  1   7   5   1  -4.5542726774004617e-18
  1   7   5   2   3.0332214396492935e-18
  1   7   5   3   3.1616005043999165e-36
  1   7   5   4  -5.7703187139947945e-37
  1   7   5   5  -1.3439477646877134e-20
  1   7   5   6  -1.5065116896128571e-41
  1   7   5   7  -3.6916901108357449e-37
  1   7   6   0  -1.8200491492214311e-17
  1   7   6   1   3.2735679130761926e-17
  1   7   6   2  -2.1781977294042470e-17
  1   7   6   3   1.0510432432308046e-34
  1   7   6   4   3.8324255430513650e-36
  1   7   6   5   9.6556892371865089e-20
  1   7   6   6   1.0830609875101948e-40
  1   7   6   7   2.6626640283505415e-36
  1   7   7   0   4.6715834901945765e+00
  1   7   7   1  -8.4023806847739735e+00
  1   7   7   2   5.5908559147521162e+00
  1   7   7   3  -5.6705781185974757e-20
  1   7   7   4  -1.0479522306747545e-18
  1   7   7   5  -2.4783593589319114e-02
  1   7   7   6  -2.7799303280808475e-23
  1   7   7   7  -6.8343524239982138e-19
  2   0   0   0   6.6962865960100260e+00
  2   0   0   1  -1.3179377589089576e+00
  2   0   0   2  -3.6145369363246687e+00
  2   0   0   3  -1.0331286789919366e-20
  2   0   0   4   2.0014871856844028e-18
  2   0   0   5   5.3698828299514265e-03
  2   0   0   6  -9.0318372463741765e-24
  2   0   0   7  -1.4900769587708209e-18
  2   0   1   0  -6.6809953419415198e+00
  2   0   1   1   1.2016528614350044e+01
  2   0   1   2  -3.5144574338426242e+00
  2   0   1   3   7.9296655739907311e-20
  2   0   1   4  -5.9660003501510426e-19
  2   0   1   5   2.5682148163691139e-02
  2   0   1   6   4.4018809829324347e-23
  2   0   1   7   6.1993500915396344e-19
  2   0   2   0   4.4454602531403902e+00
  2   0   2   1  -7.9956790673496689e+00
  2   0   2   2   8.3019914412811904e+00
  2   0   2   3  -5.2239067358427201e-20
  2   0   2   4  -2.4993935764041385e-18
  2   0   2   5  -3.0079321262046776e-02
  2   0   2   6  -2.3617784495852544e-23
  2   0   2   7   1.7132063964203094e-18
  2   0   3   0  -4.4510024698693933e-20
  2   0   3   1   7.7749255315691866e-20
  2   0   3   2  -2.1354718229499359e-20
  2   0   3   3   5.9635031684737596e+00
  2   0   3   4  -1.4526748321564602e-02
  2   0   3   5  -1.4515529500238470e-17
  2   0   3   6  -4.7706088316652065e-16
  2   0   3   7   6.9777274304600248e-03
  2   0   4   0  -8.8169992827638006e-19
  2   0   4   1   1.5738495094646580e-18
  2   0   4   2  -3.3521938100474682e-18
  2   0   4   3  -1.4526748321564602e-02
  2   0   4   4   1.0742801747720743e-02
  2   0   4   5  -9.5478606387373488e-20
  2   0   4   6   2.1441130918743612e-18
  2   0   4   7  -2.5802125797832032e-01
  2   0   5   0  -1.9969603256955050e-02
  2   0   5   1   3.4970110296839427e-02
  2   0   5   2  -2.2864984300987143e-02
  2   0   5   3  -1.4515462996914673e-17
  2   0   5   4  -1.0074037038310368e-19
  2   0   5   5   1.0231455363245574e-04
  2   0   5   6   1.1611803763940582e-25
  2   0   5   7   3.3658262368028429e-18
  2   0   6   0  -2.2303891604759520e-23
  2   0   6   1   3.9397364613088507e-23
  2   0   6   2  -5.5825777003825978e-24
  2   0   6   3  -4.7706088316652065e-16
  2   0   6   4   2.1441130918743612e-18
  2   0   6   5   7.1297451370023242e-26
  2   0   6   6   3.8253386158302115e-32
  2   0   6   7  -2.4220810635304515e-17
  2   0   7   0   5.4528022501012972e-19
  2   0   7   1  -9.7405928385754830e-19
  2   0   7   2   2.4080903912544052e-18
  2   0   7   3   6.9777274304600248e-03
  2   0   7   4  -2.5802125797832032e-01
  2   0   7   5   3.3618198140808562e-18
  2   0   7   6  -2.4220810635304515e-17
  2   0   7   7   6.2168397557516606e+00
  2   1   0   0  -1.7407110508006646e+01
  2   1   0   1   1.2016549819984512e+01
  2   1   0   2  -3.5144574338426242e+00
  2   1   0   3   8.1603874333560433e-20
  2   1   0   4  -5.8460932574807971e-19
  2   1   0   5   2.6629699852945908e-02
  2   1   0   6   4.4737597216162362e-23
  2   1   0   7   6.1324417205985684e-19
  2   1   1   0   1.2016560422801746e+01
  2   1   1   1  -2.1613148157790199e+01
  2   1   1   2   6.3211816462679771e+00
  2   1   1   3  -1.4262441416359474e-19
  2   1   1   4   1.0730488271866277e-18
  2   1   1   5  -4.6192412418372575e-02
  2   1   1   6  -7.9173022970657039e-23
  2   1   1   7  -1.1150213765815729e-18
  2   1   2   0  -7.9956790673496689e+00
  2   1   2   1   1.4381161928709455e+01
  2   1   2   2  -1.4932100481041418e+01
  2   1   2   3   9.3958059141476023e-20
  2   1   2   4   4.4954510358753799e-18
  2   1   2   5   5.4101169660696988e-02
  2   1   2   6   4.2479341700842348e-23
  2   1   2   7  -3.0814016416479312e-18
  2   1   3   0   8.1210083206171550e-20
  2   1   3   1  -1.4191601026925547e-19
  2   1   3   2   4.0563342776084944e-20
  2   1   3   3  -1.0726056411944088e+01
  2   1   3   4   2.6128052182974475e-02
  2   1   3   5   2.6107866017872908e-17
  2   1   3   6   8.5804967318992105e-16
  2   1   3   7  -1.2550257110945512e-02
  2   1   4   0   1.5918355733651948e-18
  2   1   4   1  -2.8415353619697968e-18
  2   1   4   2   6.0405082332208428e-18
  2   1   4   3   2.6128052182974475e-02
  2   1   4   4  -1.9322182668995633e-02
  2   1   4   5   1.7168884993043618e-19
  2   1   4   6  -3.8564376218681722e-18
  2   1   4   7   4.6408134453369326e-01
  2   1   5   0   3.6391437830721581e-02
  2   1   5   1  -6.3749965661407379e-02
  2   1   5   2   4.2010129148255415e-02
  2   1   5   3   2.6107748642161986e-17
  2   1   5   4   1.8092693953080254e-19
  2   1   5   5  -1.8723037508051494e-04
  2   1   5   6  -2.1136891237056663e-25
  2   1   5   7  -6.0536487062554430e-18
  2   1   6   0   4.0475545693345529e-23
  2   1   6   1  -7.1507169578776859e-23
  2   1   6   2   1.0712092857871600e-23
  2   1   6   3   8.5804967318992105e-16
  2   1   6   4  -3.8564376218681722e-18
  2   1   6   5  -1.3066855280692909e-25
  2   1   6   6  -6.8803179320996285e-32
  2   1   6   7   4.3563954588084941e-17
  2   1   7   0  -9.8409553949870821e-19
  2   1   7   1   1.7579764241115132e-18
  2   1   7   2  -4.3374792421465214e-18
  2   1   7   3  -1.2550257110945512e-02
  2   1   7   4   4.6408134453369326e-01
  2   1   7   5  -6.0466026366425688e-18
  2   1   7   6   4.3563954588084941e-17
  2   1   7   7  -1.1181711829504232e+01
  2   2   0   0   2.0565454632070509e+01
  2   2   0   1  -1.6958122334363757e+01
  2   2   0   2   8.3019914412811904e+00
  2   2   0   3  -1.1400776561628287e-19
  2   2   0   4  -7.9379310911747941e-19
  2   2   0   5  -4.4507995184166038e-02
  2   2   0   6  -5.9688198086792433e-23
  2   2   0   7   3.2343840675211779e-19
  2   2   1   0  -1.6958122334363757e+01
  2   2   1   1   3.0501122493592412e+01
  2   2   1   2  -1.4932100481041418e+01
  2   2   1   3   2.0074749187225818e-19
  2   2   1   4   1.4053366411844550e-18
  2   2   1   5   7.8283250685580133e-02
  2   2   1   6   1.0601383938678384e-22
  2   2   1   7  -5.6924644065075165e-19
  2   2   2   0   8.3019914412811904e+00
  2   2   2   1  -1.4932100481041418e+01
  2   2   2   2   1.5504145345224282e+01
  2   2   2   3  -9.7557567813997535e-20
  2   2   2   4  -4.6676705893483213e-18
  2   2   2   5  -5.6173771321125207e-02
  2   2   2   6  -4.4106714171626914e-23
  2   2   2   7   3.1994493326494323e-18
  2   2   3   0  -1.1400776561628287e-19
  2   2   3   1   2.0074749187225818e-19
  2   2   3   2  -9.7557567813997535e-20
  2   2   3   3   1.1136968827861635e+01
  2   2   3   4  -2.7129011028740959e-02
  2   2   3   5  -2.7107850668838119e-17
  2   2   3   6  -8.9092133176101625e-16
  2   2   3   7   1.3031054178552047e-02
  2   2   4   0  -7.9379310911747941e-19
  2   2   4   1   1.4053366411844550e-18
  2   2   4   2  -4.6676705893483213e-18
  2   2   4   3  -2.7129011028740959e-02
  2   2   4   4   2.0062410433645071e-02
  2   2   4   5  -1.8407862823100438e-19
  2   2   4   6   4.0041767385739692e-18
  2   2   4   7  -4.8186017946991933e-01
  2   2   5   0  -4.4507995184166038e-02
  2   2   5   1   7.8283250685580133e-02
  2   2   5   2  -5.6173771321125207e-02
  2   2   5   3  -2.7107850668838119e-17
  2   2   5   4  -1.8407862823100438e-19
  2   2   5   5   2.3988897594263246e-04
  2   2   5   6   2.5518113889020056e-25
  2   2   5   7   6.2829716996835771e-18
  2   2   6   0  -5.9688198086792433e-23
  2   2   6   1   1.0601383938678384e-22
  2   2   6   2  -4.4106714171626914e-23
  2   2   6   3  -8.9092133176101625e-16
  2   2   6   4   4.0041767385739692e-18
  2   2   6   5   2.5518113889020056e-25
  2   2   6   6   7.1439011126441317e-32
  2   2   6   7  -4.5232878294917074e-17
  2   2   7   0   3.2343840675211779e-19
  2   2   7   1  -5.6924644065075165e-19
  2   2   7   2   3.1994493326494323e-18
  2   2   7   3   1.3031054178552047e-02
  2   2   7   4  -4.8186017946991933e-01
  2   2   7   5   6.2829716996835771e-18
  2   2   7   6  -4.5232878294917074e-17
  2   2   7   7   1.1610080285299311e+01
  2   3   0   0  -1.1286750051624306e-19
  2   3   0   1   7.6961673060914099e-20
  2   3   0   2  -2.1354718229499359e-20
  2   3   0   3   5.2304194525589895e-40
  2   3   0   4  -4.3032003081550259e-39
  2   3   0   5   1.6816156808522581e-22
  2   3   0   6   2.8771842457702947e-43
  2   3   0   7   4.3381330871105954e-39
  2   3   1   0   7.8115282357740661e-20
  2   3   1   1  -1.4049920248057693e-19
  2   3   1   2   4.0563342776084944e-20
  2   3   1   3  -9.2719579628553780e-40
  2   3   1   4   7.2321124470122467e-39
  2   3   1   5  -2.9912909401493643e-22
  2   3   1   6  -5.1517749958757682e-43
  2   3   1   7  -7.4366815350521283e-39
  2   3   2   0  -5.2239067358427201e-20
  2   3   2   1   9.3958059141476023e-20
  2   3   2   2  -9.7557567813997535e-20
  2   3   2   3   6.1386673214556656e-40
  2   3   2   4   2.9370634750532480e-38
  2   3   2   5   3.5346524319811752e-22
  2   3   2   6   2.7753505033907126e-43
  2   3   2   7  -2.0132067152836725e-38
  2   3   3   0  -2.9817515842368798e+00
  2   3   3   1   5.3630282059720438e+00
  2   3   3   2  -5.5684844139308174e+00
  2   3   3   3  -3.5038874038973053e-20
  2   3   3   4   1.6766159622264898e-18
  2   3   3   5   2.0175428126372137e-02
  2   3   3   6   1.5841411760897030e-23
  2   3   3   7  -1.1491994317158334e-18
  2   3   4   0   7.2633741607823011e-03
  2   3   4   1  -1.3064026091487237e-02
  2   3   4   2   1.3564505514370480e-02
  2   3   4   3   8.5352667761797134e-23
  2   3   4   4  -4.2099633331274466e-21
  2   3   4   5  -4.9146174386393862e-05
  2   3   4   6  -3.8588761539601768e-26
  2   3   4   7   5.8312182476425320e-21
  2   3   5   0   7.2580834957951583e-18
  2   3   5   1  -1.3054499078288397e-17
  2   3   5   2   1.3554455532283857e-17
  2   3   5   3   8.5284981462136967e-38
  2   3   5   4  -4.0794332039448044e-36
  2   3   5   5  -4.9109990651416743e-20
  2   3   5   6  -3.8560771152692872e-41
  2   3   5   7   2.7575019727584837e-36
  2   3   6   0   2.3853044158326033e-16
  2   3   6   1  -4.2902483659496053e-16
  2   3   6   2   4.4546066588050813e-16
  2   3   6   3   2.8029961118425971e-36
  2   3   6   4  -1.3413537091396478e-34
  2   3   6   5  -1.6139687174330886e-18
  2   3   6   6  -1.2672614857002242e-39
  2   3   6   7   9.2210283632629412e-35
  2   3   7   0  -3.4888637152300124e-03
  2   3   7   1   6.2751285554727559e-03
  2   3   7   2  -6.5155270892760233e-03
  2   3   7   3  -4.0998001611986856e-23
  2   3   7   4   4.9935962015517128e-21
  2   3   7   5   2.3606701343413738e-05
  2   3   7   6   1.8535590618487295e-26
  2   3   7   7  -7.4399282764205825e-20
  2   4   0   0  -6.6480741561979456e-18
  2   4   0   1   5.9267393076912068e-18
  2   4   0   2  -3.3521938100474682e-18
  2   4   0   3   3.9689244227798539e-38
  2   4   0   4   4.9572260498633674e-37
  2   4   0   5   1.6489374920496329e-20
  2   4   0   6   2.0395775184675062e-41
  2   4   0   7  -2.7335883292537993e-37
  2   4   1   0   5.9327346623247190e-18
  2   4   1   1  -1.0670703740282646e-17
  2   4   1   2   6.0405082332208428e-18
  2   4   1   3  -7.0158990501154925e-38
  2   4   1   4  -8.8824415925271239e-37
  2   4   1   5  -2.9165884766727558e-20
  2   4   1   6  -3.6311906513772094e-41
  2   4   1   7   4.9021644978386414e-37
  2   4   2   0  -2.4993935764041385e-18
  2   4   2   1   4.4954510358753799e-18
  2   4   2   2  -4.6676705893483213e-18
  2   4   2   3   2.9370634750532480e-38
  2   4   2   4   1.4052466772944933e-36
  2   4   2   5   1.6911648752645345e-20
  2   4   2   6   1.3278746293171930e-41
  2   4   2   7  -9.6322468730712466e-37
  2   4   3   0   7.2633741607823011e-03
  2   4   3   1  -1.3064026091487237e-02
  2   4   3   2   1.3564505514370480e-02
  2   4   3   3  -3.3529758664496944e-18
  2   4   3   4   4.0837235486819615e-21
  2   4   3   5  -4.9146174386393862e-05
  2   4   3   6  -3.8588761271356219e-26
  2   4   3   7  -1.1239394261178919e-21
  2   4   4   0  -5.3714008738603713e-03
  2   4   4   1   9.6610913344978167e-03
  2   4   4   2  -1.0031205216822535e-02
  2   4   4   3   8.2305669895866655e-21
  2   4   4   4  -3.0199898494051865e-21
  2   4   4   5   3.6344514023705182e-05
  2   4   4   6   2.8537110006706647e-26
  2   4   4   7   1.4299854688450369e-19
  2   4   5   0   6.7211601578701029e-20
  2   4   5   1  -1.2035516251494304e-19
  2   4   5   2   1.1740678724447020e-19
  2   4   5   3   8.1604442185563950e-36
  2   4   5   4   2.5163605482506638e-38
  2   4   5   5  -4.3632934906177696e-22
  2   4   5   6  -3.6271666195282494e-43
  2   4   5   7  -1.8708101908676408e-36
  2   4   6   0  -1.0720565459371806e-18
  2   4   6   1   1.9282188109340861e-18
  2   4   6   2  -2.0020883692869846e-18
  2   4   6   3   2.6823294828287938e-34
  2   4   6   4  -6.0274776780751435e-37
  2   4   6   5   7.2538570631791670e-21
  2   4   6   6   5.6956083131809980e-42
  2   4   6   7   1.3204635975294033e-35
  2   4   7   0   1.2901062898916016e-01
  2   4   7   1  -2.3204067226684663e-01
  2   4   7   2   2.4093008973495966e-01
  2   4   7   3  -5.4391403090889223e-21
  2   4   7   4   7.2534297692928075e-20
  2   4   7   5  -8.7292472198853858e-04
  2   4   7   6  -6.8540602312828960e-25
  2   4   7   7  -3.4456066737855974e-18
  2   5   0   0  -7.0648575430767996e-02
  2   5   0   1   5.4493586252390772e-02
  2   5   0   2  -2.2864984300987143e-02
  2   5   0   3   3.6767153947030092e-22
  2   5   0   4   7.0408293330571489e-22
  2   5   0   5   1.3512034247010441e-04
  2   5   0   6   1.9573542585196530e-25
  2   5   0   7   3.1689269990759101e-22
  2   5   1   0   5.4967362097018156e-02
  2   5   1   1  -9.8865072147476987e-02
  2   5   1   2   4.2010129148255415e-02
  2   5   1   3  -6.5125622678050928e-22
  2   5   1   4  -1.4516159656284245e-21
  2   5   1   5  -2.3982399511309244e-04
  2   5   1   6  -3.4970654505235085e-25
  2   5   1   7  -4.3265539420106775e-22
  2   5   2   0  -3.0079321262046776e-02
  2   5   2   1   5.4101169660696988e-02
  2   5   2   2  -5.6173771321125207e-02
  2   5   2   3   3.5346524319811752e-22
  2   5   2   4   1.6911648752645345e-20
  2   5   2   5   2.0352573548402980e-04
  2   5   2   6   1.5980503410117905e-25
  2   5   2   7  -1.1592069808680963e-20
  2   5   3   0   7.2582165024427471e-18
  2   5   3   1  -1.3054733829710241e-17
  2   5   3   2   1.3554455532283857e-17
  2   5   3   3  -4.0350856252744274e-02
  2   5   3   4   9.8292348772787723e-05
  2   5   3   5   4.9107200529174171e-20
  2   5   3   6   3.2279374348661773e-18
  2   5   3   7  -4.7213402686827477e-05
  2   5   4   0   5.6688073587240623e-20
  2   5   4   1  -1.0187898331421029e-19
  2   5   4   2   1.1740678724447020e-19
  2   5   4   3   9.8292348772787723e-05
  2   5   4   4  -7.2689028047410363e-05
  2   5   4   5   3.0283512791477674e-22
  2   5   4   6  -1.4507714126358334e-20
  2   5   4   7   1.7458494439770772e-03
  2   5   5   0   1.5152323688892875e-04
  2   5   5   1  -2.6612080512938119e-04
  2   5   5   2   1.8534411525472847e-04
  2   5   5   3   9.8215796119469625e-20
  2   5   5   4   6.7241736640305361e-22
  2   5   5   5  -8.0327796358592932e-07
  2   5   5   6  -8.7283465895912586e-28
  2   5   5   7  -2.2767871352326344e-20
  2   5   6   0   1.9072353368886247e-25
  2   5   6   1  -3.3817500182960542e-25
  2   5   6   2   1.1211698170666828e-25
  2   5   6   3   3.2279374348661773e-18
  2   5   6   4  -1.4507714126358334e-20
  2   5   6   5  -7.5177760089262912e-28
  2   5   6   6  -2.5883391732135362e-34
  2   5   6   7   1.6388529035027587e-19
  2   5   7   0  -1.6864442020735468e-18
  2   5   7   1   3.0332214396492935e-18
  2   5   7   2  -3.1588739545548100e-18
  2   5   7   3  -4.7213402686827477e-05
  2   5   7   4   1.7458494439770772e-03
  2   5   7   5  -1.1361059811822188e-20
  2   5   7   6   1.6388529035027587e-19
  2   5   7   7  -4.2065007805618795e-02
  2   6   0   0  -4.8848000321530207e-23
  2   6   0   1   3.0873261567454841e-23
  2   6   0   2  -5.5825777003825978e-24
  2   6   0   3   2.1084922442381853e-43
  2   6   0   4  -3.1714614035093737e-42
  2   6   0   5   6.1273667043817584e-26
  2   6   0   6   1.1849583065509178e-46
  2   6   0   7   2.8016329839553888e-42
  2   6   1   0   3.1232655260873849e-23
  2   6   1   1  -5.6175462795016500e-23
  2   6   1   2   1.0712092857871600e-23
  2   6   1   3  -3.7120244833045201e-43
  2   6   1   4   5.5658838110536789e-42
  2   6   1   5  -1.0760546636143828e-25
  2   6   1   6  -2.1121919811868282e-46
  2   6   1   7  -4.9361065286533825e-42
  2   6   2   0  -2.3617784495852544e-23
  2   6   2   1   4.2479341700842348e-23
  2   6   2   2  -4.4106714171626914e-23
  2   6   2   3   2.7753505033907126e-43
  2   6   2   4   1.3278746293171930e-41
  2   6   2   5   1.5980503410117905e-25
  2   6   2   6   1.2547626403778739e-46
  2   6   2   7  -9.1019010773940598e-42
  2   6   3   0   2.3853044158326033e-16
  2   6   3   1  -4.2902483659496053e-16
  2   6   3   2   4.4546066588050813e-16
  2   6   3   3  -3.1682823521785649e-23
  2   6   3   4   7.7177522945042966e-26
  2   6   3   5  -1.6139687174330886e-18
  2   6   3   6   1.2672614856997746e-39
  2   6   3   7  -3.7071181144479686e-26
  2   6   4   0  -1.0720565459371806e-18
  2   6   4   1   1.9282188109340861e-18
  2   6   4   2  -2.0020883692869846e-18
  2   6   4   3   7.7177523079165735e-26
  2   6   4   4  -5.7074220015221535e-26
  2   6   4   5   7.2538570631791670e-21
  2   6   4   6  -5.6956083346883926e-42
  2   6   4   7   1.3708120462834018e-24
  2   6   5   0   1.0108236115009733e-25
  2   6   5   1  -1.7677428270233039e-25
  2   6   5   2   1.1211698170666828e-25
  2   6   5   3   7.7117625445654491e-41
  2   6   5   4   5.3803001548129340e-43
  2   6   5   5  -5.0966348475963546e-28
  2   6   5   6  -5.9028331164820245e-49
  2   6   5   7  -1.7883850172959174e-41
  2   6   6   0  -1.9126693079150880e-32
  2   6   6   1   3.4401589660497825e-32
  2   6   6   2  -3.5719505563220467e-32
  2   6   6   3   2.5345229713997741e-39
  2   6   6   4  -1.1391216658623089e-41
  2   6   6   5   1.2941695866067594e-34
  2   6   6   6  -1.0161605087855445e-55
  2   6   6   7   1.2868001360772531e-40
  2   6   7   0   1.2110405317652258e-17
  2   6   7   1  -2.1781977294042470e-17
  2   6   7   2   2.2616439147458537e-17
  2   6   7   3  -3.7071181236547658e-26
  2   6   7   4   1.3708120462770060e-24
  2   6   7   5  -8.1942645175137935e-20
  2   6   7   6   6.4340006807548208e-41
  2   6   7   7  -3.3028746909354864e-23
  2   7   0   0   4.6159945925720310e-18
  2   7   0   1  -4.1687387069746780e-18
  2   7   0   2   2.4080903912544052e-18
  2   7   0   3  -2.7899200661195859e-38
  2   7   0   4  -3.7300930107089097e-37
  2   7   0   5  -1.1702375466052497e-20
  2   7   0   6  -1.4294139428116605e-41
  2   7   0   7   2.1014192370046099e-37
  2   7   1   0  -4.1720841255217319e-18
  2   7   1   1   7.5039720254976863e-18
  2   7   1   2  -4.3374792421465214e-18
  2   7   1   3   4.9330117046897727e-38
  2   7   1   4   6.6816065135527293e-37
  2   7   1   5   2.0705553444420396e-20
  2   7   1   6   2.5450442742512608e-41
  2   7   1   7  -3.7667550550428254e-37
  2   7   2   0   1.7132063964203094e-18
  2   7   2   1  -3.0814016416479312e-18
  2   7   2   2   3.1994493326494323e-18
  2   7   2   3  -2.0132067152836725e-38
  2   7   2   4  -9.6322468730712466e-37
  2   7   2   5  -1.1592069808680963e-20
  2   7   2   6  -9.1019010773940598e-42
  2   7   2   7   6.6024123253875613e-37
  2   7   3   0  -3.4888637152300124e-03
  2   7   3   1   6.2751285554727559e-03
  2   7   3   2  -6.5155270892760233e-03
  2   7   3   3   2.2982758694268309e-18
  2   7   3   4  -3.6368055643903479e-21
  2   7   3   5   2.3606701343413738e-05
  2   7   3   6   1.8535590434351348e-26
  2   7   3   7   1.3445500112048848e-21
  2   7   4   0   1.2901062898916016e-01
  2   7   4   1  -2.3204067226684663e-01
  2   7   4   2   2.4093008973495966e-01
  2   7   4   3  -7.1143844012705606e-21
  2   7   4   4  -6.8394200690223135e-20
  2   7   4   5  -8.7292472198853858e-04
  2   7   4   6  -6.8540602314108109e-25
  2   7   4   7  -4.9718549307532544e-20
  2   7   5   0  -1.6944570475175201e-18
  2   7   5   1   3.0473135788750414e-18
  2   7   5   2  -3.1588739545548100e-18
  2   7   5   3  -5.5741965546455933e-36
  2   7   5   4   9.0953254962313810e-37
  2   7   5   5   1.1452563269186123e-20
  2   7   5   6   9.0061527754946247e-42
  2   7   5   7   6.4708376130436174e-37
  2   7   6   0   1.2110405317652258e-17
  2   7   6   1  -2.1781977294042470e-17
  2   7   6   2   2.2616439147458537e-17
  2   7   6   3  -1.8399363535510637e-34
  2   7   6   4  -5.9825888615594374e-36
  2   7   6   5  -8.1942645175137935e-20
  2   7   6   6  -6.4340006792805985e-41
  2   7   6   7  -4.6671486577318304e-36
  2   7   7   0  -3.1084198778758303e+00
  2   7   7   1   5.5908559147521162e+00
  2   7   7   2  -5.8050401426496556e+00
  2   7   7   3   3.9216466398910243e-20
  2   7   7   4   1.6482255129314999e-18
  2   7   7   5   2.1032503902809398e-02
  2   7   7   6   1.6514373454670432e-23
  2   7   7   7   1.1979332879593134e-18
  3   0   0   0  -6.7046349490446499e-20
  3   0   0   1   1.4933513492748982e-20
  3   0   0   2  -1.0331286789919366e-20
  3   0   0   3  -4.4914726550647037e+00
  3   0   0   4   1.0940967248620250e-02
  3   0   0   5   1.0932690742113839e-17
  3   0   0   6   3.5930322345948013e-16
  3   0   0   7  -5.2553459037445304e-03
  3   0   1   0   6.6893246311583882e-20
  3   0   1   1  -1.2204883473483327e-19
  3   0   1   2   8.1603874333560433e-20
  3   0   1   3   4.4812161870169858e+00
  3   0   1   4  -1.0915983086494701e-02
  3   0   1   5  -1.0908036264404929e-17
  3   0   1   6  -3.5848273933013808e-16
  3   0   1   7   5.2433450987789962e-03
  3   0   2   0  -4.4510024698693933e-20
  3   0   2   1   8.1210083206171550e-20
  3   0   2   2  -1.1400776561628287e-19
  3   0   2   3  -2.9817515842368798e+00
  3   0   2   4   7.2633741607823011e-03
  3   0   2   5   7.2582165024427471e-18
  3   0   2   6   2.3853044158326033e-16
  3   0   2   7  -3.4888637152300124e-03
  3   0   3   0   4.4565515961565794e-40
  3   0   3   1  -7.9001233904182398e-40
  3   0   3   2   5.2304194525589895e-40
  3   0   3   3  -2.9854689751415033e-20
  3   0   3   4   7.2724295097204583e-23
  3   0   3   5   7.2666623338844768e-38
  3   0   3   6   2.3882782078101275e-36
  3   0   3   7  -3.4932133298360817e-23
  3   0   4   0   8.8279915576109386e-39
  3   0   4   1  -1.5986920077030280e-38
  3   0   4   2   3.9689244227798539e-38
  3   0   4   3   5.9153756734830007e-19
  3   0   4   4  -1.5481588982532613e-21
  3   0   4   5  -1.4385582842581747e-36
  3   0   4   6  -4.7330916436320061e-35
  3   0   4   7   3.2754006612929331e-21
  3   0   5   0   1.9994499637293638e-22
  3   0   5   1  -3.5531924773901507e-22
  3   0   5   2   3.6767153947030092e-22
  3   0   5   3   1.3394427743661402e-02
  3   0   5   4  -3.2628050199116409e-05
  3   0   5   5  -3.2604552839720738e-20
  3   0   5   6  -1.0715107124755059e-18
  3   0   5   7   1.5672443401448020e-05
  3   0   6   0   2.2331698174638632e-43
  3   0   6   1  -4.0025274040988950e-43
  3   0   6   2   2.1084922442381853e-43
  3   0   6   3   1.4960130186785479e-23
  3   0   6   4  -3.6442010667523773e-26
  3   0   6   5  -3.6415336348600951e-41
  3   0   6   6  -1.1967618222999215e-39
  3   0   6   7   1.7504427820353610e-26
  3   0   7   0  -5.4596003340182797e-39
  3   0   7   1   9.8942383048790480e-39
  3   0   7   2  -2.7899200661195859e-38
  3   0   7   3  -3.6581156078236809e-19
  3   0   7   4   3.4743549559837864e-21
  3   0   7   5   8.5659589935698249e-37
  3   0   7   6   2.9500657810457764e-35
  3   0   7   7  -6.2673847836380652e-20
  3   1   0   0   1.7081271194925367e-19
  3   1   0   1  -1.1858157331846249e-19
  3   1   0   2   7.9296655739907311e-20
  3   1   0   3   4.4812161870169858e+00
  3   1   0   4  -1.0915983086494701e-02
  3   1   0   5  -1.0908035387399932e-17
  3   1   0   6  -3.5848273933013808e-16
  3   1   0   7   5.2433450987789962e-03
  3   1   1   0  -1.1684794261027710e-19
  3   1   1   1   2.1328261034239983e-19
  3   1   1   2  -1.4262441416359474e-19
  3   1   1   3  -8.0599831755377043e+00
  3   1   1   4   1.9633652193907853e-02
  3   1   1   5   1.9619340525119190e-17
  3   1   1   6   6.4477247406466830e-16
  3   1   1   7  -9.4307597571696000e-03
  3   1   2   0   7.7749255315691866e-20
  3   1   2   1  -1.4191601026925547e-19
  3   1   2   2   2.0074749187225818e-19
  3   1   2   3   5.3630282059720438e+00
  3   1   2   4  -1.3064026091487237e-02
  3   1   2   5  -1.3054733829710241e-17
  3   1   2   6  -4.2902483659496053e-16
  3   1   2   7   6.2751285554727559e-03
  3   1   3   0  -7.9001233904182398e-40
  3   1   3   1   1.4004538764379778e-39
  3   1   3   2  -9.2719579628553780e-40
  3   1   3   3   5.2923370846248111e-20
  3   1   3   4  -1.2891826614205287e-22
  3   1   3   5  -1.2881603148878918e-37
  3   1   3   6  -4.2336977650205651e-36
  3   1   3   7   6.1924148614275821e-23
  3   1   4   0  -1.5480594201598683e-38
  3   1   4   1   2.8040805298542806e-38
  3   1   4   2  -7.0158990501154925e-38
  3   1   4   3  -1.0599242508356064e-18
  3   1   4   4   2.7719609430968980e-21
  3   1   4   5   2.5776502319515218e-36
  3   1   4   6   8.4807927247815247e-35
  3   1   4   7  -5.8195278631012637e-21
  3   1   5   0  -3.5400374024542675e-22
  3   1   5   1   6.2909664923582771e-22
  3   1   5   2  -6.5125622678050928e-22
  3   1   5   3  -2.3773660686578331e-02
  3   1   5   4   5.7911260499017162e-05
  3   1   5   5   5.7869550013529668e-20
  3   1   5   6   1.9018156346754954e-18
  3   1   5   7  -2.7816892120079479e-05
  3   1   6   0  -3.9368422737471944e-43
  3   1   6   1   7.0564619622343387e-43
  3   1   6   2  -3.7120244833045201e-43
  3   1   6   3  -2.6666480030013994e-23
  3   1   6   4   6.4958000872042320e-26
  3   1   6   5   6.4910431999130891e-41
  3   1   6   6   2.1332317858592997e-39
  3   1   6   7  -3.1201698720547337e-26
  3   1   7   0   9.5702207808545978e-39
  3   1   7   1  -1.7348041938062436e-38
  3   1   7   2   4.9330117046897727e-38
  3   1   7   3   6.5570906419848495e-19
  3   1   7   4  -6.1766095931441145e-21
  3   1   7   5  -1.5360974401063551e-36
  3   1   7   6  -5.2874585133550751e-35
  3   1   7   7   1.1111031687173004e-19
  3   2   0   0  -1.1286750051624306e-19
  3   2   0   1   7.8115282357740661e-20
  3   2   0   2  -5.2239067358427201e-20
  3   2   0   3  -2.9817515842368798e+00
  3   2   0   4   7.2633741607823011e-03
  3   2   0   5   7.2580834957951583e-18
  3   2   0   6   2.3853044158326033e-16
  3   2   0   7  -3.4888637152300124e-03
  3   2   1   0   7.6961673060914099e-20
  3   2   1   1  -1.4049920248057693e-19
  3   2   1   2   9.3958059141476023e-20
  3   2   1   3   5.3630282059720438e+00
  3   2   1   4  -1.3064026091487237e-02
  3   2   1   5  -1.3054499078288397e-17
  3   2   1   6  -4.2902483659496053e-16
  3   2   1   7   6.2751285554727559e-03
  3   2   2   0  -2.1354718229499359e-20
  3   2   2   1   4.0563342776084944e-20
  3   2   2   2  -9.7557567813997535e-20
  3   2   2   3  -5.5684844139308174e+00
  3   2   2   4   1.3564505514370480e-02
  3   2   2   5   1.3554455532283857e-17
  3   2   2   6   4.4546066588050813e-16
  3   2   2   7  -6.5155270892760233e-03
  3   2   3   0   5.2304194525589895e-40
  3   2   3   1  -9.2719579628553780e-40
  3   2   3   2   6.1386673214556656e-40
  3   2   3   3  -3.5038874038973053e-20
  3   2   3   4   8.5352667761797134e-23
  3   2   3   5   8.5284981462136967e-38
  3   2   3   6   2.8029961118425971e-36
  3   2   3   7  -4.0998001611986856e-23
  3   2   4   0  -4.3032003081550259e-39
  3   2   4   1   7.2321124470122467e-39
  3   2   4   2   2.9370634750532480e-38
  3   2   4   3   1.6766159622264898e-18
  3   2   4   4  -4.2099633331274466e-21
  3   2   4   5  -4.0794332039448044e-36
  3   2   4   6  -1.3413537091396478e-34
  3   2   4   7   4.9935962015517128e-21
  3   2   5   0   1.6816156808522581e-22
  3   2   5   1  -2.9912909401493643e-22
  3   2   5   2   3.5346524319811752e-22
  3   2   5   3   2.0175428126372137e-02
  3   2   5   4  -4.9146174386393862e-05
  3   2   5   5  -4.9109990651416743e-20
  3   2   5   6  -1.6139687174330886e-18
  3   2   5   7   2.3606701343413738e-05
  3   2   6   0   2.8771842457702947e-43
  3   2   6   1  -5.1517749958757682e-43
  3   2   6   2   2.7753505033907126e-43
  3   2   6   3   1.5841411760897030e-23
  3   2   6   4  -3.8588761539601768e-26
  3   2   6   5  -3.8560771152692872e-41
  3   2   6   6  -1.2672614857002242e-39
  3   2   6   7   1.8535590618487295e-26
  3   2   7   0   4.3381330871105954e-39
  3   2   7   1  -7.4366815350521283e-39
  3   2   7   2  -2.0132067152836725e-38
  3   2   7   3  -1.1491994317158334e-18
  3   2   7   4   5.8312182476425320e-21
  3   2   7   5   2.7575019727584837e-36
  3   2   7   6   9.2210283632629412e-35
  3   2   7   7  -7.4399282764205825e-20
  3   3   0   0   8.9829453101294074e+00
  3   3   0   1  -8.9624323740339715e+00
  3   3   0   2   5.9635031684737596e+00
  3   3   0   3  -2.9854689751415033e-20
  3   3   0   4  -1.1828569618113084e-18
  3   3   0   5  -2.6788855487322804e-02
  3   3   0   6  -2.9920260373563793e-23
  3   3   0   7   7.3151832516484110e-19
  3   3   1   0  -8.9624323740339715e+00
  3   3   1   1   1.6119966351075409e+01
  3   3   1   2  -1.0726056411944088e+01
  3   3   1   3   5.2923370846248111e-20
  3   3   1   4   2.1194617468727870e-18
  3   3   1   5   4.7547321373156662e-02
  3   3   1   6   5.3332960060015281e-23
  3   3   1   7  -1.3112323559511271e-18
  3   3   2   0   5.9635031684737596e+00
  3   3   2   1  -1.0726056411944088e+01
  3   3   2   2   1.1136968827861635e+01
  3   3   2   3  -3.5038874038973053e-20
  3   3   2   4  -3.3529758664496944e-18
  3   3   2   5  -4.0350856252744274e-02
  3   3   2   6  -3.1682823521785649e-23
  3   3   2   7   2.2982758694268309e-18
  3   3   3   0  -2.9854689751415033e-20
  3   3   3   1   5.2923370846248111e-20
  3   3   3   2  -3.5038874038973053e-20
  3   3   3   3   1.9999824548691933e+00
  3   3   3   4  -4.8718414241851245e-03
  3   3   3   5  -4.8679779606615888e-18
  3   3   3   6  -1.5999210016042128e-16
  3   3   3   7   2.3401232533177539e-03
  3   3   4   0  -1.1828569618113084e-18
  3   3   4   1   2.1194617468727870e-18
  3   3   4   2  -3.3529758664496944e-18
  3   3   4   3  -4.8718414241851245e-03
  3   3   4   4   7.1937679576863367e-03
  3   3   4   5  -7.1897972611690746e-20
  3   3   4   6   1.0484126495633702e-18
  3   3   4   7  -1.7305968561469301e-01
  3   3   5   0  -2.6788855487322804e-02
  3   3   5   1   4.7547321373156662e-02
  3   3   5   2  -4.0350856252744274e-02
  3   3   5   3  -4.8679779606615888e-18
  3   3   5   4  -7.1897972611690746e-20
  3   3   5   5   1.5925727310390364e-04
  3   3   5   6   1.4904685029758439e-25
  3   3   5   7   2.2581308907660632e-18
  3   3   6   0  -2.9920260373563793e-23
  3   3   6   1   5.3332960060015281e-23
  3   3   6   2  -3.1682823521785649e-23
  3   3   6   3  -1.5999210016042128e-16
  3   3   6   4   1.0484126495633702e-18
  3   3   6   5   1.4904685029758439e-25
  3   3   6   6   1.2859258651037215e-32
  3   3   6   7  -1.6058683739275937e-17
  3   3   7   0   7.3151832516484110e-19
  3   3   7   1  -1.3112323559511271e-18
  3   3   7   2   2.2982758694268309e-18
  3   3   7   3   2.3401232533177539e-03
  3   3   7   4  -1.7305968561469301e-01
  3   3   7   5   2.2581308907660632e-18
  3   3   7   6  -1.6058683739275937e-17
  3   3   7   7   4.1698853578533832e+00
  3   4   0   0  -2.1881934497240501e-02
  3   4   0   1   2.1831966172989402e-02
  3   4   0   2  -1.4526748321564602e-02
  3   4   0   3   5.9153756734830007e-19
  3   4   0   4   1.4405969487821270e-21
  3   4   0   5   6.5256100398232818e-05
  3   4   0   6   7.2884021287695167e-26
  3   4   0   7  -1.0898798842124966e-21
  3   4   1   0   2.1831966172989402e-02
  3   4   1   1  -3.9267304387815706e-02
  3   4   1   2   2.6128052182974475e-02
  3   4   1   3  -1.0599242508356064e-18
  3   4   1   4  -2.5812860110106778e-21
  3   4   1   5  -1.1582252099803432e-04
  3   4   1   6  -1.2991600165923865e-25
  3   4   1   7   1.9540493455012495e-21
  3   4   2   0  -1.4526748321564602e-02
  3   4   2   1   2.6128052182974475e-02
  3   4   2   2  -2.7129011028740959e-02
  3   4   2   3   1.6766159622264898e-18
  3   4   2   4   4.0837235486819615e-21
  3   4   2   5   9.8292348772787723e-05
  3   4   2   6   7.7177522945042966e-26
  3   4   2   7  -3.6368055643903479e-21
  3   4   3   0   7.2724295097204583e-23
  3   4   3   1  -1.2891826614205287e-22
  3   4   3   2   8.5352667761797134e-23
  3   4   3   3  -4.8718414241851245e-03
  3   4   3   4   1.1867523539829502e-05
  3   4   3   5   1.1858112366451972e-20
  3   4   3   6   3.8973148949693933e-19
  3   4   3   7  -5.7004047087792807e-06
  3   4   4   0   2.9349748722998210e-21
  3   4   4   1  -5.2579094880644659e-21
  3   4   4   2   8.2305669895866655e-21
  3   4   4   3  -3.5790826935334238e-03
  3   4   4   4  -8.7762553465279613e-06
  3   4   4   5   8.9155492301537825e-21
  3   4   4   6   2.8471048095395916e-19
  3   4   4   7   4.1736170089763625e-04
  3   4   5   0   6.5256100398232818e-05
  3   4   5   1  -1.1582252099803432e-04
  3   4   5   2   9.8292348772787723e-05
  3   4   5   3   5.3736154855523330e-20
  3   4   5   4   7.3126811070992832e-23
  3   4   5   5  -3.8794149334730371e-07
  3   4   5   6  -3.6306949811304148e-28
  3   4   5   7  -5.4516757420990348e-21
  3   4   6   0   7.2884021335015346e-26
  3   4   6   1  -1.2991600174402756e-25
  3   4   6   2   7.7177523079165735e-26
  3   4   6   3   6.0390909463723939e-20
  3   4   6   4  -1.7516179138384779e-21
  3   4   6   5  -3.6306949396131574e-28
  3   4   6   6  -4.9782326283056155e-36
  3   4   6   7   3.8732671339540428e-20
  3   4   7   0  -3.0735658622743583e-21
  3   4   7   1   5.4837562197596551e-21
  3   4   7   2  -7.1143844012705606e-21
  3   4   7   3   8.6521292200283345e-02
  3   4   7   4   2.1078862833250606e-04
  3   4   7   5  -2.1610827013308201e-19
  3   4   7   6  -6.8827603328546947e-18
  3   4   7   7  -1.0056356416573650e-02
  3   5   0   0  -2.1864781649238558e-17
  3   5   0   1   2.1815007448071636e-17
  3   5   0   2  -1.4515462996914673e-17
  3   5   0   3   1.3394427743661402e-02
  3   5   0   4  -3.2628050199116409e-05
  3   5   0   5   3.2602175530626054e-20
  3   5   0   6  -1.0715107124755059e-18
  3   5   0   7   1.5672443401448020e-05
  3   5   1   0   2.1815007886574133e-17
  3   5   1   1  -3.9236793760290674e-17
  3   5   1   2   2.6107748642161986e-17
  3   5   1   3  -2.3773660686578331e-02
  3   5   1   4   5.7911260499017162e-05
  3   5   1   5  -5.7865335760697640e-20
  3   5   1   6   1.9018156346754954e-18
  3   5   1   7  -2.7816892120079479e-05
  3   5   2   0  -1.4515529500238470e-17
  3   5   2   1   2.6107866017872908e-17
  3   5   2   2  -2.7107850668838119e-17
  3   5   2   3   2.0175428126372137e-02
  3   5   2   4  -4.9146174386393862e-05
  3   5   2   5   4.9107200529174171e-20
  3   5   2   6  -1.6139687174330886e-18
  3   5   2   7   2.3606701343413738e-05
  3   5   3   0   7.2666623338844768e-38
  3   5   3   1  -1.2881603148878918e-37
  3   5   3   2   8.5284981462136967e-38
  3   5   3   3  -4.8679779606615888e-18
  3   5   3   4   1.1858112366451972e-20
  3   5   3   5   1.1848708656315113e-35
  3   5   3   6   3.8942242496413860e-34
  3   5   3   7  -5.6958841787077492e-21
  3   5   4   0   2.8784609338601372e-36
  3   5   4   1  -5.1576836186514110e-36
  3   5   4   2   8.1604442185563950e-36
  3   5   4   3   5.3736154855523330e-20
  3   5   4   4  -1.7611718027094585e-20
  3   5   4   5   7.3068820109759418e-38
  3   5   4   6  -5.9019545953762908e-36
  3   5   4   7   4.2127806330555395e-19
  3   5   5   0   6.5205539715799453e-20
  3   5   5   1  -1.1573277864781129e-19
  3   5   5   2   9.8215796119469625e-20
  3   5   5   3  -7.9628636551951819e-05
  3   5   5   4   1.9397074667365186e-07
  3   5   5   5  -1.9381692415786009e-22
  3   5   5   6   6.3700322789536174e-21
  3   5   5   7  -9.3171229363308556e-08
  3   5   6   0   7.2827335357310605e-41
  3   5   6   1  -1.2981494790004815e-40
  3   5   6   2   7.7117625445654491e-41
  3   5   6   3  -7.4523424564658562e-26
  3   5   6   4   1.8153474435531461e-28
  3   5   6   5  -1.8139078732513731e-43
  3   5   6   6   5.9616319022819622e-42
  3   5   6   7  -8.7197725687055093e-29
  3   5   7   0  -1.7636265523863091e-36
  3   5   7   1   3.1616005043999165e-36
  3   5   7   2  -5.5741965546455933e-36
  3   5   7   3  -1.1376092716510933e-18
  3   5   7   4   4.2398633843839749e-19
  3   5   7   5  -2.7412250400484211e-36
  3   5   7   6   1.2963639653448403e-34
  3   5   7   7  -1.0150868467834783e-17
  3   6   0   0  -7.1860644691896026e-16
  3   6   0   1   7.1696547866027616e-16
  3   6   0   2  -4.7706088316652065e-16
  3   6   0   3   1.4960130186785479e-23
  3   6   0   4  -3.6442010572883408e-26
  3   6   0   5   2.1430214249510117e-18
  3   6   0   6   1.1967618222995385e-39
  3   6   0   7   1.7504427761594806e-26
  3   6   1   0   7.1696547866027616e-16
  3   6   1   1  -1.2895449481293366e-15
  3   6   1   2   8.5804967318992105e-16
  3   6   1   3  -2.6666480030013994e-23
  3   6   1   4   6.4958000702464517e-26
  3   6   1   5  -3.8036312693509907e-18
  3   6   1   6  -2.1332317858586207e-39
  3   6   1   7  -3.1201698615228060e-26
  3   6   2   0  -4.7706088316652065e-16
  3   6   2   1   8.5804967318992105e-16
  3   6   2   2  -8.9092133176101625e-16
  3   6   2   3   1.5841411760897030e-23
  3   6   2   4  -3.8588761271356219e-26
  3   6   2   5   3.2279374348661773e-18
  3   6   2   6   1.2672614856997746e-39
  3   6   2   7   1.8535590434351348e-26
  3   6   3   0   2.3882782078101275e-36
  3   6   3   1  -4.2336977650205651e-36
  3   6   3   2   2.8029961118425971e-36
  3   6   3   3  -1.5999210016042128e-16
  3   6   3   4   3.8973148949693933e-19
  3   6   3   5   3.8942242496413860e-34
  3   6   3   6   1.2798848335605248e-32
  3   6   3   7  -1.8720225921033506e-19
  3   6   4   0   9.4629631079830695e-35
  3   6   4   1  -1.6955877041815529e-34
  3   6   4   2   2.6823294828287938e-34
  3   6   4   3   6.0390909463723939e-20
  3   6   4   4  -5.7467581564943373e-19
  3   6   4   5   6.5532226488613130e-36
  3   6   4   6  -5.7523429913466108e-35
  3   6   4   7   1.3843827374404768e-17
  3   6   5   0   2.1430214249510117e-18
  3   6   5   1  -3.8036312693509907e-18
  3   6   5   2   3.2279374348661773e-18
  3   6   5   3  -7.4523424564658562e-26
  3   6   5   4   1.8153475265876611e-28
  3   6   5   5  -1.2740064557907235e-20
  3   6   5   6  -5.9616319647340595e-42
  3   6   5   7  -8.7197945417193778e-29
  3   6   6   0   2.3935236445992685e-39
  3   6   6   1  -4.2664635717175808e-39
  3   6   6   2   2.5345229713997741e-39
  3   6   6   3   1.2768643177889265e-32
  3   6   6   4  -8.3796028556046355e-35
  3   6   6   5  -1.1923263898242070e-41
  3   6   6   6  -1.0262826088647350e-48
  3   6   6   7   1.2846071960340563e-33
  3   6   7   0  -5.8637550515096092e-35
  3   6   7   1   1.0510432432308046e-34
  3   6   7   2  -1.8399363535510637e-34
  3   6   7   3   7.7485384808224668e-18
  3   6   7   4   1.3824881721743148e-17
  3   6   7   5  -1.9995881148914643e-34
  3   6   7   6   6.4980905545858904e-34
  3   6   7   7  -3.3356799885694368e-16
  3   7   0   0   1.0510691807489061e-02
  3   7   0   1  -1.0486690197557992e-02
  3   7   0   2   6.9777274304600248e-03
  3   7   0   3  -3.6581156078236809e-19
  3   7   0   4  -4.9301700013993659e-22
  3   7   0   5  -3.1344886802896039e-05
  3   7   0   6  -3.5008855610964057e-26
  3   7   0   7   4.2794407852963866e-22
  3   7   1   0  -1.0486690197557992e-02
  3   7   1   1   1.8861519514339200e-02
  3   7   1   2  -1.2550257110945512e-02
  3   7   1   3   6.5570906419848495e-19
  3   7   1   4   8.8280415537269643e-22
  3   7   1   5   5.5633784240158959e-05
  3   7   1   6   6.2403397387790184e-26
  3   7   1   7  -7.6708183340648845e-22
  3   7   2   0   6.9777274304600248e-03
  3   7   2   1  -1.2550257110945512e-02
  3   7   2   2   1.3031054178552047e-02
  3   7   2   3  -1.1491994317158334e-18
  3   7   2   4  -1.1239394261178919e-21
  3   7   2   5  -4.7213402686827477e-05
  3   7   2   6  -3.7071181144479686e-26
  3   7   2   7   1.3445500112048848e-21
  3   7   3   0  -3.4932133298360817e-23
  3   7   3   1   6.1924148614275821e-23
  3   7   3   2  -4.0998001611986856e-23
  3   7   3   3   2.3401232533177539e-03
  3   7   3   4  -5.7004047087792807e-06
  3   7   3   5  -5.6958841787077492e-21
  3   7   3   6  -1.8720225921033506e-19
  3   7   3   7   2.7381124406297016e-06
  3   7   4   0  -2.6756572728926516e-21
  3   7   4   1   4.7695927596739527e-21
  3   7   4   2  -5.4391403090889223e-21
  3   7   4   3   8.6521292200283345e-02
  3   7   4   4  -2.0235751679775429e-04
  3   7   4   5  -2.1069171986739498e-19
  3   7   4   6  -6.9206516381779372e-18
  3   7   4   7  -1.0124947175971695e-04
  3   7   5   0  -3.1344886802896039e-05
  3   7   5   1   5.5633784240158959e-05
  3   7   5   2  -4.7213402686827477e-05
  3   7   5   3  -1.1376092716510933e-18
  3   7   5   4   2.6731496564315220e-21
  3   7   5   5   1.8634245872661711e-07
  3   7   5   6   1.7439562055316111e-28
  3   7   5   7   1.3177554439713178e-21
  3   7   6   0  -3.5008855640343461e-26
  3   7   6   1   6.2403397440449829e-26
  3   7   6   2  -3.7071181236547658e-26
  3   7   6   3   7.7485384808224668e-18
  3   7   6   4  -1.8104286645323477e-20
  3   7   6   5   1.7439551068809177e-28
  3   7   6   6  -6.1978722569234555e-34
  3   7   6   7  -9.5044272771616717e-21
  3   7   7   0   3.1978840035984789e-20
  3   7   7   1  -5.6705781185974757e-20
  3   7   7   2   3.9216466398910243e-20
  3   7   7   3  -2.0849385717580309e+00
  3   7   7   4   4.8763040006472493e-03
  3   7   7   5   5.0774108670833490e-18
  3   7   7   6   1.6676974278755611e-16
  3   7   7   7   2.4395344252509288e-03
  4   0   0   0  -1.3281224159521623e-18
  4   0   0   1   2.7042694612424724e-19
  4   0   0   2   2.0014871856844028e-18
  4   0   0   3   1.0940967248620250e-02
  4   0   0   4  -8.0910496608351621e-03
  4   0   0   5   7.5338867544368299e-20
  4   0   0   6  -1.6148604351265222e-18
  4   0   0   7   1.9433131699527839e-01
  4   0   1   0   1.3250895921616598e-18
  4   0   1   1  -2.3923343699385058e-18
  4   0   1   2  -5.8460932574807971e-19
  4   0   1   3  -1.0915983086494701e-02
  4   0   1   4   8.0725734062318342e-03
  4   0   1   5  -8.1323167376176842e-20
  4   0   1   6   1.6111728329242194e-18
  4   0   1   7  -1.9388755320186299e-01
  4   0   2   0  -8.8169992827638006e-19
  4   0   2   1   1.5918355733651948e-18
  4   0   2   2  -7.9379310911747941e-19
  4   0   2   3   7.2633741607823011e-03
  4   0   2   4  -5.3714008738603713e-03
  4   0   2   5   5.6688073587240623e-20
  4   0   2   6  -1.0720565459371806e-18
  4   0   2   7   1.2901062898916016e-01
  4   0   3   0   8.8279915576109386e-39
  4   0   3   1  -1.5480594201598683e-38
  4   0   3   2  -4.3032003081550259e-39
  4   0   3   3  -1.1828569618113084e-18
  4   0   3   4   2.9349748722998210e-21
  4   0   3   5   2.8784609338601372e-36
  4   0   3   6   9.4629631079830695e-35
  4   0   3   7  -2.6756572728926516e-21
  4   0   4   0   1.7487385315691479e-37
  4   0   4   1  -3.1334193177841333e-37
  4   0   4   2   4.9572260498633674e-37
  4   0   4   3   1.4405969487821270e-21
  4   0   4   4  -1.0653483543983473e-21
  4   0   4   5   8.8768529128658319e-39
  4   0   4   6  -2.1262864266828144e-37
  4   0   4   7   2.5587600799327395e-20
  4   0   5   0   3.9607142470629108e-21
  4   0   5   1  -6.9628040363403290e-21
  4   0   5   2   7.0408293330571489e-22
  4   0   5   3  -3.2628050199116409e-05
  4   0   5   4   2.4129052623803944e-05
  4   0   5   5  -2.4814381739074030e-22
  4   0   5   6   4.8158216860140740e-21
  4   0   5   7  -5.7953303598289800e-04
  4   0   6   0   4.4236903511415974e-42
  4   0   6   1  -7.8440411808615627e-42
  4   0   6   2  -3.1714614035093737e-42
  4   0   6   3  -3.6442010572883408e-26
  4   0   6   4   2.6949547635651388e-26
  4   0   6   5  -2.6862595436598253e-43
  4   0   6   6   5.3787530648005194e-42
  4   0   6   7  -6.4727585468389247e-25
  4   0   7   0  -1.0814932715736886e-37
  4   0   7   1   1.9392753504627815e-37
  4   0   7   2  -3.7300930107089097e-37
  4   0   7   3  -4.9301700013993659e-22
  4   0   7   4   5.0516345482451942e-20
  4   0   7   5  -6.6055218010634831e-37
  4   0   7   6   4.6723881403907382e-36
  4   0   7   7  -1.2172058490739130e-18
  4   1   0   0   3.4344148842364849e-18
  4   1   0   1  -2.3743179731668557e-18
  4   1   0   2  -5.9660003501510426e-19
  4   1   0   3  -1.0915983086494701e-02
  4   1   0   4   8.0725734062318342e-03
  4   1   0   5  -8.1457238207020755e-20
  4   1   0   6   1.6111728329242194e-18
  4   1   0   7  -1.9388755320186299e-01
  4   1   1   0  -2.3653097747810306e-18
  4   1   1   1   4.2704841985855084e-18
  4   1   1   2   1.0730488271866277e-18
  4   1   1   3   1.9633652193907853e-02
  4   1   1   4  -1.4519452559782306e-02
  4   1   1   5   1.4617349795074621e-19
  4   1   1   6  -2.8978798130462536e-18
  4   1   1   7   3.4872908414477788e-01
  4   1   2   0   1.5738495094646580e-18
  4   1   2   1  -2.8415353619697968e-18
  4   1   2   2   1.4053366411844550e-18
  4   1   2   3  -1.3064026091487237e-02
  4   1   2   4   9.6610913344978167e-03
  4   1   2   5  -1.0187898331421029e-19
  4   1   2   6   1.9282188109340861e-18
  4   1   2   7  -2.3204067226684663e-01
  4   1   3   0  -1.5986920077030280e-38
  4   1   3   1   2.8040805298542806e-38
  4   1   3   2   7.2321124470122467e-39
  4   1   3   3   2.1194617468727870e-18
  4   1   3   4  -5.2579094880644659e-21
  4   1   3   5  -5.1576836186514110e-36
  4   1   3   6  -1.6955877041815529e-34
  4   1   3   7   4.7695927596739527e-21
  4   1   4   0  -3.1334193177841333e-37
  4   1   4   1   5.6145138017018361e-37
  4   1   4   2  -8.8824415925271239e-37
  4   1   4   3  -2.5812860110106778e-21
  4   1   4   4   1.9089092243229510e-21
  4   1   4   5  -1.5905695389089278e-38
  4   1   4   6   3.8099160304610008e-37
  4   1   4   7  -4.5848296467979364e-20
  4   1   5   0  -7.1639102826061974e-21
  4   1   5   1   1.2596185388165312e-20
  4   1   5   2  -1.4516159656284245e-21
  4   1   5   3   5.7911260499017162e-05
  4   1   5   4  -4.2826458938372141e-05
  4   1   5   5   4.4122547873521163e-22
  4   1   5   6  -8.5475626791554224e-21
  4   1   5   7   1.0286084644892683e-03
  4   1   6   0  -7.9676443468351059e-42
  4   1   6   1   1.4128910584535734e-41
  4   1   6   2   5.5658838110536789e-42
  4   1   6   3   6.4958000702464517e-26
  4   1   6   4  -4.8037655078613219e-26
  4   1   6   5   4.7923710861272615e-43
  4   1   6   6  -9.5876445857749837e-42
  4   1   6   7   1.1537712865683580e-24
  4   1   7   0   1.9371192652945920e-37
  4   1   7   1  -3.4735386468667300e-37
  4   1   7   2   6.6816065135527293e-37
  4   1   7   3   8.8280415537269643e-22
  4   1   7   4  -9.0515605552503315e-20
  4   1   7   5   1.1835849353317183e-36
  4   1   7   6  -8.3719768163366815e-36
  4   1   7   7   2.1809995391955679e-18
  4   2   0   0  -6.6480741561979456e-18
  4   2   0   1   5.9327346623247190e-18
  4   2   0   2  -2.4993935764041385e-18
  4   2   0   3   7.2633741607823011e-03
  4   2   0   4  -5.3714008738603713e-03
  4   2   0   5   6.7211601578701029e-20
  4   2   0   6  -1.0720565459371806e-18
  4   2   0   7   1.2901062898916016e-01
  4   2   1   0   5.9267393076912068e-18
  4   2   1   1  -1.0670703740282646e-17
  4   2   1   2   4.4954510358753799e-18
  4   2   1   3  -1.3064026091487237e-02
  4   2   1   4   9.6610913344978167e-03
  4   2   1   5  -1.2035516251494304e-19
  4   2   1   6   1.9282188109340861e-18
  4   2   1   7  -2.3204067226684663e-01
  4   2   2   0  -3.3521938100474682e-18
  4   2   2   1   6.0405082332208428e-18
  4   2   2   2  -4.6676705893483213e-18
  4   2   2   3   1.3564505514370480e-02
  4   2   2   4  -1.0031205216822535e-02
  4   2   2   5   1.1740678724447020e-19
  4   2   2   6  -2.0020883692869846e-18
  4   2   2   7   2.4093008973495966e-01
  4   2   3   0   3.9689244227798539e-38
  4   2   3   1  -7.0158990501154925e-38
  4   2   3   2   2.9370634750532480e-38
  4   2   3   3  -3.3529758664496944e-18
  4   2   3   4   8.2305669895866655e-21
  4   2   3   5   8.1604442185563950e-36
  4   2   3   6   2.6823294828287938e-34
  4   2   3   7  -5.4391403090889223e-21
  4   2   4   0   4.9572260498633674e-37
  4   2   4   1  -8.8824415925271239e-37
  4   2   4   2   1.4052466772944933e-36
  4   2   4   3   4.0837235486819615e-21
  4   2   4   4  -3.0199898494051865e-21
  4   2   4   5   2.5163605482506638e-38
  4   2   4   6  -6.0274776780751435e-37
  4   2   4   7   7.2534297692928075e-20
  4   2   5   0   1.6489374920496329e-20
  4   2   5   1  -2.9165884766727558e-20
  4   2   5   2   1.6911648752645345e-20
  4   2   5   3  -4.9146174386393862e-05
  4   2   5   4   3.6344514023705182e-05
  4   2   5   5  -4.3632934906177696e-22
  4   2   5   6   7.2538570631791670e-21
  4   2   5   7  -8.7292472198853858e-04
  4   2   6   0   2.0395775184675062e-41
  4   2   6   1  -3.6311906513772094e-41
  4   2   6   2   1.3278746293171930e-41
  4   2   6   3  -3.8588761271356219e-26
  4   2   6   4   2.8537110006706647e-26
  4   2   6   5  -3.6271666195282494e-43
  4   2   6   6   5.6956083131809980e-42
  4   2   6   7  -6.8540602312828960e-25
  4   2   7   0  -2.7335883292537993e-37
  4   2   7   1   4.9021644978386414e-37
  4   2   7   2  -9.6322468730712466e-37
  4   2   7   3  -1.1239394261178919e-21
  4   2   7   4   1.4299854688450369e-19
  4   2   7   5  -1.8708101908676408e-36
  4   2   7   6   1.3204635975294033e-35
  4   2   7   7  -3.4456066737855974e-18
  4   3   0   0  -2.1881934497240501e-02
  4   3   0   1   2.1831966172989402e-02
  4   3   0   2  -1.4526748321564602e-02
  4   3   0   3   7.2724295097204583e-23
  4   3   0   4   2.9349748722998210e-21
  4   3   0   5   6.5256100398232818e-05
  4   3   0   6   7.2884021335015346e-26
  4   3   0   7  -3.0735658622743583e-21
  4   3   1   0   2.1831966172989402e-02
  4   3   1   1  -3.9267304387815706e-02
  4   3   1   2   2.6128052182974475e-02
  4   3   1   3  -1.2891826614205287e-22
  4   3   1   4  -5.2579094880644659e-21
  4   3   1   5  -1.1582252099803432e-04
  4   3   1   6  -1.2991600174402756e-25
  4   3   1   7   5.4837562197596551e-21
  4   3   2   0  -1.4526748321564602e-02
  4   3   2   1   2.6128052182974475e-02
  4   3   2   2  -2.7129011028740959e-02
  4   3   2   3   8.5352667761797134e-23
  4   3   2   4   8.2305669895866655e-21
  4   3   2   5   9.8292348772787723e-05
  4   3   2   6   7.7177523079165735e-26
  4   3   2   7  -7.1143844012705606e-21
  4   3   3   0   5.9153756734830007e-19
  4   3   3   1  -1.0599242508356064e-18
  4   3   3   2   1.6766159622264898e-18
  4   3   3   3  -4.8718414241851245e-03
  4   3   3   4  -3.5790826935334238e-03
  4   3   3   5   5.3736154855523330e-20
  4   3   3   6   6.0390909463723939e-20
  4   3   3   7   8.6521292200283345e-02
  4   3   4   0   1.4405969487821270e-21
  4   3   4   1  -2.5812860110106778e-21
  4   3   4   2   4.0837235486819615e-21
  4   3   4   3   1.1867523539829502e-05
  4   3   4   4  -8.7762553465279613e-06
  4   3   4   5   7.3126811070992832e-23
  4   3   4   6  -1.7516179138384779e-21
  4   3   4   7   2.1078862833250606e-04
  4   3   5   0   6.5256100398232818e-05
  4   3   5   1  -1.1582252099803432e-04
  4   3   5   2   9.8292348772787723e-05
  4   3   5   3   1.1858112366451972e-20
  4   3   5   4   8.9155492301537825e-21
  4   3   5   5  -3.8794149334730371e-07
  4   3   5   6  -3.6306949396131574e-28
  4   3   5   7  -2.1610827013308201e-19
  4   3   6   0   7.2884021287695167e-26
  4   3   6   1  -1.2991600165923865e-25
  4   3   6   2   7.7177522945042966e-26
  4   3   6   3   3.8973148949693933e-19
  4   3   6   4   2.8471048095395916e-19
  4   3   6   5  -3.6306949811304148e-28
  4   3   6   6  -4.9782326283056155e-36
  4   3   6   7  -6.8827603328546947e-18
  4   3   7   0  -1.0898798842124966e-21
  4   3   7   1   1.9540493455012495e-21
  4   3   7   2  -3.6368055643903479e-21
  4   3   7   3  -5.7004047087792807e-06
  4   3   7   4   4.1736170089763625e-04
  4   3   7   5  -5.4516757420990348e-21
  4   3   7   6   3.8732671339540428e-20
  4   3   7   7  -1.0056356416573650e-02
  4   4   0   0   1.6182099321670324e-02
  4   4   0   1  -1.6145146812463668e-02
  4   4   0   2   1.0742801747720743e-02
  4   4   0   3  -1.5481588982532613e-21
  4   4   0   4  -1.0653483543983473e-21
  4   4   0   5  -4.8258105247607888e-05
  4   4   0   6  -5.3899095271940653e-26
  4   4   0   7  -2.4269888566921706e-20
  4   4   1   0  -1.6145146812463668e-02
  4   4   1   1   2.9038905119564612e-02
  4   4   1   2  -1.9322182668995633e-02
  4   4   1   3   2.7719609430968980e-21
  4   4   1   4   1.9089092243229510e-21
  4   4   1   5   8.5652917876744282e-05
  4   4   1   6   9.6075310158369412e-26
  4   4   1   7   4.3486321701068536e-20
  4   4   2   0   1.0742801747720743e-02
  4   4   2   1  -1.9322182668995633e-02
  4   4   2   2   2.0062410433645071e-02
  4   4   2   3  -4.2099633331274466e-21
  4   4   2   4  -3.0199898494051865e-21
  4   4   2   5  -7.2689028047410363e-05
  4   4   2   6  -5.7074220015221535e-26
  4   4   2   7  -6.8394200690223135e-20
  4   4   3   0  -1.5481588982532613e-21
  4   4   3   1   2.7719609430968980e-21
  4   4   3   2  -4.2099633331274466e-21
  4   4   3   3   7.1937679576863367e-03
  4   4   3   4  -8.7762553465279613e-06
  4   4   3   5  -1.7611718027094585e-20
  4   4   3   6  -5.7467581564943373e-19
  4   4   3   7  -2.0235751679775429e-04
  4   4   4   0  -1.0653483543983473e-21
  4   4   4   1   1.9089092243229510e-21
  4   4   4   2  -3.0199898494051865e-21
  4   4   4   3  -8.7762553465279613e-06
  4   4   4   4   6.4902047717840211e-06
  4   4   4   5  -5.4078642817300141e-23
  4   4   4   6   1.2953541680204623e-21
  4   4   4   7  -1.5588212824535331e-04
  4   4   5   0  -4.8258105247607888e-05
  4   4   5   1   8.5652917876744282e-05
  4   4   5   2  -7.2689028047410363e-05
  4   4   5   3  -1.7611718027094585e-20
  4   4   5   4  -5.4078642817300141e-23
  4   4   5   5   2.8688998119132694e-07
  4   4   5   6   2.6849667433425816e-28
  4   4   5   7   2.7587279030397465e-21
  4   4   6   0  -5.3899095271940653e-26
  4   4   6   1   9.6075310158369412e-26
  4   4   6   2  -5.7074220015221535e-26
  4   4   6   3  -5.7467581564943373e-19
  4   4   6   4   1.2953541680204623e-21
  4   4   6   5   2.6849667433425816e-28
  4   4   6   6   4.5962612410446262e-35
  4   4   6   7   1.8461543740995706e-21
  4   4   7   0  -2.4269888566921706e-20
  4   4   7   1   4.3486321701068536e-20
  4   4   7   2  -6.8394200690223135e-20
  4   4   7   3  -2.0235751679775429e-04
  4   4   7   4  -1.5588212824535331e-04
  4   4   7   5   2.7587279030397465e-21
  4   4   7   6   1.8461543740995706e-21
  4   4   7   7   3.7677529773623370e-03
  4   5   0   0  -1.3879559234754787e-19
  4   5   0   1   1.4162385181248879e-19
  4   5   0   2  -1.0074037038310368e-19
  4   5   0   3  -3.2628050199116409e-05
  4   5   0   4   2.4129052623803944e-05
  4   5   0   5   2.0105165618739822e-22
  4   5   0   6   4.8158216860140740e-21
  4   5   0   7  -5.7953303598289800e-04
  4   5   1   0   1.4155681639706683e-19
  4   5   1   1  -2.5455843973699647e-19
  4   5   1   2   1.8092693953080254e-19
  4   5   1   3   5.7911260499017162e-05
  4   5   1   4  -4.2826458938372141e-05
  4   5   1   5  -3.5684494673060663e-22
  4   5   1   6  -8.5475626791554224e-21
  4   5   1   7   1.0286084644892683e-03
  4   5   2   0  -9.5478606387373488e-20
  4   5   2   1   1.7168884993043618e-19
  4   5   2   2  -1.8407862823100438e-19
  4   5   2   3  -4.9146174386393862e-05
  4   5   2   4   3.6344514023705182e-05
  4   5   2   5   3.0283512791477674e-22
  4   5   2   6   7.2538570631791670e-21
  4   5   2   7  -8.7292472198853858e-04
  4   5   3   0  -1.4385582842581747e-36
  4   5   3   1   2.5776502319515218e-36
  4   5   3   2  -4.0794332039448044e-36
  4   5   3   3  -7.1897972611690746e-20
  4   5   3   4   8.9155492301537825e-21
  4   5   3   5   7.3068820109759418e-38
  4   5   3   6   6.5532226488613130e-36
  4   5   3   7  -2.1069171986739498e-19
  4   5   4   0   8.8768529128658319e-39
  4   5   4   1  -1.5905695389089278e-38
  4   5   4   2   2.5163605482506638e-38
  4   5   4   3   7.3126811070992832e-23
  4   5   4   4  -5.4078642817300141e-23
  4   5   4   5   4.5060205521947568e-40
  4   5   4   6  -1.0793341325503975e-38
  4   5   4   7   1.2988640931068550e-21
  4   5   5   0   4.2564939297646745e-22
  4   5   5   1  -7.5588015946351573e-22
  4   5   5   2   6.7241736640305361e-22
  4   5   5   3   1.9397074667365186e-07
  4   5   5   4  -1.4344499059566347e-07
  4   5   5   5  -1.1952335377889073e-24
  4   5   5   6  -2.8629615394811784e-23
  4   5   5   7   3.4452704046255043e-06
  4   5   6   0   4.7114247916616143e-43
  4   5   6   1  -8.4001822168945667e-43
  4   5   6   2   5.3803001548129340e-43
  4   5   6   3   1.8153475265876611e-28
  4   5   6   4  -1.3424833718331908e-28
  4   5   6   5  -1.1186038236803112e-45
  4   5   6   6  -2.6794092283168756e-44
  4   5   6   7   3.2243846300092750e-27
  4   5   7   0   3.2204136268424094e-37
  4   5   7   1  -5.7703187139947945e-37
  4   5   7   2   9.0953254962313810e-37
  4   5   7   3   2.6731496564315220e-21
  4   5   7   4   5.6893218814040935e-22
  4   5   7   5  -1.6904633672878052e-38
  4   5   7   6  -1.6106700716078975e-37
  4   5   7   7  -1.3862679503949011e-20
  4   6   0   0   3.2297208702530444e-18
  4   6   0   1  -3.2223456658484388e-18
  4   6   0   2   2.1441130918743612e-18
  4   6   0   3  -3.6442010667523773e-26
  4   6   0   4   2.6949547635651388e-26
  4   6   0   5  -9.6316433720281480e-21
  4   6   0   6  -5.3787530723875871e-42
  4   6   0   7  -6.4727585468843337e-25
  4   6   1   0  -3.2223456658484388e-18
  4   6   1   1   5.7957596260925071e-18
  4   6   1   2  -3.8564376218681722e-18
  4   6   1   3   6.4958000872042320e-26
  4   6   1   4  -4.8037655078613219e-26
  4   6   1   5   1.7095125358310845e-20
  4   6   1   6   9.5876445993696195e-42
  4   6   1   7   1.1537712865764943e-24
  4   6   2   0   2.1441130918743612e-18
  4   6   2   1  -3.8564376218681722e-18
  4   6   2   2   4.0041767385739692e-18
  4   6   2   3  -3.8588761539601768e-26
  4   6   2   4   2.8537110006706647e-26
  4   6   2   5  -1.4507714126358334e-20
  4   6   2   6  -5.6956083346883926e-42
  4   6   2   7  -6.8540602314108109e-25
  4   6   3   0  -4.7330916436320061e-35
  4   6   3   1   8.4807927247815247e-35
  4   6   3   2  -1.3413537091396478e-34
  4   6   3   3   1.0484126495633702e-18
  4   6   3   4   2.8471048095395916e-19
  4   6   3   5  -5.9019545953762908e-36
  4   6   3   6  -5.7523429913466108e-35
  4   6   3   7  -6.9206516381779372e-18
  4   6   4   0  -2.1262864266828144e-37
  4   6   4   1   3.8099160304610008e-37
  4   6   4   2  -6.0274776780751435e-37
  4   6   4   3  -1.7516179138384779e-21
  4   6   4   4   1.2953541680204623e-21
  4   6   4   5  -1.0793341325503975e-38
  4   6   4   6   2.5853458860077737e-37
  4   6   4   7  -3.1111894253378752e-20
  4   6   5   0  -9.6316433720281480e-21
  4   6   5   1   1.7095125358310845e-20
  4   6   5   2  -1.4507714126358334e-20
  4   6   5   3   1.8153474435531461e-28
  4   6   5   4  -1.3424833718331908e-28
  4   6   5   5   5.7259230789623568e-23
  4   6   5   6   2.6794091898038089e-44
  4   6   5   7   3.2243846305752615e-27
  4   6   6   0  -1.0757506140981640e-41
  4   6   6   1   1.9175289191941921e-41
  4   6   6   2  -1.1391216658623089e-41
  4   6   6   3  -8.3796028556046355e-35
  4   6   6   4  -2.2593504322321967e-35
  4   6   6   5   5.3588183988641512e-44
  4   6   6   6   4.6125474866522825e-51
  4   6   6   7   5.4923011049522307e-34
  4   6   7   0  -2.1389463608566393e-36
  4   6   7   1   3.8324255430513650e-36
  4   6   7   2  -5.9825888615594374e-36
  4   6   7   3  -1.8104286645323477e-20
  4   6   7   4  -4.7590918567117910e-20
  4   6   7   5   6.8791249497817314e-37
  4   6   7   6  -2.9205163369912001e-36
  4   6   7   7   1.1477850340125279e-18
  4   7   0   0  -3.8866263399055678e-01
  4   7   0   1   3.8777510640372598e-01
  4   7   0   2  -2.5802125797832032e-01
  4   7   0   3   3.4743549559837864e-21
  4   7   0   4   5.0516345482451942e-20
  4   7   0   5   1.1590660719657960e-03
  4   7   0   6   1.2945517093772613e-24
  4   7   0   7  -1.5824445793708915e-20
  4   7   1   0   3.8777510640372598e-01
  4   7   1   1  -6.9745816828955576e-01
  4   7   1   2   4.6408134453369326e-01
  4   7   1   3  -6.1766095931441145e-21
  4   7   1   4  -9.0515605552503315e-20
  4   7   1   5  -2.0572169289785366e-03
  4   7   1   6  -2.3075425731536957e-24
  4   7   1   7   2.8365025948686259e-20
  4   7   2   0  -2.5802125797832032e-01
  4   7   2   1   4.6408134453369326e-01
  4   7   2   2  -4.8186017946991933e-01
  4   7   2   3   5.8312182476425320e-21
  4   7   2   4   1.4299854688450369e-19
  4   7   2   5   1.7458494439770772e-03
  4   7   2   6   1.3708120462834018e-24
  4   7   2   7  -4.9718549307532544e-20
  4   7   3   0   3.2754006612929331e-21
  4   7   3   1  -5.8195278631012637e-21
  4   7   3   2   4.9935962015517128e-21
  4   7   3   3  -1.7305968561469301e-01
  4   7   3   4   4.1736170089763625e-04
  4   7   3   5   4.2127806330555395e-19
  4   7   3   6   1.3843827374404768e-17
  4   7   3   7  -1.0124947175971695e-04
  4   7   4   0   2.5587600799327395e-20
  4   7   4   1  -4.5848296467979364e-20
  4   7   4   2   7.2534297692928075e-20
  4   7   4   3   2.1078862833250606e-04
  4   7   4   4  -1.5588212824535331e-04
  4   7   4   5   1.2988640931068550e-21
  4   7   4   6  -3.1111894253378752e-20
  4   7   4   7   3.7439863241204678e-03
  4   7   5   0   1.1590660719657960e-03
  4   7   5   1  -2.0572169289785366e-03
  4   7   5   2   1.7458494439770772e-03
  4   7   5   3   4.2398633843839749e-19
  4   7   5   4   5.6893218814040935e-22
  4   7   5   5  -6.8905408092510085e-06
  4   7   5   6  -6.4487692599357647e-27
  4   7   5   7  -4.8727744204654814e-20
  4   7   6   0   1.2945517093749909e-24
  4   7   6   1  -2.3075425731496278e-24
  4   7   6   2   1.3708120462770060e-24
  4   7   6   3   1.3824881721743148e-17
  4   7   6   4  -4.7590918567117910e-20
  4   7   6   5  -6.4487692596527714e-27
  4   7   6   6  -1.1072217700014198e-33
  4   7   6   7   3.5145314959014375e-19
  4   7   7   0   5.8486625584639307e-19
  4   7   7   1  -1.0479522306747545e-18
  4   7   7   2   1.6482255129314999e-18
  4   7   7   3   4.8763040006472493e-03
  4   7   7   4   3.7321029974995332e-03
  4   7   7   5  -6.6160276555007721e-20
  4   7   7   6  -4.6712792621048307e-20
  4   7   7   7  -9.0208702985001110e-02
  5   0   0   0  -3.0080616854626336e-02
  5   0   0   1   6.6340111757451220e-03
  5   0   0   2   5.3698828299514265e-03
  5   0   0   3   1.0932690742113839e-17
  5   0   0   4   7.5338867544368299e-20
  5   0   0   5   5.8577790235255466e-07
  5   0   0   6   3.3022708970425383e-26
  5   0   0   7  -2.5341086912104560e-18
  5   0   1   0   3.0011926491950468e-02
  5   0   1   1  -5.4691885501336863e-02
  5   0   1   2   2.6629699852945908e-02
  5   0   1   3  -1.0908035387399932e-17
  5   0   1   4  -8.1457238207020755e-20
  5   0   1   5  -1.4001924106329768e-04
  5   0   1   6  -1.9020611855468413e-25
  5   0   1   7   2.5322154557606450e-18
  5   0   2   0  -1.9969603256955050e-02
  5   0   2   1   3.6391437830721581e-02
  5   0   2   2  -4.4507995184166038e-02
  5   0   2   3   7.2580834957951583e-18
  5   0   2   4   6.7211601578701029e-20
  5   0   2   5   1.5152323688892875e-04
  5   0   2   6   1.0108236115009733e-25
  5   0   2   7  -1.6944570475175201e-18
  5   0   3   0   1.9994499637293638e-22
  5   0   3   1  -3.5400374024542675e-22
  5   0   3   2   1.6816156808522581e-22
  5   0   3   3  -2.6788855487322804e-02
  5   0   3   4   6.5256100398232818e-05
  5   0   3   5   6.5205539715799453e-20
  5   0   3   6   2.1430214249510117e-18
  5   0   3   7  -3.1344886802896039e-05
  5   0   4   0   3.9607142470629108e-21
  5   0   4   1  -7.1639102826061974e-21
  5   0   4   2   1.6489374920496329e-20
  5   0   4   3   6.5256100398232818e-05
  5   0   4   4  -4.8258105247607888e-05
  5   0   4   5   4.2564939297646745e-22
  5   0   4   6  -9.6316433720281480e-21
  5   0   4   7   1.1590660719657960e-03
  5   0   5   0   8.9706134243012863e-05
  5   0   5   1  -1.5921868689069277e-04
  5   0   5   2   1.3512034247010441e-04
  5   0   5   3   3.2602175530626054e-20
  5   0   5   4   2.0105165618739822e-22
  5   0   5   5  -5.3329468767322373e-07
  5   0   5   6  -4.9910369640667046e-28
  5   0   5   7  -7.5425856535829136e-21
  5   0   6   0   1.0019207035279102e-25
  5   0   6   1  -1.7935528390187605e-25
  5   0   6   2   6.1273667043817584e-26
  5   0   6   3   2.1430214249510117e-18
  5   0   6   4  -9.6316433720281480e-21
  5   0   6   5  -4.0257478288079199e-28
  5   0   6   6  -1.7183933750768473e-34
  5   0   6   7   1.0880312755179496e-19
  5   0   7   0  -2.4494718515643399e-21
  5   0   7   1   4.4337182033352301e-21
  5   0   7   2  -1.1702375466052497e-20
  5   0   7   3  -3.1344886802896039e-05
  5   0   7   4   1.1590660719657960e-03
  5   0   7   5  -1.5099733191222783e-20
  5   0   7   6   1.0880312755179496e-19
  5   0   7   7  -2.7926877390642445e-02
  5   1   0   0   7.6767757124361152e-02
  5   1   0   1  -5.3267923843017893e-02
  5   1   0   2   2.5682148163691139e-02
  5   1   0   3  -1.0908036264404929e-17
  5   1   0   4  -8.1323167376176842e-20
  5   1   0   5  -1.4001924106329768e-04
  5   1   0   6  -1.8868092412267973e-25
  5   1   0   7   2.5321292851924056e-18
  5   1   1   0  -5.2555943013858408e-02
  5   1   1   1   9.5808493063653341e-02
  5   1   1   2  -4.6192412418372575e-02
  5   1   1   3   1.9619340525119190e-17
  5   1   1   4   1.4617349795074621e-19
  5   1   1   5   2.4428635000867355e-04
  5   1   1   6   3.3363399753879385e-25
  5   1   1   7  -4.5542726774004617e-18
  5   1   2   0   3.4970110296839427e-02
  5   1   2   1  -6.3749965661407379e-02
  5   1   2   2   7.8283250685580133e-02
  5   1   2   3  -1.3054499078288397e-17
  5   1   2   4  -1.2035516251494304e-19
  5   1   2   5  -2.6612080512938119e-04
  5   1   2   6  -1.7677428270233039e-25
  5   1   2   7   3.0473135788750414e-18
  5   1   3   0  -3.5531924773901507e-22
  5   1   3   1   6.2909664923582771e-22
  5   1   3   2  -2.9912909401493643e-22
  5   1   3   3   4.7547321373156662e-02
  5   1   3   4  -1.1582252099803432e-04
  5   1   3   5  -1.1573277864781129e-19
  5   1   3   6  -3.8036312693509907e-18
  5   1   3   7   5.5633784240158959e-05
  5   1   4   0  -6.9628040363403290e-21
  5   1   4   1   1.2596185388165312e-20
  5   1   4   2  -2.9165884766727558e-20
  5   1   4   3  -1.1582252099803432e-04
  5   1   4   4   8.5652917876744282e-05
  5   1   4   5  -7.5588015946351573e-22
  5   1   4   6   1.7095125358310845e-20
  5   1   4   7  -2.0572169289785366e-03
  5   1   5   0  -1.5921868689069277e-04
  5   1   5   1   2.8259595031173687e-04
  5   1   5   2  -2.3982399511309244e-04
  5   1   5   3  -5.7865335760697640e-20
  5   1   5   4  -3.5684494673060663e-22
  5   1   5   5   9.4654039674802301e-07
  5   1   5   6   8.8585508488067112e-28
  5   1   5   7   1.3387273832029919e-20
  5   1   6   0  -1.7706749225386945e-25
  5   1   6   1   3.1698270472089314e-25
  5   1   6   2  -1.0760546636143828e-25
  5   1   6   3  -3.8036312693509907e-18
  5   1   6   4   1.7095125358310845e-20
  5   1   6   5   7.0999313256459804e-28
  5   1   6   6   3.0499624027964601e-34
  5   1   6   7  -1.9311378474373018e-19
  5   1   7   0   4.3044623509759371e-21
  5   1   7   1  -7.7928986006994911e-21
  5   1   7   2   2.0705553444420396e-20
  5   1   7   3   5.5633784240158959e-05
  5   1   7   4  -2.0572169289785366e-03
  5   1   7   5   2.6800649571483445e-20
  5   1   7   6  -1.9311378474373018e-19
  5   1   7   7   4.9567187178638228e-02
  5   2   0   0  -7.0648575430767996e-02
  5   2   0   1   5.4967362097018156e-02
  5   2   0   2  -3.0079321262046776e-02
  5   2   0   3   7.2582165024427471e-18
  5   2   0   4   5.6688073587240623e-20
  5   2   0   5   1.5152323688892875e-04
  5   2   0   6   1.9072353368886247e-25
  5   2   0   7  -1.6864442020735468e-18
  5   2   1   0   5.4493586252390772e-02
  5   2   1   1  -9.8865072147476987e-02
  5   2   1   2   5.4101169660696988e-02
  5   2   1   3  -1.3054733829710241e-17
  5   2   1   4  -1.0187898331421029e-19
  5   2   1   5  -2.6612080512938119e-04
  5   2   1   6  -3.3817500182960542e-25
  5   2   1   7   3.0332214396492935e-18
  5   2   2   0  -2.2864984300987143e-02
  5   2   2   1   4.2010129148255415e-02
  5   2   2   2  -5.6173771321125207e-02
  5   2   2   3   1.3554455532283857e-17
  5   2   2   4   1.1740678724447020e-19
  5   2   2   5   1.8534411525472847e-04
  5   2   2   6   1.1211698170666828e-25
  5   2   2   7  -3.1588739545548100e-18
  5   2   3   0   3.6767153947030092e-22
  5   2   3   1  -6.5125622678050928e-22
  5   2   3   2   3.5346524319811752e-22
  5   2   3   3  -4.0350856252744274e-02
  5   2   3   4   9.8292348772787723e-05
  5   2   3   5   9.8215796119469625e-20
  5   2   3   6   3.2279374348661773e-18
  5   2   3   7  -4.7213402686827477e-05
  5   2   4   0   7.0408293330571489e-22
  5   2   4   1  -1.4516159656284245e-21
  5   2   4   2   1.6911648752645345e-20
  5   2   4   3   9.8292348772787723e-05
  5   2   4   4  -7.2689028047410363e-05
  5   2   4   5   6.7241736640305361e-22
  5   2   4   6  -1.4507714126358334e-20
  5   2   4   7   1.7458494439770772e-03
  5   2   5   0   1.3512034247010441e-04
  5   2   5   1  -2.3982399511309244e-04
  5   2   5   2   2.0352573548402980e-04
  5   2   5   3   4.9107200529174171e-20
  5   2   5   4   3.0283512791477674e-22
  5   2   5   5  -8.0327796358592932e-07
  5   2   5   6  -7.5177760089262912e-28
  5   2   5   7  -1.1361059811822188e-20
  5   2   6   0   1.9573542585196530e-25
  5   2   6   1  -3.4970654505235085e-25
  5   2   6   2   1.5980503410117905e-25
  5   2   6   3   3.2279374348661773e-18
  5   2   6   4  -1.4507714126358334e-20
  5   2   6   5  -8.7283465895912586e-28
  5   2   6   6  -2.5883391732135362e-34
  5   2   6   7   1.6388529035027587e-19
  5   2   7   0   3.1689269990759101e-22
  5   2   7   1  -4.3265539420106775e-22
  5   2   7   2  -1.1592069808680963e-20
  5   2   7   3  -4.7213402686827477e-05
  5   2   7   4   1.7458494439770772e-03
  5   2   7   5  -2.2767871352326344e-20
  5   2   7   6   1.6388529035027587e-19
  5   2   7   7  -4.2065007805618795e-02
  5   3   0   0  -2.1864781649238558e-17
  5   3   0   1   2.1815007886574133e-17
  5   3   0   2  -1.4515529500238470e-17
  5   3   0   3   7.2666623338844768e-38
  5   3   0   4   2.8784609338601372e-36
  5   3   0   5   6.5205539715799453e-20
  5   3   0   6   7.2827335357310605e-41
  5   3   0   7  -1.7636265523863091e-36
  5   3   1   0   2.1815007448071636e-17
  5   3   1   1  -3.9236793760290674e-17
  5   3   1   2   2.6107866017872908e-17
  5   3   1   3  -1.2881603148878918e-37
  5   3   1   4  -5.1576836186514110e-36
  5   3   1   5  -1.1573277864781129e-19
  5   3   1   6  -1.2981494790004815e-40
  5   3   1   7   3.1616005043999165e-36
  5   3   2   0  -1.4515462996914673e-17
  5   3   2   1   2.6107748642161986e-17
  5   3   2   2  -2.7107850668838119e-17
  5   3   2   3   8.5284981462136967e-38
  5   3   2   4   8.1604442185563950e-36
  5   3   2   5   9.8215796119469625e-20
  5   3   2   6   7.7117625445654491e-41
  5   3   2   7  -5.5741965546455933e-36
  5   3   3   0   1.3394427743661402e-02
  5   3   3   1  -2.3773660686578331e-02
  5   3   3   2   2.0175428126372137e-02
  5   3   3   3  -4.8679779606615888e-18
  5   3   3   4   5.3736154855523330e-20
  5   3   3   5  -7.9628636551951819e-05
  5   3   3   6  -7.4523424564658562e-26
  5   3   3   7  -1.1376092716510933e-18
  5   3   4   0  -3.2628050199116409e-05
  5   3   4   1   5.7911260499017162e-05
  5   3   4   2  -4.9146174386393862e-05
  5   3   4   3   1.1858112366451972e-20
  5   3   4   4  -1.7611718027094585e-20
  5   3   4   5   1.9397074667365186e-07
  5   3   4   6   1.8153474435531461e-28
  5   3   4   7   4.2398633843839749e-19
  5   3   5   0   3.2602175530626054e-20
  5   3   5   1  -5.7865335760697640e-20
  5   3   5   2   4.9107200529174171e-20
  5   3   5   3   1.1848708656315113e-35
  5   3   5   4   7.3068820109759418e-38
  5   3   5   5  -1.9381692415786009e-22
  5   3   5   6  -1.8139078732513731e-43
  5   3   5   7  -2.7412250400484211e-36
  5   3   6   0  -1.0715107124755059e-18
  5   3   6   1   1.9018156346754954e-18
  5   3   6   2  -1.6139687174330886e-18
  5   3   6   3   3.8942242496413860e-34
  5   3   6   4  -5.9019545953762908e-36
  5   3   6   5   6.3700322789536174e-21
  5   3   6   6   5.9616319022819622e-42
  5   3   6   7   1.2963639653448403e-34
  5   3   7   0   1.5672443401448020e-05
  5   3   7   1  -2.7816892120079479e-05
  5   3   7   2   2.3606701343413738e-05
  5   3   7   3  -5.6958841787077492e-21
  5   3   7   4   4.2127806330555395e-19
  5   3   7   5  -9.3171229363308556e-08
  5   3   7   6  -8.7197725687055093e-29
  5   3   7   7  -1.0150868467834783e-17
  5   4   0   0  -1.3879559234754787e-19
  5   4   0   1   1.4155681639706683e-19
  5   4   0   2  -9.5478606387373488e-20
  5   4   0   3  -1.4385582842581747e-36
  5   4   0   4   8.8768529128658319e-39
  5   4   0   5   4.2564939297646745e-22
  5   4   0   6   4.7114247916616143e-43
  5   4   0   7   3.2204136268424094e-37
  5   4   1   0   1.4162385181248879e-19
  5   4   1   1  -2.5455843973699647e-19
  5   4   1   2   1.7168884993043618e-19
  5   4   1   3   2.5776502319515218e-36
  5   4   1   4  -1.5905695389089278e-38
  5   4   1   5  -7.5588015946351573e-22
  5   4   1   6  -8.4001822168945667e-43
  5   4   1   7  -5.7703187139947945e-37
  5   4   2   0  -1.0074037038310368e-19
  5   4   2   1   1.8092693953080254e-19
  5   4   2   2  -1.8407862823100438e-19
  5   4   2   3  -4.0794332039448044e-36
  5   4   2   4   2.5163605482506638e-38
  5   4   2   5   6.7241736640305361e-22
  5   4   2   6   5.3803001548129340e-43
  5   4   2   7   9.0953254962313810e-37
  5   4   3   0  -3.2628050199116409e-05
  5   4   3   1   5.7911260499017162e-05
  5   4   3   2  -4.9146174386393862e-05
  5   4   3   3  -7.1897972611690746e-20
  5   4   3   4   7.3126811070992832e-23
  5   4   3   5   1.9397074667365186e-07
  5   4   3   6   1.8153475265876611e-28
  5   4   3   7   2.6731496564315220e-21
  5   4   4   0   2.4129052623803944e-05
  5   4   4   1  -4.2826458938372141e-05
  5   4   4   2   3.6344514023705182e-05
  5   4   4   3   8.9155492301537825e-21
  5   4   4   4  -5.4078642817300141e-23
  5   4   4   5  -1.4344499059566347e-07
  5   4   4   6  -1.3424833718331908e-28
  5   4   4   7   5.6893218814040935e-22
  5   4   5   0   2.0105165618739822e-22
  5   4   5   1  -3.5684494673060663e-22
  5   4   5   2   3.0283512791477674e-22
  5   4   5   3   7.3068820109759418e-38
  5   4   5   4   4.5060205521947568e-40
  5   4   5   5  -1.1952335377889073e-24
  5   4   5   6  -1.1186038236803112e-45
  5   4   5   7  -1.6904633672878052e-38
  5   4   6   0   4.8158216860140740e-21
  5   4   6   1  -8.5475626791554224e-21
  5   4   6   2   7.2538570631791670e-21
  5   4   6   3   6.5532226488613130e-36
  5   4   6   4  -1.0793341325503975e-38
  5   4   6   5  -2.8629615394811784e-23
  5   4   6   6  -2.6794092283168756e-44
  5   4   6   7  -1.6106700716078975e-37
  5   4   7   0  -5.7953303598289800e-04
  5   4   7   1   1.0286084644892683e-03
  5   4   7   2  -8.7292472198853858e-04
  5   4   7   3  -2.1069171986739498e-19
  5   4   7   4   1.2988640931068550e-21
  5   4   7   5   3.4452704046255043e-06
  5   4   7   6   3.2243846300092750e-27
  5   4   7   7  -1.3862679503949011e-20
  5   5   0   0   2.6794684692433348e-04
  5   5   0   1  -1.9761757854548295e-04
  5   5   0   2   1.0231455363245574e-04
  5   5   0   3  -3.2604552839720738e-20
  5   5   0   4  -2.4814381739074030e-22
  5   5   0   5  -5.3329468767322373e-07
  5   5   0   6  -6.9216152345842739e-28
  5   5   0   7   7.5717094216968227e-21
  5   5   1   0  -1.9761757854548295e-04
  5   5   1   1   3.5921515091786352e-04
  5   5   1   2  -1.8723037508051494e-04
  5   5   1   3   5.7869550013529668e-20
  5   5   1   4   4.4122547873521163e-22
  5   5   1   5   9.4654039674802301e-07
  5   5   1   6   1.2375789895128173e-27
  5   5   1   7  -1.3439477646877134e-20
  5   5   2   0   1.0231455363245574e-04
  5   5   2   1  -1.8723037508051494e-04
  5   5   2   2   2.3988897594263246e-04
  5   5   2   3  -4.9109990651416743e-20
  5   5   2   4  -4.3632934906177696e-22
  5   5   2   5  -8.0327796358592932e-07
  5   5   2   6  -5.0966348475963546e-28
  5   5   2   7   1.1452563269186123e-20
  5   5   3   0  -3.2604552839720738e-20
  5   5   3   1   5.7869550013529668e-20
  5   5   3   2  -4.9109990651416743e-20
  5   5   3   3   1.5925727310390364e-04
  5   5   3   4  -3.8794149334730371e-07
  5   5   3   5  -1.9381692415786009e-22
  5   5   3   6  -1.2740064557907235e-20
  5   5   3   7   1.8634245872661711e-07
  5   5   4   0  -2.4814381739074030e-22
  5   5   4   1   4.4122547873521163e-22
  5   5   4   2  -4.3632934906177696e-22
  5   5   4   3  -3.8794149334730371e-07
  5   5   4   4   2.8688998119132694e-07
  5   5   4   5  -1.1952335377889073e-24
  5   5   4   6   5.7259230789623568e-23
  5   5   4   7  -6.8905408092510085e-06
  5   5   5   0  -5.3329468767322373e-07
  5   5   5   1   9.4654039674802301e-07
  5   5   5   2  -8.0327796358592932e-07
  5   5   5   3  -1.9381692415786009e-22
  5   5   5   4  -1.1952335377889073e-24
  5   5   5   5   3.1703876919948007e-09
  5   5   5   6   2.9671254049438491e-30
  5   5   5   7   4.4839975485727068e-23
  5   5   6   0  -6.9216152345842739e-28
  5   5   6   1   1.2375789895128173e-27
  5   5   6   2  -5.0966348475963546e-28
  5   5   6   3  -1.2740064557907235e-20
  5   5   6   4   5.7259230789623568e-23
  5   5   6   5   2.9671254049438491e-30
  5   5   6   6   1.0215689997060853e-36
  5   5   6   7  -6.4682455012962366e-22
  5   5   7   0   7.5717094216968227e-21
  5   5   7   1  -1.3439477646877134e-20
  5   5   7   2   1.1452563269186123e-20
  5   5   7   3   1.8634245872661711e-07
  5   5   7   4  -6.8905408092510085e-06
  5   5   7   5   4.4839975485727068e-23
  5   5   7   6  -6.4682455012962366e-22
  5   5   7   7   1.6602270827305326e-04
  5   6   0   0   2.3453079311752231e-25
  5   6   0   1  -1.5612842016425549e-25
  5   6   0   2   7.1297451370023242e-26
  5   6   0   3  -3.6415336348600951e-41
  5   6   0   4  -2.6862595436598253e-43
  5   6   0   5  -4.0257478288079199e-28
  5   6   0   6  -5.5744496277421654e-49
  5   6   0   7   8.4515106993979404e-42
  5   6   1   0  -1.5536582294825329e-25
  5   6   1   1   2.8368011908509173e-25
  5   6   1   2  -1.3066855280692909e-25
  5   6   1   3   6.4910431999130891e-41
  5   6   1   4   4.7923710861272615e-43
  5   6   1   5   7.0999313256459804e-28
  5   6   1   6   9.9364743368217040e-49
  5   6   1   7  -1.5065116896128571e-41
  5   6   2   0   1.1611803763940582e-25
  5   6   2   1  -2.1136891237056663e-25
  5   6   2   2   2.5518113889020056e-25
  5   6   2   3  -3.8560771152692872e-41
  5   6   2   4  -3.6271666195282494e-43
  5   6   2   5  -8.7283465895912586e-28
  5   6   2   6  -5.9028331164820245e-49
  5   6   2   7   9.0061527754946247e-42
  5   6   3   0  -1.0715107124755059e-18
  5   6   3   1   1.9018156346754954e-18
  5   6   3   2  -1.6139687174330886e-18
  5   6   3   3   1.4904685029758439e-25
  5   6   3   4  -3.6306949811304148e-28
  5   6   3   5   6.3700322789536174e-21
  5   6   3   6  -5.9616319647340595e-42
  5   6   3   7   1.7439562055316111e-28
  5   6   4   0   4.8158216860140740e-21
  5   6   4   1  -8.5475626791554224e-21
  5   6   4   2   7.2538570631791670e-21
  5   6   4   3  -3.6306949396131574e-28
  5   6   4   4   2.6849667433425816e-28
  5   6   4   5  -2.8629615394811784e-23
  5   6   4   6   2.6794091898038089e-44
  5   6   4   7  -6.4487692599357647e-27
  5   6   5   0  -4.9910369640667046e-28
  5   6   5   1   8.8585508488067112e-28
  5   6   5   2  -7.5177760089262912e-28
  5   6   5   3  -1.8139078732513731e-43
  5   6   5   4  -1.1186038236803112e-45
  5   6   5   5   2.9671254049438491e-30
  5   6   5   6   2.7768948229558161e-51
  5   6   5   7   4.1965161155747503e-44
  5   6   6   0   8.5919668753841532e-35
  5   6   6   1  -1.5249812013982151e-34
  5   6   6   2   1.2941695866067594e-34
  5   6   6   3  -1.1923263898242070e-41
  5   6   6   4   5.3588183988641512e-44
  5   6   6   5  -5.1078449985303853e-37
  5   6   6   6   4.7803669872687300e-58
  5   6   6   7  -6.0535485391283003e-43
  5   6   7   0  -5.4401563775897480e-20
  5   6   7   1   9.6556892371865089e-20
  5   6   7   2  -8.1942645175137935e-20
  5   6   7   3   1.7439551068809177e-28
  5   6   7   4  -6.4487692596527714e-27
  5   6   7   5   3.2341227506481183e-22
  5   6   7   6  -3.0267742334430720e-43
  5   6   7   7   1.5537853517817256e-25
  5   7   0   0   5.0608689668662191e-18
  5   7   0   1  -5.0512159274795236e-18
  5   7   0   2   3.3618198140808562e-18
  5   7   0   3   8.5659589935698249e-37
  5   7   0   4  -6.6055218010634831e-37
  5   7   0   5  -1.5099733191222783e-20
  5   7   0   6  -1.6862136554107959e-41
  5   7   0   7   2.0595415689650449e-37
  5   7   1   0  -5.0512590127636441e-18
  5   7   1   1   9.0851666589988260e-18
  5   7   1   2  -6.0466026366425688e-18
  5   7   1   3  -1.5360974401063551e-36
  5   7   1   4   1.1835849353317183e-36
  5   7   1   5   2.6800649571483445e-20
  5   7   1   6   3.0056948465516537e-41
  5   7   1   7  -3.6916901108357449e-37
  5   7   2   0   3.3658262368028429e-18
  5   7   2   1  -6.0536487062554430e-18
  5   7   2   2   6.2829716996835771e-18
  5   7   2   3   2.7575019727584837e-36
  5   7   2   4  -1.8708101908676408e-36
  5   7   2   5  -2.2767871352326344e-20
  5   7   2   6  -1.7883850172959174e-41
  5   7   2   7   6.4708376130436174e-37
  5   7   3   0   1.5672443401448020e-05
  5   7   3   1  -2.7816892120079479e-05
  5   7   3   2   2.3606701343413738e-05
  5   7   3   3   2.2581308907660632e-18
  5   7   3   4  -5.4516757420990348e-21
  5   7   3   5  -9.3171229363308556e-08
  5   7   3   6  -8.7197945417193778e-29
  5   7   3   7   1.3177554439713178e-21
  5   7   4   0  -5.7953303598289800e-04
  5   7   4   1   1.0286084644892683e-03
  5   7   4   2  -8.7292472198853858e-04
  5   7   4   3  -2.1610827013308201e-19
  5   7   4   4   2.7587279030397465e-21
  5   7   4   5   3.4452704046255043e-06
  5   7   4   6   3.2243846305752615e-27
  5   7   4   7  -4.8727744204654814e-20
  5   7   5   0  -7.5425856535829136e-21
  5   7   5   1   1.3387273832029919e-20
  5   7   5   2  -1.1361059811822188e-20
  5   7   5   3  -2.7412250400484211e-36
  5   7   5   4  -1.6904633672878052e-38
  5   7   5   5   4.4839975485727068e-23
  5   7   5   6   4.1965161155747503e-44
  5   7   5   7   6.3418849582258026e-37
  5   7   6   0  -5.4401563775897480e-20
  5   7   6   1   9.6556892371865089e-20
  5   7   6   2  -8.1942645175137935e-20
  5   7   6   3  -1.9995881148914643e-34
  5   7   6   4   6.8791249497817314e-37
  5   7   6   5   3.2341227506481183e-22
  5   7   6   6   3.0267743779273855e-43
  5   7   6   7  -4.5741404189482216e-36
  5   7   7   0   1.3963438695321222e-02
  5   7   7   1  -2.4783593589319114e-02
  5   7   7   2   2.1032503902809398e-02
  5   7   7   3   5.0774108670833490e-18
  5   7   7   4  -6.6160276555007721e-20
  5   7   7   5  -8.3011354136526631e-05
  5   7   7   6  -7.7689267595947493e-26
  5   7   7   7   1.1740605396360360e-18
  6   0   0   0  -3.3596802555214537e-23
  6   0   0   1   7.1537573788882192e-24
  6   0   0   2  -9.0318372463741765e-24
  6   0   0   3   3.5930322345948013e-16
  6   0   0   4  -1.6148604351265222e-18
  6   0   0   5   3.3022708970425383e-26
  6   0   0   6  -2.8810924223524173e-32
  6   0   0   7   1.8242148210313184e-17
  6   0   1   0   3.3520082833560551e-23
  6   0   1   1  -6.0829800262094514e-23
  6   0   1   2   4.4737597216162362e-23
  6   0   1   3  -3.5848273933013808e-16
  6   0   1   4   1.6111728329242194e-18
  6   0   1   5  -1.8868092412267973e-25
  6   0   1   6   2.8745133257750087e-32
  6   0   1   7  -1.8200491492214311e-17
  6   0   2   0  -2.2303891604759520e-23
  6   0   2   1   4.0475545693345529e-23
  6   0   2   2  -5.9688198086792433e-23
  6   0   2   3   2.3853044158326033e-16
  6   0   2   4  -1.0720565459371806e-18
  6   0   2   5   1.9072353368886247e-25
  6   0   2   6  -1.9126693079150880e-32
  6   0   2   7   1.2110405317652258e-17
  6   0   3   0   2.2331698174638632e-43
  6   0   3   1  -3.9368422737471944e-43
  6   0   3   2   2.8771842457702947e-43
  6   0   3   3  -2.9920260373563793e-23
  6   0   3   4   7.2884021335015346e-26
  6   0   3   5   7.2827335357310605e-41
  6   0   3   6   2.3935236445992685e-39
  6   0   3   7  -3.5008855640343461e-26
  6   0   4   0   4.4236903511415974e-42
  6   0   4   1  -7.9676443468351059e-42
  6   0   4   2   2.0395775184675062e-41
  6   0   4   3   7.2884021287695167e-26
  6   0   4   4  -5.3899095271940653e-26
  6   0   4   5   4.7114247916616143e-43
  6   0   4   6  -1.0757506140981640e-41
  6   0   4   7   1.2945517093749909e-24
  6   0   5   0   1.0019207035279102e-25
  6   0   5   1  -1.7706749225386945e-25
  6   0   5   2   1.9573542585196530e-25
  6   0   5   3  -1.0715107124755059e-18
  6   0   5   4   4.8158216860140740e-21
  6   0   5   5  -6.9216152345842739e-28
  6   0   5   6   8.5919668753841532e-35
  6   0   5   7  -5.4401563775897480e-20
  6   0   6   0   1.1190372928549767e-46
  6   0   6   1  -1.9946875628874570e-46
  6   0   6   2   1.1849583065509178e-46
  6   0   6   3   1.1967618222995385e-39
  6   0   6   4  -5.3787530723875871e-42
  6   0   6   5  -5.5744496277421654e-49
  6   0   6   6  -9.5962997058297697e-56
  6   0   6   7   6.0760675411237122e-41
  6   0   7   0  -2.7357956972516735e-42
  6   0   7   1   4.9311616142102286e-42
  6   0   7   2  -1.4294139428116605e-41
  6   0   7   3  -3.5008855610964057e-26
  6   0   7   4   1.2945517093772613e-24
  6   0   7   5  -1.6862136554107959e-41
  6   0   7   6   1.2152135082012817e-40
  6   0   7   7  -3.1191308017766036e-23
  6   1   0   0   8.6252733742905208e-23
  6   1   0   1  -5.9749655138370492e-23
  6   1   0   2   4.4018809829324347e-23
  6   1   0   3  -3.5848273933013808e-16
  6   1   0   4   1.6111728329242194e-18
  6   1   0   5  -1.9020611855468413e-25
  6   1   0   6   2.8745133257750087e-32
  6   1   0   7  -1.8200491492214311e-17
  6   1   1   0  -5.9209582576508481e-23
  6   1   1   1   1.0746663295439460e-22
  6   1   1   2  -7.9173022970657039e-23
  6   1   1   3   6.4477247406466830e-16
  6   1   1   4  -2.8978798130462536e-18
  6   1   1   5   3.3363399753879385e-25
  6   1   1   6  -5.1701431211307205e-32
  6   1   1   7   3.2735679130761926e-17
  6   1   2   0   3.9397364613088507e-23
  6   1   2   1  -7.1507169578776859e-23
  6   1   2   2   1.0601383938678384e-22
  6   1   2   3  -4.2902483659496053e-16
  6   1   2   4   1.9282188109340861e-18
  6   1   2   5  -3.3817500182960542e-25
  6   1   2   6   3.4401589660497825e-32
  6   1   2   7  -2.1781977294042470e-17
  6   1   3   0  -4.0025274040988950e-43
  6   1   3   1   7.0564619622343387e-43
  6   1   3   2  -5.1517749958757682e-43
  6   1   3   3   5.3332960060015281e-23
  6   1   3   4  -1.2991600174402756e-25
  6   1   3   5  -1.2981494790004815e-40
  6   1   3   6  -4.2664635717175808e-39
  6   1   3   7   6.2403397440449829e-26
  6   1   4   0  -7.8440411808615627e-42
  6   1   4   1   1.4128910584535734e-41
  6   1   4   2  -3.6311906513772094e-41
  6   1   4   3  -1.2991600165923865e-25
  6   1   4   4   9.6075310158369412e-26
  6   1   4   5  -8.4001822168945667e-43
  6   1   4   6   1.9175289191941921e-41
  6   1   4   7  -2.3075425731496278e-24
  6   1   5   0  -1.7935528390187605e-25
  6   1   5   1   3.1698270472089314e-25
  6   1   5   2  -3.4970654505235085e-25
  6   1   5   3   1.9018156346754954e-18
  6   1   5   4  -8.5475626791554224e-21
  6   1   5   5   1.2375789895128173e-27
  6   1   5   6  -1.5249812013982151e-34
  6   1   5   7   9.6556892371865089e-20
  6   1   6   0  -1.9946875628874570e-46
  6   1   6   1   3.5555369771340928e-46
  6   1   6   2  -2.1121919811868282e-46
  6   1   6   3  -2.1332317858586207e-39
  6   1   6   4   9.5876445993696195e-42
  6   1   6   5   9.9364743368217040e-49
  6   1   6   6   1.7105434997723432e-55
  6   1   6   7  -1.0830609875943009e-40
  6   1   7   0   4.8492660975763902e-42
  6   1   7   1  -8.7411517162239877e-42
  6   1   7   2   2.5450442742512608e-41
  6   1   7   3   6.2403397387790184e-26
  6   1   7   4  -2.3075425731536957e-24
  6   1   7   5   3.0056948465516537e-41
  6   1   7   6  -2.1661219751465486e-40
  6   1   7   7   5.5598606561624932e-23
  6   2   0   0  -4.8848000321530207e-23
  6   2   0   1   3.1232655260873849e-23
  6   2   0   2  -2.3617784495852544e-23
  6   2   0   3   2.3853044158326033e-16
  6   2   0   4  -1.0720565459371806e-18
  6   2   0   5   1.0108236115009733e-25
  6   2   0   6  -1.9126693079150880e-32
  6   2   0   7   1.2110405317652258e-17
  6   2   1   0   3.0873261567454841e-23
  6   2   1   1  -5.6175462795016500e-23
  6   2   1   2   4.2479341700842348e-23
  6   2   1   3  -4.2902483659496053e-16
  6   2   1   4   1.9282188109340861e-18
  6   2   1   5  -1.7677428270233039e-25
  6   2   1   6   3.4401589660497825e-32
  6   2   1   7  -2.1781977294042470e-17
  6   2   2   0  -5.5825777003825978e-24
  6   2   2   1   1.0712092857871600e-23
  6   2   2   2  -4.4106714171626914e-23
  6   2   2   3   4.4546066588050813e-16
  6   2   2   4  -2.0020883692869846e-18
  6   2   2   5   1.1211698170666828e-25
  6   2   2   6  -3.5719505563220467e-32
  6   2   2   7   2.2616439147458537e-17
  6   2   3   0   2.1084922442381853e-43
  6   2   3   1  -3.7120244833045201e-43
  6   2   3   2   2.7753505033907126e-43
  6   2   3   3  -3.1682823521785649e-23
  6   2   3   4   7.7177523079165735e-26
  6   2   3   5   7.7117625445654491e-41
  6   2   3   6   2.5345229713997741e-39
  6   2   3   7  -3.7071181236547658e-26
  6   2   4   0  -3.1714614035093737e-42
  6   2   4   1   5.5658838110536789e-42
  6   2   4   2   1.3278746293171930e-41
  6   2   4   3   7.7177522945042966e-26
  6   2   4   4  -5.7074220015221535e-26
  6   2   4   5   5.3803001548129340e-43
  6   2   4   6  -1.1391216658623089e-41
  6   2   4   7   1.3708120462770060e-24
  6   2   5   0   6.1273667043817584e-26
  6   2   5   1  -1.0760546636143828e-25
  6   2   5   2   1.5980503410117905e-25
  6   2   5   3  -1.6139687174330886e-18
  6   2   5   4   7.2538570631791670e-21
  6   2   5   5  -5.0966348475963546e-28
  6   2   5   6   1.2941695866067594e-34
  6   2   5   7  -8.1942645175137935e-20
  6   2   6   0   1.1849583065509178e-46
  6   2   6   1  -2.1121919811868282e-46
  6   2   6   2   1.2547626403778739e-46
  6   2   6   3   1.2672614856997746e-39
  6   2   6   4  -5.6956083346883926e-42
  6   2   6   5  -5.9028331164820245e-49
  6   2   6   6  -1.0161605087855445e-55
  6   2   6   7   6.4340006807548208e-41
  6   2   7   0   2.8016329839553888e-42
  6   2   7   1  -4.9361065286533825e-42
  6   2   7   2  -9.1019010773940598e-42
  6   2   7   3  -3.7071181144479686e-26
  6   2   7   4   1.3708120462834018e-24
  6   2   7   5  -1.7883850172959174e-41
  6   2   7   6   1.2868001360772531e-40
  6   2   7   7  -3.3028746909354864e-23
  6   3   0   0  -7.1860644691896026e-16
  6   3   0   1   7.1696547866027616e-16
  6   3   0   2  -4.7706088316652065e-16
  6   3   0   3   2.3882782078101275e-36
  6   3   0   4   9.4629631079830695e-35
  6   3   0   5   2.1430214249510117e-18
  6   3   0   6   2.3935236445992685e-39
  6   3   0   7  -5.8637550515096092e-35
  6   3   1   0   7.1696547866027616e-16
  6   3   1   1  -1.2895449481293366e-15
  6   3   1   2   8.5804967318992105e-16
  6   3   1   3  -4.2336977650205651e-36
  6   3   1   4  -1.6955877041815529e-34
  6   3   1   5  -3.8036312693509907e-18
  6   3   1   6  -4.2664635717175808e-39
  6   3   1   7   1.0510432432308046e-34
  6   3   2   0  -4.7706088316652065e-16
  6   3   2   1   8.5804967318992105e-16
  6   3   2   2  -8.9092133176101625e-16
  6   3   2   3   2.8029961118425971e-36
  6   3   2   4   2.6823294828287938e-34
  6   3   2   5   3.2279374348661773e-18
  6   3   2   6   2.5345229713997741e-39
  6   3   2   7  -1.8399363535510637e-34
  6   3   3   0   1.4960130186785479e-23
  6   3   3   1  -2.6666480030013994e-23
  6   3   3   2   1.5841411760897030e-23
  6   3   3   3  -1.5999210016042128e-16
  6   3   3   4   6.0390909463723939e-20
  6   3   3   5  -7.4523424564658562e-26
  6   3   3   6   1.2768643177889265e-32
  6   3   3   7   7.7485384808224668e-18
  6   3   4   0  -3.6442010572883408e-26
  6   3   4   1   6.4958000702464517e-26
  6   3   4   2  -3.8588761271356219e-26
  6   3   4   3   3.8973148949693933e-19
  6   3   4   4  -5.7467581564943373e-19
  6   3   4   5   1.8153475265876611e-28
  6   3   4   6  -8.3796028556046355e-35
  6   3   4   7   1.3824881721743148e-17
  6   3   5   0   2.1430214249510117e-18
  6   3   5   1  -3.8036312693509907e-18
  6   3   5   2   3.2279374348661773e-18
  6   3   5   3   3.8942242496413860e-34
  6   3   5   4   6.5532226488613130e-36
  6   3   5   5  -1.2740064557907235e-20
  6   3   5   6  -1.1923263898242070e-41
  6   3   5   7  -1.9995881148914643e-34
  6   3   6   0   1.1967618222995385e-39
  6   3   6   1  -2.1332317858586207e-39
  6   3   6   2   1.2672614856997746e-39
  6   3   6   3   1.2798848335605248e-32
  6   3   6   4  -5.7523429913466108e-35
  6   3   6   5  -5.9616319647340595e-42
  6   3   6   6  -1.0262826088647350e-48
  6   3   6   7   6.4980905545858904e-34
  6   3   7   0   1.7504427761594806e-26
  6   3   7   1  -3.1201698615228060e-26
  6   3   7   2   1.8535590434351348e-26
  6   3   7   3  -1.8720225921033506e-19
  6   3   7   4   1.3843827374404768e-17
  6   3   7   5  -8.7197945417193778e-29
  6   3   7   6   1.2846071960340563e-33
  6   3   7   7  -3.3356799885694368e-16
  6   4   0   0   3.2297208702530444e-18
  6   4   0   1  -3.2223456658484388e-18
  6   4   0   2   2.1441130918743612e-18
  6   4   0   3  -4.7330916436320061e-35
  6   4   0   4  -2.1262864266828144e-37
  6   4   0   5  -9.6316433720281480e-21
  6   4   0   6  -1.0757506140981640e-41
  6   4   0   7  -2.1389463608566393e-36
  6   4   1   0  -3.2223456658484388e-18
  6   4   1   1   5.7957596260925071e-18
  6   4   1   2  -3.8564376218681722e-18
  6   4   1   3   8.4807927247815247e-35
  6   4   1   4   3.8099160304610008e-37
  6   4   1   5   1.7095125358310845e-20
  6   4   1   6   1.9175289191941921e-41
  6   4   1   7   3.8324255430513650e-36
  6   4   2   0   2.1441130918743612e-18
  6   4   2   1  -3.8564376218681722e-18
  6   4   2   2   4.0041767385739692e-18
  6   4   2   3  -1.3413537091396478e-34
  6   4   2   4  -6.0274776780751435e-37
  6   4   2   5  -1.4507714126358334e-20
  6   4   2   6  -1.1391216658623089e-41
  6   4   2   7  -5.9825888615594374e-36
  6   4   3   0  -3.6442010667523773e-26
  6   4   3   1   6.4958000872042320e-26
  6   4   3   2  -3.8588761539601768e-26
  6   4   3   3   1.0484126495633702e-18
  6   4   3   4  -1.7516179138384779e-21
  6   4   3   5   1.8153474435531461e-28
  6   4   3   6  -8.3796028556046355e-35
  6   4   3   7  -1.8104286645323477e-20
  6   4   4   0   2.6949547635651388e-26
  6   4   4   1  -4.8037655078613219e-26
  6   4   4   2   2.8537110006706647e-26
  6   4   4   3   2.8471048095395916e-19
  6   4   4   4   1.2953541680204623e-21
  6   4   4   5  -1.3424833718331908e-28
  6   4   4   6  -2.2593504322321967e-35
  6   4   4   7  -4.7590918567117910e-20
  6   4   5   0  -9.6316433720281480e-21
  6   4   5   1   1.7095125358310845e-20
  6   4   5   2  -1.4507714126358334e-20
  6   4   5   3  -5.9019545953762908e-36
  6   4   5   4  -1.0793341325503975e-38
  6   4   5   5   5.7259230789623568e-23
  6   4   5   6   5.3588183988641512e-44
  6   4   5   7   6.8791249497817314e-37
  6   4   6   0  -5.3787530723875871e-42
  6   4   6   1   9.5876445993696195e-42
  6   4   6   2  -5.6956083346883926e-42
  6   4   6   3  -5.7523429913466108e-35
  6   4   6   4   2.5853458860077737e-37
  6   4   6   5   2.6794091898038089e-44
  6   4   6   6   4.6125474866522825e-51
  6   4   6   7  -2.9205163369912001e-36
  6   4   7   0  -6.4727585468843337e-25
  6   4   7   1   1.1537712865764943e-24
  6   4   7   2  -6.8540602314108109e-25
  6   4   7   3  -6.9206516381779372e-18
  6   4   7   4  -3.1111894253378752e-20
  6   4   7   5   3.2243846305752615e-27
  6   4   7   6   5.4923011049522307e-34
  6   4   7   7   1.1477850340125279e-18
  6   5   0   0   2.3453079311752231e-25
  6   5   0   1  -1.5536582294825329e-25
  6   5   0   2   1.1611803763940582e-25
  6   5   0   3  -1.0715107124755059e-18
  6   5   0   4   4.8158216860140740e-21
  6   5   0   5  -4.9910369640667046e-28
  6   5   0   6   8.5919668753841532e-35
  6   5   0   7  -5.4401563775897480e-20
  6   5   1   0  -1.5612842016425549e-25
  6   5   1   1   2.8368011908509173e-25
  6   5   1   2  -2.1136891237056663e-25
  6   5   1   3   1.9018156346754954e-18
  6   5   1   4  -8.5475626791554224e-21
  6   5   1   5   8.8585508488067112e-28
  6   5   1   6  -1.5249812013982151e-34
  6   5   1   7   9.6556892371865089e-20
  6   5   2   0   7.1297451370023242e-26
  6   5   2   1  -1.3066855280692909e-25
  6   5   2   2   2.5518113889020056e-25
  6   5   2   3  -1.6139687174330886e-18
  6   5   2   4   7.2538570631791670e-21
  6   5   2   5  -7.5177760089262912e-28
  6   5   2   6   1.2941695866067594e-34
  6   5   2   7  -8.1942645175137935e-20
  6   5   3   0  -3.6415336348600951e-41
  6   5   3   1   6.4910431999130891e-41
  6   5   3   2  -3.8560771152692872e-41
  6   5   3   3   1.4904685029758439e-25
  6   5   3   4  -3.6306949396131574e-28
  6   5   3   5  -1.8139078732513731e-43
  6   5   3   6  -1.1923263898242070e-41
  6   5   3   7   1.7439551068809177e-28
  6   5   4   0  -2.6862595436598253e-43
  6   5   4   1   4.7923710861272615e-43
  6   5   4   2  -3.6271666195282494e-43
  6   5   4   3  -3.6306949811304148e-28
  6   5   4   4   2.6849667433425816e-28
  6   5   4   5  -1.1186038236803112e-45
  6   5   4   6   5.3588183988641512e-44
  6   5   4   7  -6.4487692596527714e-27
  6   5   5   0  -4.0257478288079199e-28
  6   5   5   1   7.0999313256459804e-28
  6   5   5   2  -8.7283465895912586e-28
  6   5   5   3   6.3700322789536174e-21
  6   5   5   4  -2.8629615394811784e-23
  6   5   5   5   2.9671254049438491e-30
  6   5   5   6  -5.1078449985303853e-37
  6   5   5   7   3.2341227506481183e-22
  6   5   6   0  -5.5744496277421654e-49
  6   5   6   1   9.9364743368217040e-49
  6   5   6   2  -5.9028331164820245e-49
  6   5   6   3  -5.9616319647340595e-42
  6   5   6   4   2.6794091898038089e-44
  6   5   6   5   2.7768948229558161e-51
  6   5   6   6   4.7803669872687300e-58
  6   5   6   7  -3.0267742334430720e-43
  6   5   7   0   8.4515106993979404e-42
  6   5   7   1  -1.5065116896128571e-41
  6   5   7   2   9.0061527754946247e-42
  6   5   7   3   1.7439562055316111e-28
  6   5   7   4  -6.4487692599357647e-27
  6   5   7   5   4.1965161155747503e-44
  6   5   7   6  -6.0535485391283003e-43
  6   5   7   7   1.5537853517817256e-25
  6   6   0   0   5.7621848447048686e-32
  6   6   0   1  -5.7490266515500777e-32
  6   6   0   2   3.8253386158302115e-32
  6   6   0   3  -1.1967618222999215e-39
  6   6   0   4   5.3787530648005194e-42
  6   6   0   5  -1.7183933750768473e-34
  6   6   0   6  -9.5962997058297697e-56
  6   6   0   7  -6.0760675406544959e-41
  6   6   1   0  -5.7490266515500777e-32
  6   6   1   1   1.0340286242261548e-31
  6   6   1   2  -6.8803179320996285e-32
  6   6   1   3   2.1332317858592997e-39
  6   6   1   4  -9.5876445857749837e-42
  6   6   1   5   3.0499624027964601e-34
  6   6   1   6   1.7105434997723432e-55
  6   6   1   7   1.0830609875101948e-40
  6   6   2   0   3.8253386158302115e-32
  6   6   2   1  -6.8803179320996285e-32
  6   6   2   2   7.1439011126441317e-32
  6   6   2   3  -1.2672614857002242e-39
  6   6   2   4   5.6956083131809980e-42
  6   6   2   5  -2.5883391732135362e-34
  6   6   2   6  -1.0161605087855445e-55
  6   6   2   7  -6.4340006792805985e-41
  6   6   3   0  -1.1967618222999215e-39
  6   6   3   1   2.1332317858592997e-39
  6   6   3   2  -1.2672614857002242e-39
  6   6   3   3   1.2859258651037215e-32
  6   6   3   4  -4.9782326283056155e-36
  6   6   3   5   5.9616319022819622e-42
  6   6   3   6  -1.0262826088647350e-48
  6   6   3   7  -6.1978722569234555e-34
  6   6   4   0   5.3787530648005194e-42
  6   6   4   1  -9.5876445857749837e-42
  6   6   4   2   5.6956083131809980e-42
  6   6   4   3  -4.9782326283056155e-36
  6   6   4   4   4.5962612410446262e-35
  6   6   4   5  -2.6794092283168756e-44
  6   6   4   6   4.6125474866522825e-51
  6   6   4   7  -1.1072217700014198e-33
  6   6   5   0  -1.7183933750768473e-34
  6   6   5   1   3.0499624027964601e-34
  6   6   5   2  -2.5883391732135362e-34
  6   6   5   3   5.9616319022819622e-42
  6   6   5   4  -2.6794092283168756e-44
  6   6   5   5   1.0215689997060853e-36
  6   6   5   6   4.7803669872687300e-58
  6   6   5   7   3.0267743779273855e-43
  6   6   6   0  -9.5962997058297697e-56
  6   6   6   1   1.7105434997723432e-55
  6   6   6   2  -1.0161605087855445e-55
  6   6   6   3  -1.0262826088647350e-48
  6   6   6   4   4.6125474866522825e-51
  6   6   6   5   4.7803669872687300e-58
  6   6   6   6   8.2293028688225251e-65
  6   6   6   7  -5.2105292227328626e-50
  6   6   7   0  -6.0760675406544959e-41
  6   6   7   1   1.0830609875101948e-40
  6   6   7   2  -6.4340006792805985e-41
  6   6   7   3  -6.1978722569234555e-34
  6   6   7   4  -1.1072217700014198e-33
  6   6   7   5   3.0267743779273855e-43
  6   6   7   6  -5.2105292227328626e-50
  6   6   7   7   2.6715101980649393e-32
  6   7   0   0  -3.6484296420626367e-17
  6   7   0   1   3.6400982984428622e-17
  6   7   0   2  -2.4220810635304515e-17
  6   7   0   3   2.9500657810457764e-35
  6   7   0   4   4.6723881403907382e-36
  6   7   0   5   1.0880312755179496e-19
  6   7   0   6   1.2152135082012817e-40
  6   7   0   7  -1.4854625079390516e-36
  6   7   1   0   3.6400982984428622e-17
  6   7   1   1  -6.5471358261523852e-17
  6   7   1   2   4.3563954588084941e-17
  6   7   1   3  -5.2874585133550751e-35
  6   7   1   4  -8.3719768163366815e-36
  6   7   1   5  -1.9311378474373018e-19
  6   7   1   6  -2.1661219751465486e-40
  6   7   1   7   2.6626640283505415e-36
  6   7   2   0  -2.4220810635304515e-17
  6   7   2   1   4.3563954588084941e-17
  6   7   2   2  -4.5232878294917074e-17
  6   7   2   3   9.2210283632629412e-35
  6   7   2   4   1.3204635975294033e-35
  6   7   2   5   1.6388529035027587e-19
  6   7   2   6   1.2868001360772531e-40
  6   7   2   7  -4.6671486577318304e-36
  6   7   3   0   1.7504427820353610e-26
  6   7   3   1  -3.1201698720547337e-26
  6   7   3   2   1.8535590618487295e-26
  6   7   3   3  -1.6058683739275937e-17
  6   7   3   4   3.8732671339540428e-20
  6   7   3   5  -8.7197725687055093e-29
  6   7   3   6   1.2846071960340563e-33
  6   7   3   7  -9.5044272771616717e-21
  6   7   4   0  -6.4727585468389247e-25
  6   7   4   1   1.1537712865683580e-24
  6   7   4   2  -6.8540602312828960e-25
  6   7   4   3  -6.8827603328546947e-18
  6   7   4   4   1.8461543740995706e-21
  6   7   4   5   3.2243846300092750e-27
  6   7   4   6   5.4923011049522307e-34
  6   7   4   7   3.5145314959014375e-19
  6   7   5   0   1.0880312755179496e-19
  6   7   5   1  -1.9311378474373018e-19
  6   7   5   2   1.6388529035027587e-19
  6   7   5   3   1.2963639653448403e-34
  6   7   5   4  -1.6106700716078975e-37
  6   7   5   5  -6.4682455012962366e-22
  6   7   5   6  -6.0535485391283003e-43
  6   7   5   7  -4.5741404189482216e-36
  6   7   6   0   6.0760675411237122e-41
  6   7   6   1  -1.0830609875943009e-40
  6   7   6   2   6.4340006807548208e-41
  6   7   6   3   6.4980905545858904e-34
  6   7   6   4  -2.9205163369912001e-36
  6   7   6   5  -3.0267742334430720e-43
  6   7   6   6  -5.2105292227328626e-50
  6   7   6   7   3.2991390903610991e-35
  6   7   7   0   1.5595654008880790e-23
  6   7   7   1  -2.7799303280808475e-23
  6   7   7   2   1.6514373454670432e-23
  6   7   7   3   1.6676974278755611e-16
  6   7   7   4  -4.6712792621048307e-20
  6   7   7   5  -7.7689267595947493e-26
  6   7   7   6  -1.3308063903969278e-32
  6   7   7   7  -8.4680151154046577e-18
  7   0   0   0   8.2136661985117318e-19
  7   0   0   1  -1.6669753791599073e-19
  7   0   0   2  -1.4900769587708209e-18
  7   0   0   3  -5.2553459037445304e-03
  7   0   0   4   1.9433131699527839e-01
  7   0   0   5  -2.5341086912104560e-18
  7   0   0   6   1.8242148210313184e-17
  7   0   0   7  -4.6822756649970882e+00
  7   0   1   0  -8.1949099438510996e-19
  7   0   1   1   1.4789753541848907e-18
  7   0   1   2   6.1324417205985684e-19
  7   0   1   3   5.2433450987789962e-03
  7   0   1   4  -1.9388755320186299e-01
  7   0   1   5   2.5321292851924056e-18
  7   0   1   6  -1.8200491492214311e-17
  7   0   1   7   4.6715834901945765e+00
  7   0   2   0   5.4528022501012972e-19
  7   0   2   1  -9.8409553949870821e-19
  7   0   2   2   3.2343840675211779e-19
  7   0   2   3  -3.4888637152300124e-03
  7   0   2   4   1.2901062898916016e-01
  7   0   2   5  -1.6864442020735468e-18
  7   0   2   6   1.2110405317652258e-17
  7   0   2   7  -3.1084198778758303e+00
  7   0   3   0  -5.4596003340182797e-39
  7   0   3   1   9.5702207808545978e-39
  7   0   3   2   4.3381330871105954e-39
  7   0   3   3   7.3151832516484110e-19
  7   0   3   4  -3.0735658622743583e-21
  7   0   3   5  -1.7636265523863091e-36
  7   0   3   6  -5.8637550515096092e-35
  7   0   3   7   3.1978840035984789e-20
  7   0   4   0  -1.0814932715736886e-37
  7   0   4   1   1.9371192652945920e-37
  7   0   4   2  -2.7335883292537993e-37
  7   0   4   3  -1.0898798842124966e-21
  7   0   4   4  -2.4269888566921706e-20
  7   0   4   5   3.2204136268424094e-37
  7   0   4   6  -2.1389463608566393e-36
  7   0   4   7   5.8486625584639307e-19
  7   0   5   0  -2.4494718515643399e-21
  7   0   5   1   4.3044623509759371e-21
  7   0   5   2   3.1689269990759101e-22
  7   0   5   3   1.5672443401448020e-05
  7   0   5   4  -5.7953303598289800e-04
  7   0   5   5   7.5717094216968227e-21
  7   0   5   6  -5.4401563775897480e-20
  7   0   5   7   1.3963438695321222e-02
  7   0   6   0  -2.7357956972516735e-42
  7   0   6   1   4.8492660975763902e-42
  7   0   6   2   2.8016329839553888e-42
  7   0   6   3   1.7504427761594806e-26
  7   0   6   4  -6.4727585468843337e-25
  7   0   6   5   8.4515106993979404e-42
  7   0   6   6  -6.0760675406544959e-41
  7   0   6   7   1.5595654008880790e-23
  7   0   7   0   6.6884081030092579e-38
  7   0   7   1  -1.1988847626669105e-37
  7   0   7   2   2.1014192370046099e-37
  7   0   7   3   4.2794407852963866e-22
  7   0   7   4  -1.5824445793708915e-20
  7   0   7   5   2.0595415689650449e-37
  7   0   7   6  -1.4854625079390516e-36
  7   0   7   7   3.8127883141835056e-19
  7   1   0   0  -2.1250779073233485e-18
  7   1   0   1   1.4689224269509306e-18
  7   1   0   2   6.1993500915396344e-19
  7   1   0   3   5.2433450987789962e-03
  7   1   0   4  -1.9388755320186299e-01
  7   1   0   5   2.5322154557606450e-18
  7   1   0   6  -1.8200491492214311e-17
  7   1   0   7   4.6715834901945765e+00
  7   1   1   0   1.4638959633339506e-18
  7   1   1   1  -2.6420260824942959e-18
  7   1   1   2  -1.1150213765815729e-18
  7   1   1   3  -9.4307597571696000e-03
  7   1   1   4   3.4872908414477788e-01
  7   1   1   5  -4.5542726774004617e-18
  7   1   1   6   3.2735679130761926e-17
  7   1   1   7  -8.4023806847739735e+00
  7   1   2   0  -9.7405928385754830e-19
  7   1   2   1   1.7579764241115132e-18
  7   1   2   2  -5.6924644065075165e-19
  7   1   2   3   6.2751285554727559e-03
  7   1   2   4  -2.3204067226684663e-01
  7   1   2   5   3.0332214396492935e-18
  7   1   2   6  -2.1781977294042470e-17
  7   1   2   7   5.5908559147521162e+00
  7   1   3   0   9.8942383048790480e-39
  7   1   3   1  -1.7348041938062436e-38
  7   1   3   2  -7.4366815350521283e-39
  7   1   3   3  -1.3112323559511271e-18
  7   1   3   4   5.4837562197596551e-21
  7   1   3   5   3.1616005043999165e-36
  7   1   3   6   1.0510432432308046e-34
  7   1   3   7  -5.6705781185974757e-20
  7   1   4   0   1.9392753504627815e-37
  7   1   4   1  -3.4735386468667300e-37
  7   1   4   2   4.9021644978386414e-37
  7   1   4   3   1.9540493455012495e-21
  7   1   4   4   4.3486321701068536e-20
  7   1   4   5  -5.7703187139947945e-37
  7   1   4   6   3.8324255430513650e-36
  7   1   4   7  -1.0479522306747545e-18
  7   1   5   0   4.4337182033352301e-21
  7   1   5   1  -7.7928986006994911e-21
  7   1   5   2  -4.3265539420106775e-22
  7   1   5   3  -2.7816892120079479e-05
  7   1   5   4   1.0286084644892683e-03
  7   1   5   5  -1.3439477646877134e-20
  7   1   5   6   9.6556892371865089e-20
  7   1   5   7  -2.4783593589319114e-02
  7   1   6   0   4.9311616142102286e-42
  7   1   6   1  -8.7411517162239877e-42
  7   1   6   2  -4.9361065286533825e-42
  7   1   6   3  -3.1201698615228060e-26
  7   1   6   4   1.1537712865764943e-24
  7   1   6   5  -1.5065116896128571e-41
  7   1   6   6   1.0830609875101948e-40
  7   1   6   7  -2.7799303280808475e-23
  7   1   7   0  -1.1988847626669105e-37
  7   1   7   1   2.1489787285979322e-37
  7   1   7   2  -3.7667550550428254e-37
  7   1   7   3  -7.6708183340648845e-22
  7   1   7   4   2.8365025948686259e-20
  7   1   7   5  -3.6916901108357449e-37
  7   1   7   6   2.6626640283505415e-36
  7   1   7   7  -6.8343524239982138e-19
  7   2   0   0   4.6159945925720310e-18
  7   2   0   1  -4.1720841255217319e-18
  7   2   0   2   1.7132063964203094e-18
  7   2   0   3  -3.4888637152300124e-03
  7   2   0   4   1.2901062898916016e-01
  7   2   0   5  -1.6944570475175201e-18
  7   2   0   6   1.2110405317652258e-17
  7   2   0   7  -3.1084198778758303e+00
  7   2   1   0  -4.1687387069746780e-18
  7   2   1   1   7.5039720254976863e-18
  7   2   1   2  -3.0814016416479312e-18
  7   2   1   3   6.2751285554727559e-03
  7   2   1   4  -2.3204067226684663e-01
  7   2   1   5   3.0473135788750414e-18
  7   2   1   6  -2.1781977294042470e-17
  7   2   1   7   5.5908559147521162e+00
  7   2   2   0   2.4080903912544052e-18
  7   2   2   1  -4.3374792421465214e-18
  7   2   2   2   3.1994493326494323e-18
  7   2   2   3  -6.5155270892760233e-03
  7   2   2   4   2.4093008973495966e-01
  7   2   2   5  -3.1588739545548100e-18
  7   2   2   6   2.2616439147458537e-17
  7   2   2   7  -5.8050401426496556e+00
  7   2   3   0  -2.7899200661195859e-38
  7   2   3   1   4.9330117046897727e-38
  7   2   3   2  -2.0132067152836725e-38
  7   2   3   3   2.2982758694268309e-18
  7   2   3   4  -7.1143844012705606e-21
  7   2   3   5  -5.5741965546455933e-36
  7   2   3   6  -1.8399363535510637e-34
  7   2   3   7   3.9216466398910243e-20
  7   2   4   0  -3.7300930107089097e-37
  7   2   4   1   6.6816065135527293e-37
  7   2   4   2  -9.6322468730712466e-37
  7   2   4   3  -3.6368055643903479e-21
  7   2   4   4  -6.8394200690223135e-20
  7   2   4   5   9.0953254962313810e-37
  7   2   4   6  -5.9825888615594374e-36
  7   2   4   7   1.6482255129314999e-18
  7   2   5   0  -1.1702375466052497e-20
  7   2   5   1   2.0705553444420396e-20
  7   2   5   2  -1.1592069808680963e-20
  7   2   5   3   2.3606701343413738e-05
  7   2   5   4  -8.7292472198853858e-04
  7   2   5   5   1.1452563269186123e-20
  7   2   5   6  -8.1942645175137935e-20
  7   2   5   7   2.1032503902809398e-02
  7   2   6   0  -1.4294139428116605e-41
  7   2   6   1   2.5450442742512608e-41
  7   2   6   2  -9.1019010773940598e-42
  7   2   6   3   1.8535590434351348e-26
  7   2   6   4  -6.8540602314108109e-25
  7   2   6   5   9.0061527754946247e-42
  7   2   6   6  -6.4340006792805985e-41
  7   2   6   7   1.6514373454670432e-23
  7   2   7   0   2.1014192370046099e-37
  7   2   7   1  -3.7667550550428254e-37
  7   2   7   2   6.6024123253875613e-37
  7   2   7   3   1.3445500112048848e-21
  7   2   7   4  -4.9718549307532544e-20
  7   2   7   5   6.4708376130436174e-37
  7   2   7   6  -4.6671486577318304e-36
  7   2   7   7   1.1979332879593134e-18
  7   3   0   0   1.0510691807489061e-02
  7   3   0   1  -1.0486690197557992e-02
  7   3   0   2   6.9777274304600248e-03
  7   3   0   3  -3.4932133298360817e-23
  7   3   0   4  -2.6756572728926516e-21
  7   3   0   5  -3.1344886802896039e-05
  7   3   0   6  -3.5008855640343461e-26
  7   3   0   7   3.1978840035984789e-20
  7   3   1   0  -1.0486690197557992e-02
  7   3   1   1   1.8861519514339200e-02
  7   3   1   2  -1.2550257110945512e-02
  7   3   1   3   6.1924148614275821e-23
  7   3   1   4   4.7695927596739527e-21
  7   3   1   5   5.5633784240158959e-05
  7   3   1   6   6.2403397440449829e-26
  7   3   1   7  -5.6705781185974757e-20
  7   3   2   0   6.9777274304600248e-03
  7   3   2   1  -1.2550257110945512e-02
  7   3   2   2   1.3031054178552047e-02
  7   3   2   3  -4.0998001611986856e-23
  7   3   2   4  -5.4391403090889223e-21
  7   3   2   5  -4.7213402686827477e-05
  7   3   2   6  -3.7071181236547658e-26
  7   3   2   7   3.9216466398910243e-20
  7   3   3   0  -3.6581156078236809e-19
  7   3   3   1   6.5570906419848495e-19
  7   3   3   2  -1.1491994317158334e-18
  7   3   3   3   2.3401232533177539e-03
  7   3   3   4   8.6521292200283345e-02
  7   3   3   5  -1.1376092716510933e-18
  7   3   3   6   7.7485384808224668e-18
  7   3   3   7  -2.0849385717580309e+00
  7   3   4   0  -4.9301700013993659e-22
  7   3   4   1   8.8280415537269643e-22
  7   3   4   2  -1.1239394261178919e-21
  7   3   4   3  -5.7004047087792807e-06
  7   3   4   4  -2.0235751679775429e-04
  7   3   4   5   2.6731496564315220e-21
  7   3   4   6  -1.8104286645323477e-20
  7   3   4   7   4.8763040006472493e-03
  7   3   5   0  -3.1344886802896039e-05
  7   3   5   1   5.5633784240158959e-05
  7   3   5   2  -4.7213402686827477e-05
  7   3   5   3  -5.6958841787077492e-21
  7   3   5   4  -2.1069171986739498e-19
  7   3   5   5   1.8634245872661711e-07
  7   3   5   6   1.7439551068809177e-28
  7   3   5   7   5.0774108670833490e-18
  7   3   6   0  -3.5008855610964057e-26
  7   3   6   1   6.2403397387790184e-26
  7   3   6   2  -3.7071181144479686e-26
  7   3   6   3  -1.8720225921033506e-19
  7   3   6   4  -6.9206516381779372e-18
  7   3   6   5   1.7439562055316111e-28
  7   3   6   6  -6.1978722569234555e-34
  7   3   6   7   1.6676974278755611e-16
  7   3   7   0   4.2794407852963866e-22
  7   3   7   1  -7.6708183340648845e-22
  7   3   7   2   1.3445500112048848e-21
  7   3   7   3   2.7381124406297016e-06
  7   3   7   4  -1.0124947175971695e-04
  7   3   7   5   1.3177554439713178e-21
  7   3   7   6  -9.5044272771616717e-21
  7   3   7   7   2.4395344252509288e-03
  7   4   0   0  -3.8866263399055678e-01
  7   4   0   1   3.8777510640372598e-01
  7   4   0   2  -2.5802125797832032e-01
  7   4   0   3   3.2754006612929331e-21
  7   4   0   4   2.5587600799327395e-20
  7   4   0   5   1.1590660719657960e-03
  7   4   0   6   1.2945517093749909e-24
  7   4   0   7   5.8486625584639307e-19
  7   4   1   0   3.8777510640372598e-01
  7   4   1   1  -6.9745816828955576e-01
  7   4   1   2   4.6408134453369326e-01
  7   4   1   3  -5.8195278631012637e-21
  7   4   1   4  -4.5848296467979364e-20
  7   4   1   5  -2.0572169289785366e-03
  7   4   1   6  -2.3075425731496278e-24
  7   4   1   7  -1.0479522306747545e-18
  7   4   2   0  -2.5802125797832032e-01
  7   4   2   1   4.6408134453369326e-01
  7   4   2   2  -4.8186017946991933e-01
  7   4   2   3   4.9935962015517128e-21
  7   4   2   4   7.2534297692928075e-20
  7   4   2   5   1.7458494439770772e-03
  7   4   2   6   1.3708120462770060e-24
  7   4   2   7   1.6482255129314999e-18
  7   4   3   0   3.4743549559837864e-21
  7   4   3   1  -6.1766095931441145e-21
  7   4   3   2   5.8312182476425320e-21
  7   4   3   3  -1.7305968561469301e-01
  7   4   3   4   2.1078862833250606e-04
  7   4   3   5   4.2398633843839749e-19
  7   4   3   6   1.3824881721743148e-17
  7   4   3   7   4.8763040006472493e-03
  7   4   4   0   5.0516345482451942e-20
  7   4   4   1  -9.0515605552503315e-20
  7   4   4   2   1.4299854688450369e-19
  7   4   4   3   4.1736170089763625e-04
  7   4   4   4  -1.5588212824535331e-04
  7   4   4   5   5.6893218814040935e-22
  7   4   4   6  -4.7590918567117910e-20
  7   4   4   7   3.7321029974995332e-03
  7   4   5   0   1.1590660719657960e-03
  7   4   5   1  -2.0572169289785366e-03
  7   4   5   2   1.7458494439770772e-03
  7   4   5   3   4.2127806330555395e-19
  7   4   5   4   1.2988640931068550e-21
  7   4   5   5  -6.8905408092510085e-06
  7   4   5   6  -6.4487692596527714e-27
  7   4   5   7  -6.6160276555007721e-20
  7   4   6   0   1.2945517093772613e-24
  7   4   6   1  -2.3075425731536957e-24
  7   4   6   2   1.3708120462834018e-24
  7   4   6   3   1.3843827374404768e-17
  7   4   6   4  -3.1111894253378752e-20
  7   4   6   5  -6.4487692599357647e-27
  7   4   6   6  -1.1072217700014198e-33
  7   4   6   7  -4.6712792621048307e-20
  7   4   7   0  -1.5824445793708915e-20
  7   4   7   1   2.8365025948686259e-20
  7   4   7   2  -4.9718549307532544e-20
  7   4   7   3  -1.0124947175971695e-04
  7   4   7   4   3.7439863241204678e-03
  7   4   7   5  -4.8727744204654814e-20
  7   4   7   6   3.5145314959014375e-19
  7   4   7   7  -9.0208702985001110e-02
  7   5   0   0   5.0608689668662191e-18
  7   5   0   1  -5.0512590127636441e-18
  7   5   0   2   3.3658262368028429e-18
  7   5   0   3   1.5672443401448020e-05
  7   5   0   4  -5.7953303598289800e-04
  7   5   0   5  -7.5425856535829136e-21
  7   5   0   6  -5.4401563775897480e-20
  7   5   0   7   1.3963438695321222e-02
  7   5   1   0  -5.0512159274795236e-18
  7   5   1   1   9.0851666589988260e-18
  7   5   1   2  -6.0536487062554430e-18
  7   5   1   3  -2.7816892120079479e-05
  7   5   1   4   1.0286084644892683e-03
  7   5   1   5   1.3387273832029919e-20
  7   5   1   6   9.6556892371865089e-20
  7   5   1   7  -2.4783593589319114e-02
  7   5   2   0   3.3618198140808562e-18
  7   5   2   1  -6.0466026366425688e-18
  7   5   2   2   6.2829716996835771e-18
  7   5   2   3   2.3606701343413738e-05
  7   5   2   4  -8.7292472198853858e-04
  7   5   2   5  -1.1361059811822188e-20
  7   5   2   6  -8.1942645175137935e-20
  7   5   2   7   2.1032503902809398e-02
  7   5   3   0   8.5659589935698249e-37
  7   5   3   1  -1.5360974401063551e-36
  7   5   3   2   2.7575019727584837e-36
  7   5   3   3   2.2581308907660632e-18
  7   5   3   4  -2.1610827013308201e-19
  7   5   3   5  -2.7412250400484211e-36
  7   5   3   6  -1.9995881148914643e-34
  7   5   3   7   5.0774108670833490e-18
  7   5   4   0  -6.6055218010634831e-37
  7   5   4   1   1.1835849353317183e-36
  7   5   4   2  -1.8708101908676408e-36
  7   5   4   3  -5.4516757420990348e-21
  7   5   4   4   2.7587279030397465e-21
  7   5   4   5  -1.6904633672878052e-38
  7   5   4   6   6.8791249497817314e-37
  7   5   4   7  -6.6160276555007721e-20
  7   5   5   0  -1.5099733191222783e-20
  7   5   5   1   2.6800649571483445e-20
  7   5   5   2  -2.2767871352326344e-20
  7   5   5   3  -9.3171229363308556e-08
  7   5   5   4   3.4452704046255043e-06
  7   5   5   5   4.4839975485727068e-23
  7   5   5   6   3.2341227506481183e-22
  7   5   5   7  -8.3011354136526631e-05
  7   5   6   0  -1.6862136554107959e-41
  7   5   6   1   3.0056948465516537e-41
  7   5   6   2  -1.7883850172959174e-41
  7   5   6   3  -8.7197945417193778e-29
  7   5   6   4   3.2243846305752615e-27
  7   5   6   5   4.1965161155747503e-44
  7   5   6   6   3.0267743779273855e-43
  7   5   6   7  -7.7689267595947493e-26
  7   5   7   0   2.0595415689650449e-37
  7   5   7   1  -3.6916901108357449e-37
  7   5   7   2   6.4708376130436174e-37
  7   5   7   3   1.3177554439713178e-21
  7   5   7   4  -4.8727744204654814e-20
  7   5   7   5   6.3418849582258026e-37
  7   5   7   6  -4.5741404189482216e-36
  7   5   7   7   1.1740605396360360e-18
  7   6   0   0  -3.6484296420626367e-17
  7   6   0   1   3.6400982984428622e-17
  7   6   0   2  -2.4220810635304515e-17
  7   6   0   3   1.7504427820353610e-26
  7   6   0   4  -6.4727585468389247e-25
  7   6   0   5   1.0880312755179496e-19
  7   6   0   6   6.0760675411237122e-41
  7   6   0   7   1.5595654008880790e-23
  7   6   1   0   3.6400982984428622e-17
  7   6   1   1  -6.5471358261523852e-17
  7   6   1   2   4.3563954588084941e-17
  7   6   1   3  -3.1201698720547337e-26
  7   6   1   4   1.1537712865683580e-24
  7   6   1   5  -1.9311378474373018e-19
  7   6   1   6  -1.0830609875943009e-40
  7   6   1   7  -2.7799303280808475e-23
  7   6   2   0  -2.4220810635304515e-17
  7   6   2   1   4.3563954588084941e-17
  7   6   2   2  -4.5232878294917074e-17
  7   6   2   3   1.8535590618487295e-26
  7   6   2   4  -6.8540602312828960e-25
  7   6   2   5   1.6388529035027587e-19
  7   6   2   6   6.4340006807548208e-41
  7   6   2   7   1.6514373454670432e-23
  7   6   3   0   2.9500657810457764e-35
  7   6   3   1  -5.2874585133550751e-35
  7   6   3   2   9.2210283632629412e-35
  7   6   3   3  -1.6058683739275937e-17
  7   6   3   4  -6.8827603328546947e-18
  7   6   3   5   1.2963639653448403e-34
  7   6   3   6   6.4980905545858904e-34
  7   6   3   7   1.6676974278755611e-16
  7   6   4   0   4.6723881403907382e-36
  7   6   4   1  -8.3719768163366815e-36
  7   6   4   2   1.3204635975294033e-35
  7   6   4   3   3.8732671339540428e-20
  7   6   4   4   1.8461543740995706e-21
  7   6   4   5  -1.6106700716078975e-37
  7   6   4   6  -2.9205163369912001e-36
  7   6   4   7  -4.6712792621048307e-20
  7   6   5   0   1.0880312755179496e-19
  7   6   5   1  -1.9311378474373018e-19
  7   6   5   2   1.6388529035027587e-19
  7   6   5   3  -8.7197725687055093e-29
  7   6   5   4   3.2243846300092750e-27
  7   6   5   5  -6.4682455012962366e-22
  7   6   5   6  -3.0267742334430720e-43
  7   6   5   7  -7.7689267595947493e-26
  7   6   6   0   1.2152135082012817e-40
  7   6   6   1  -2.1661219751465486e-40
  7   6   6   2   1.2868001360772531e-40
  7   6   6   3   1.2846071960340563e-33
  7   6   6   4   5.4923011049522307e-34
  7   6   6   5  -6.0535485391283003e-43
  7   6   6   6  -5.2105292227328626e-50
  7   6   6   7  -1.3308063903969278e-32
  7   6   7   0  -1.4854625079390516e-36
  7   6   7   1   2.6626640283505415e-36
  7   6   7   2  -4.6671486577318304e-36
  7   6   7   3  -9.5044272771616717e-21
  7   6   7   4   3.5145314959014375e-19
  7   6   7   5  -4.5741404189482216e-36
  7   6   7   6   3.2991390903610991e-35
  7   6   7   7  -8.4680151154046577e-18
  7   7   0   0   9.3645513299941765e+00
  7   7   0   1  -9.3431669803891531e+00
  7   7   0   2   6.2168397557516606e+00
  7   7   0   3  -6.2673847836380652e-20
  7   7   0   4  -1.2172058490739130e-18
  7   7   0   5  -2.7926877390642445e-02
  7   7   0   6  -3.1191308017766036e-23
  7   7   0   7   3.8127883141835056e-19
  7   7   1   0  -9.3431669803891531e+00
  7   7   1   1   1.6804761369547947e+01
  7   7   1   2  -1.1181711829504232e+01
  7   7   1   3   1.1111031687173004e-19
  7   7   1   4   2.1809995391955679e-18
  7   7   1   5   4.9567187178638228e-02
  7   7   1   6   5.5598606561624932e-23
  7   7   1   7  -6.8343524239982138e-19
  7   7   2   0   6.2168397557516606e+00
  7   7   2   1  -1.1181711829504232e+01
  7   7   2   2   1.1610080285299311e+01
  7   7   2   3  -7.4399282764205825e-20
  7   7   2   4  -3.4456066737855974e-18
  7   7   2   5  -4.2065007805618795e-02
  7   7   2   6  -3.3028746909354864e-23
  7   7   2   7   1.1979332879593134e-18
  7   7   3   0  -6.2673847836380652e-20
  7   7   3   1   1.1111031687173004e-19
  7   7   3   2  -7.4399282764205825e-20
  7   7   3   3   4.1698853578533832e+00
  7   7   3   4  -1.0056356416573650e-02
  7   7   3   5  -1.0150868467834783e-17
  7   7   3   6  -3.3356799885694368e-16
  7   7   3   7   2.4395344252509288e-03
  7   7   4   0  -1.2172058490739130e-18
  7   7   4   1   2.1809995391955679e-18
  7   7   4   2  -3.4456066737855974e-18
  7   7   4   3  -1.0056356416573650e-02
  7   7   4   4   3.7677529773623370e-03
  7   7   4   5  -1.3862679503949011e-20
  7   7   4   6   1.1477850340125279e-18
  7   7   4   7  -9.0208702985001110e-02
  7   7   5   0  -2.7926877390642445e-02
  7   7   5   1   4.9567187178638228e-02
  7   7   5   2  -4.2065007805618795e-02
  7   7   5   3  -1.0150868467834783e-17
  7   7   5   4  -1.3862679503949011e-20
  7   7   5   5   1.6602270827305326e-04
  7   7   5   6   1.5537853517817256e-25
  7   7   5   7   1.1740605396360360e-18
  7   7   6   0  -3.1191308017766036e-23
  7   7   6   1   5.5598606561624932e-23
  7   7   6   2  -3.3028746909354864e-23
  7   7   6   3  -3.3356799885694368e-16
  7   7   6   4   1.1477850340125279e-18
  7   7   6   5   1.5537853517817256e-25
  7   7   6   6   2.6715101980649393e-32
  7   7   6   7  -8.4680151154046577e-18
  7   7   7   0   3.8127883141835056e-19
  7   7   7   1  -6.8343524239982138e-19
  7   7   7   2   1.1979332879593134e-18
  7   7   7   3   2.4395344252509288e-03
  7   7   7   4  -9.0208702985001110e-02
  7   7   7   5   1.1740605396360360e-18
  7   7   7   6  -8.4680151154046577e-18
  7   7   7   7   2.1735149089113794e+00
