  0   0   0   0   1.0086751792286789e+01
  0   0   0   1  -1.0063718267336746e+01
  0   0   0   2   6.6962865960100215e+00
  0   0   0   3  -3.3972226970680212e-17
  0   0   0   4   8.6537628635953240e-19
  0   0   0   5  -3.0080616854625864e-02
  0   0   0   6   2.4038990477324779e-23
  0   0   0   7  -5.4587885517066931e-18
  0   0   1   0  -1.0063718267336746e+01
  0   0   1   1   2.6160774272920943e+01
  0   0   1   2  -1.7407110508006635e+01
  0   0   1   3   8.8100083499332497e-17
  0   0   1   4  -2.2190142242928965e-18
  0   0   1   5   7.6767757124359945e-02
  0   0   1   6  -6.1602792381145942e-23
  0   0   1   7   1.4200872083917659e-17
  0   0   2   0   6.6962865960100215e+00
  0   0   2   1  -1.7407110508006635e+01
  0   0   2   2   2.0565454632070498e+01
  0   0   2   3   1.1698204699354911e-16
  0   0   2   4   6.4365519551402525e-18
  0   0   2   5  -7.0648575430764693e-02
  0   0   2   6   3.8188548969039602e-23
  0   0   2   7  -5.0889917120472254e-17
  0   0   3   0  -3.3972226970680212e-17
  0   0   3   1   8.8100083499332497e-17
  0   0   3   2   1.1698204699354911e-16
  0   0   3   3   8.9829453101294057e+00
  0   0   3   4  -2.1881934497241996e-02
  0   0   3   5   6.8755967781555603e-16
  0   0   3   6  -5.1889737128452607e-16
  0   0   3   7   1.0510691807492084e-02
  0   0   4   0   8.6537628635953240e-19
  0   0   4   1  -2.2190142242928965e-18
  0   0   4   2   6.4365519551402525e-18
  0   0   4   3  -2.1881934497241996e-02
  0   0   4   4   1.6182099321670550e-02
  0   0   4   5  -1.4322848070904698e-17
  0   0   4   6   1.3333920967834032e-16
  0   0   4   7  -3.8866263399055956e-01
  0   0   5   0  -3.0080616854625864e-02
  0   0   5   1   7.6767757124359945e-02
  0   0   5   2  -7.0648575430764693e-02
  0   0   5   3   6.8755967781555603e-16
  0   0   5   4  -1.4322848070904698e-17
  0   0   5   5   2.6794684692431554e-04
  0   0   5   6  -1.7469895814135595e-25
  0   0   5   7   3.0527614044947974e-16
  0   0   6   0   2.4038990477324779e-23
  0   0   6   1  -6.1602792381145942e-23
  0   0   6   2   3.8188548969039602e-23
  0   0   6   3  -5.1889737128452607e-16
  0   0   6   4   1.3333920967834032e-16
  0   0   6   5  -1.7469895814135595e-25
  0   0   6   6   1.1115091115780994e-30
  0   0   6   7  -3.1830713027197010e-15
  0   0   7   0  -5.4587885517066931e-18
  0   0   7   1   1.4200872083917659e-17
  0   0   7   2  -5.0889917120472254e-17
  0   0   7   3   1.0510691807492084e-02
  0   0   7   4  -3.8866263399055956e-01
  0   0   7   5   3.0527614044947974e-16
  0   0   7   6  -3.1830713027197010e-15
  0   0   7   7   9.3645513299941836e+00
  0   1   0   0  -1.0063718267336746e+01
  0   1   0   1   1.0040737340416531e+01
  0   1   0   2  -6.6809953419415145e+00
  0   1   0   3   3.3894649951472108e-17
  0   1   0   4  -8.6340016295593287e-19
  0   1   0   5   3.0011926491949989e-02
  0   1   0   6  -2.3984096424379341e-23
  0   1   0   7   5.4463231768375613e-18
  0   1   1   0   1.9807188741643245e+00
  0   1   1   1  -1.8059421964112371e+01
  0   1   1   2   1.2016560422801737e+01
  0   1   1   3  -6.0752723529028428e-17
  0   1   1   4   1.5224509785127163e-18
  0   1   1   5  -5.2555943013857555e-02
  0   1   1   6   4.2253289128587583e-23
  0   1   1   7  -9.8064908614636520e-18
  0   1   2   0  -1.3179377589089540e+00
  0   1   2   1   1.2016549819984503e+01
  0   1   2   2  -1.6958122334363747e+01
  0   1   2   3  -1.3477771642865297e-16
  0   1   2   4  -5.9617391082086619e-18
  0   1   2   5   5.4493586252387705e-02
  0   1   2   6  -2.5319975444448011e-23
  0   1   2   7   4.7871306953482207e-17
  0   1   3   0   6.7919331775419129e-18
  0   1   3   1  -6.0858076654893096e-17
  0   1   3   2  -1.3470757983429103e-16
  0   1   3   3  -8.9624323740339662e+00
  0   1   3   4   2.1831966172990890e-02
  0   1   3   5  -6.8590878070065557e-16
  0   1   3   6   5.1771244715888899e-16
  0   1   3   7  -1.0486690197561006e-02
  0   1   4   0  -1.8559313228745109e-19
  0   1   4   1   1.5376877817187230e-18
  0   1   4   2  -5.9718784199213331e-18
  0   1   4   3   2.1831966172990890e-02
  0   1   4   4  -1.6145146812463890e-02
  0   1   4   5   1.4288119890891819e-17
  0   1   4   6  -1.3303472394535206e-16
  0   1   4   7   3.8777510640372864e-01
  0   1   5   0   6.6340111757450110e-03
  0   1   5   1  -5.3267923843017040e-02
  0   1   5   2   5.4967362097015096e-02
  0   1   5   3  -6.8591086924156603e-16
  0   1   5   4   1.4288135570870371e-17
  0   1   5   5  -1.9761757854546721e-04
  0   1   5   6   1.1858521328745072e-25
  0   1   5   7  -3.0456637769913018e-16
  0   1   6   0  -5.1747484459960382e-24
  0   1   6   1   4.2695723759918725e-23
  0   1   6   2  -2.5614391871230592e-23
  0   1   6   3   5.1771244715888899e-16
  0   1   6   4  -1.3303472394535206e-16
  0   1   6   5   1.1820696405165207e-25
  0   1   6   6  -1.1089709334429626e-30
  0   1   6   7   3.1758026245784363e-15
  0   1   7   0   1.0690487232975128e-18
  0   1   7   1  -9.8011650291023900e-18
  0   1   7   2   4.7867768954864783e-17
  0   1   7   3  -1.0486690197561006e-02
  0   1   7   4   3.8777510640372864e-01
  0   1   7   5  -3.0456597558561565e-16
  0   1   7   6   3.1758026245784363e-15
  0   1   7   7  -9.3431669803891584e+00
  0   2   0   0   6.6962865960100215e+00
  0   2   0   1  -6.6809953419415145e+00
  0   2   0   2   4.4454602531403875e+00
  0   2   0   3  -2.2553124413583081e-17
  0   2   0   4   5.7449689911924700e-19
  0   2   0   5  -1.9969603256954741e-02
  0   2   0   6   1.5958751938162660e-23
  0   2   0   7  -3.6239230787059290e-18
  0   2   1   0  -1.3179377589089540e+00
  0   2   1   1   1.2016528614350035e+01
  0   2   1   2  -7.9956790673496654e+00
  0   2   1   3   4.0424153104286174e-17
  0   2   1   4  -1.0130210956082708e-18
  0   2   1   5   3.4970110296838858e-02
  0   2   1   6  -2.8114844954115700e-23
  0   2   1   7   6.5251245798591455e-18
  0   2   2   0  -3.6145369363246687e+00
  0   2   2   1  -3.5144574338426242e+00
  0   2   2   2   8.3019914412811886e+00
  0   2   2   3   1.0480691791867694e-16
  0   2   2   4   3.5815361465982913e-18
  0   2   2   5  -2.2864984300985311e-02
  0   2   2   6   6.1434319168062363e-24
  0   2   2   7  -2.9422321041762908e-17
  0   2   3   0  -9.2320710117149182e-17
  0   2   3   1   1.2809522446511767e-16
  0   2   3   2   3.1344239531670847e-17
  0   2   3   3   5.9635031684737587e+00
  0   2   3   4  -1.4526748321565596e-02
  0   2   3   5   4.5665794116694703e-16
  0   2   3   6  -3.4448012438399203e-16
  0   2   3   7   6.9777274304620319e-03
  0   2   4   0  -2.3565306288912556e-18
  0   2   4   1   1.4511985989792537e-18
  0   2   4   2   2.3272106538127488e-18
  0   2   4   3  -1.4526748321565596e-02
  0   2   4   4   1.0742801747720894e-02
  0   2   4   5  -9.4997607169337069e-18
  0   2   4   6   8.8519830851237185e-17
  0   2   4   7  -2.5802125797832220e-01
  0   2   5   0   5.3698828299502330e-03
  0   2   5   1   2.5682148163691826e-02
  0   2   5   2  -3.0079321262045575e-02
  0   2   5   3   4.5636453741834398e-16
  0   2   5   4  -9.5063276402660476e-18
  0   2   5   5   1.0231455363244945e-04
  0   2   5   6  -5.5587630045999966e-26
  0   2   5   7   2.0264979713687886e-16
  0   2   6   0   4.8438534227241886e-24
  0   2   6   1  -2.9806696135732126e-23
  0   2   6   2   1.7973370057161740e-23
  0   2   6   3  -3.4448012438399203e-16
  0   2   6   4   8.8519830851237185e-17
  0   2   6   5  -8.2830558868000777e-26
  0   2   6   6   7.3789696807003715e-31
  0   2   6   7  -2.1131438680631772e-15
  0   2   7   0   2.0009073942177232e-17
  0   2   7   1  -1.4151504605569812e-17
  0   2   7   2  -1.8095037180449452e-17
  0   2   7   3   6.9777274304620319e-03
  0   2   7   4  -2.5802125797832220e-01
  0   2   7   5   2.0259303235831136e-16
  0   2   7   6  -2.1131438680631772e-15
  0   2   7   7   6.2168397557516650e+00
  0   3   0   0  -3.3972226970680212e-17
  0   3   0   1   3.3894649951472108e-17
  0   3   0   2  -2.2553124413583081e-17
  0   3   0   3   1.1441861851205135e-34
  0   3   0   4  -2.9145913591064322e-36
  0   3   0   5   1.0131165753328608e-19
  0   3   0   6  -8.0963431782487782e-41
  0   3   0   7   1.8385225242217189e-35
  0   3   1   0   6.7919331775419129e-18
  0   3   1   1  -6.1068782906622430e-17
  0   3   1   2   4.0634562887371952e-17
  0   3   1   3  -2.0543941495554411e-34
  0   3   1   4   5.1484172066649934e-36
  0   3   1   5  -1.7772869472545490e-19
  0   3   1   6   1.4288664220566589e-40
  0   3   1   7  -3.3161046931535115e-35
  0   3   2   0  -9.2320710117149182e-17
  0   3   2   1   1.2823549765384152e-16
  0   3   2   2  -1.1558111724234133e-16
  0   3   2   3  -1.5901852531637012e-34
  0   3   2   4  -2.7663932244907658e-35
  0   3   2   5   4.4600497233911673e-19
  0   3   2   6  -2.9489100583258845e-40
  0   3   2   7   2.0915457785606304e-34
  0   3   3   0  -4.4914726550647028e+00
  0   3   3   1   4.4812161870169831e+00
  0   3   3   2  -2.9817515842368794e+00
  0   3   3   3  -1.5127300801348343e-17
  0   3   3   4  -3.1164005479258098e-19
  0   3   3   5   1.3394427743661199e-02
  0   3   3   6  -1.0704186103716817e-23
  0   3   3   7   2.3953130204456335e-18
  0   3   4   0   1.0940967248620998e-02
  0   3   4   1  -1.0915983086495445e-02
  0   3   4   2   7.2633741607827981e-03
  0   3   4   3   3.6849228602329351e-20
  0   3   4   4  -5.3562723514643232e-20
  0   3   4   5  -3.2628050199118157e-05
  0   3   4   6   2.6074776933998998e-26
  0   3   4   7   1.3030964834724486e-18
  0   3   5   0  -3.4362787142147806e-16
  0   3   5   1   3.4268570876732904e-16
  0   3   5   2  -2.2795336687356794e-16
  0   3   5   3  -1.1580227061365025e-33
  0   3   5   4   1.8749738811819841e-35
  0   3   5   5   1.0241635086880087e-18
  0   3   5   6  -8.1859530364090632e-40
  0   3   5   7  -8.4215073172509958e-34
  0   3   6   0   2.5944868564226303e-16
  0   3   6   1  -2.5885622357944449e-16
  0   3   6   2   1.7224006219199602e-16
  0   3   6   3   8.7382438047336649e-34
  0   3   6   4  -4.2682810520765959e-34
  0   3   6   5  -7.7372544372600629e-19
  0   3   6   6   6.1832436984497020e-40
  0   3   6   7   1.0580189484440405e-32
  0   3   7   0  -5.2553459037460422e-03
  0   3   7   1   5.2433450987805028e-03
  0   3   7   2  -3.4888637152310159e-03
  0   3   7   3  -1.7700029457254928e-20
  0   3   7   4   1.3085666859891641e-18
  0   3   7   5   1.5672443401452296e-05
  0   3   7   6  -1.2524656559486619e-26
  0   3   7   7  -3.1537008344187147e-17
  0   4   0   0   8.6537628635953240e-19
  0   4   0   1  -8.6340016295593287e-19
  0   4   0   2   5.7449689911924700e-19
  0   4   0   3  -2.9145913591064322e-36
  0   4   0   4   7.4243535720396282e-38
  0   4   0   5  -2.5807170674077363e-21
  0   4   0   6   2.0623856654237392e-42
  0   4   0   7  -4.6832778898259196e-37
  0   4   1   0  -1.8559313228745109e-19
  0   4   1   1   1.5681613881307364e-18
  0   4   1   2  -1.0434390307462838e-18
  0   4   1   3   5.2755445850383655e-36
  0   4   1   4  -1.3222533727350908e-37
  0   4   1   5   4.5648137209768835e-21
  0   4   1   6  -3.6697442057388054e-42
  0   4   1   7   8.5152216140938176e-37
  0   4   2   0  -2.3565306288912556e-18
  0   4   2   1   1.4309199755539117e-18
  0   4   2   2  -1.8144033175833582e-19
  0   4   2   3   1.9907996743852964e-35
  0   4   2   4   3.0075070478208099e-37
  0   4   2   5   2.6797045048979783e-21
  0   4   2   6  -3.7089718193465131e-42
  0   4   2   7  -2.7797916072108453e-36
  0   4   3   0   1.0940967248620998e-02
  0   4   3   1  -1.0915983086495445e-02
  0   4   3   2   7.2633741607827981e-03
  0   4   3   3   7.3382779539214996e-19
  0   4   3   4  -9.3866229701746111e-22
  0   4   3   5  -3.2628050199118157e-05
  0   4   3   6   2.6074777338568131e-26
  0   4   3   7  -5.0193287552339959e-21
  0   4   4   0  -8.0910496608352749e-03
  0   4   4   1   8.0725734062319452e-03
  0   4   4   2  -5.3714008738604468e-03
  0   4   4   3   2.5373368311795423e-20
  0   4   4   4   6.9415830313167560e-22
  0   4   4   5   2.4129052623803920e-05
  0   4   4   6  -1.9282784947848590e-26
  0   4   4   7  -2.8965925166615777e-20
  0   4   5   0   7.1575529598512379e-18
  0   4   5   1  -7.1371970448858950e-18
  0   4   5   2   4.7473329918918590e-18
  0   4   5   3   3.4872688598808550e-35
  0   4   5   4  -6.1451330519122027e-37
  0   4   5   5  -2.1329895624127696e-20
  0   4   5   6   1.7049215493901291e-41
  0   4   5   7   2.2315714873068914e-35
  0   4   6   0  -6.6669604839170161e-17
  0   4   6   1   6.6517361972676031e-17
  0   4   6   2  -4.4259915425618592e-17
  0   4   6   3   1.8002559246738852e-34
  0   4   6   4   5.7198091354737885e-36
  0   4   6   5   1.9882147199755030e-19
  0   4   6   6  -1.5888861230029328e-40
  0   4   6   7  -2.3700584655511983e-34
  0   4   7   0   1.9433131699527978e-01
  0   4   7   1  -1.9388755320186432e-01
  0   4   7   2   1.2901062898916110e-01
  0   4   7   3  -6.5360703235235975e-19
  0   4   7   4  -1.6672335840892760e-20
  0   4   7   5  -5.7953303598289355e-04
  0   4   7   6   4.6313508770119825e-25
  0   4   7   7   6.9824728812177153e-19
  0   5   0   0  -3.0080616854625864e-02
  0   5   0   1   3.0011926491949989e-02
  0   5   0   2  -1.9969603256954741e-02
  0   5   0   3   1.0131165753328608e-19
  0   5   0   4  -2.5807170674077363e-21
  0   5   0   5   8.9706134243010125e-05
  0   5   0   6  -7.1688852567320798e-26
  0   5   0   7   1.6279148163422795e-20
  0   5   1   0   6.6340111757450110e-03
  0   5   1   1  -5.4691885501336010e-02
  0   5   1   2   3.6391437830721032e-02
  0   5   1   3  -1.8399431745705262e-19
  0   5   1   4   4.6118536566277502e-21
  0   5   1   5  -1.5921868689068786e-04
  0   5   1   6   1.2799645889111932e-25
  0   5   1   7  -2.9697954488785750e-20
  0   5   2   0   5.3698828299502330e-03
  0   5   2   1   2.6629699852946609e-02
  0   5   2   2  -4.4507995184166108e-02
  0   5   2   3  -4.3420627347018118e-19
  0   5   2   4  -1.7021065492124944e-20
  0   5   2   5   1.3512034247009701e-04
  0   5   2   6  -5.3495858343714780e-26
  0   5   2   7   1.3805011075736718e-19
  0   5   3   0  -3.4362787142147806e-16
  0   5   3   1   3.4268153168550797e-16
  0   5   3   2  -2.2854017437077415e-16
  0   5   3   3  -2.6788855487322398e-02
  0   5   3   4   6.5256100398236315e-05
  0   5   3   5  -1.0253680855927610e-18
  0   5   3   6   1.5474508874520126e-18
  0   5   3   7  -3.1344886802904591e-05
  0   5   4   0   7.1575529598512379e-18
  0   5   4   1  -7.1371656849287931e-18
  0   5   4   2   4.7341991452271775e-18
  0   5   4   3   6.5256100398236315e-05
  0   5   4   4  -4.8258105247607841e-05
  0   5   4   5   2.1360579873628576e-20
  0   5   4   6  -3.9764294399510060e-19
  0   5   4   7   1.1590660719657871e-03
  0   5   5   0   5.8577790235740646e-07
  0   5   5   1  -1.4001924106329819e-04
  0   5   5   2   1.5152323688892078e-04
  0   5   5   3  -2.0501338827331459e-18
  0   5   5   4   4.2705817622506711e-20
  0   5   5   5  -5.3329468767318509e-07
  0   5   5   6   3.0859181344423897e-28
  0   5   5   7  -9.1034342032293374e-19
  0   5   6   0  -2.0183799780303223e-26
  0   5   6   1   1.3232383245715496e-25
  0   5   6   2  -7.9692901314572998e-26
  0   5   6   3   1.5474508874520126e-18
  0   5   6   4  -3.9764294399510060e-19
  0   5   6   5   3.6738771232802947e-28
  0   5   6   6  -3.3147320767200430e-33
  0   5   6   7   9.4925254680385809e-18
  0   5   7   0  -1.5261365150249474e-16
  0   5   7   1   1.5223904403134649e-16
  0   5   7   2  -1.0117458818087086e-16
  0   5   7   3  -3.1344886802904591e-05
  0   5   7   4   1.1590660719657871e-03
  0   5   7   5  -4.5522009917805228e-19
  0   5   7   6   9.4925254680385809e-18
  0   5   7   7  -2.7926877390642049e-02
  0   6   0   0   2.4038990477324779e-23
  0   6   0   1  -2.3984096424379341e-23
  0   6   0   2   1.5958751938162660e-23
  0   6   0   3  -8.0963431782487782e-41
  0   6   0   4   2.0623856654237392e-42
  0   6   0   5  -7.1688852567320798e-26
  0   6   0   6   5.7290302673136427e-47
  0   6   0   7  -1.3009516712065017e-41
  0   6   1   0  -5.1747484459960382e-24
  0   6   1   1   4.3580593022581010e-23
  0   6   1   2  -2.8998094234463445e-23
  0   6   1   3   1.4661227519553723e-40
  0   6   1   4  -3.6746912056259110e-42
  0   6   1   5   1.2686171118372336e-25
  0   6   1   6  -1.0198637020855228e-46
  0   6   1   7   2.3664543383338459e-41
  0   6   2   0   4.8438534227241886e-24
  0   6   2   1  -3.0395528989297289e-23
  0   6   2   2   4.1633246337872748e-23
  0   6   2   3   3.1622946955605515e-40
  0   6   2   4   1.4386161625076669e-41
  0   6   2   5  -1.3522464480971720e-25
  0   6   2   6   6.4522577618913311e-47
  0   6   2   7  -1.1526687443330372e-40
  0   6   3   0   2.5944868564226303e-16
  0   6   3   1  -2.5885622357944449e-16
  0   6   3   2   1.7224006219199602e-16
  0   6   3   3   2.1408372210055106e-23
  0   6   3   4  -5.2149554743913181e-26
  0   6   3   5  -7.7372544372600629e-19
  0   6   3   6  -6.1832437358853802e-40
  0   6   3   7   2.5049334419761682e-26
  0   6   4   0  -6.6669604839170161e-17
  0   6   4   1   6.6517361972676031e-17
  0   6   4   2  -4.4259915425618592e-17
  0   6   4   3  -5.2149554541628614e-26
  0   6   4   4   3.8565569912856609e-26
  0   6   4   5   1.9882147199755030e-19
  0   6   4   6   1.5888861239565338e-40
  0   6   4   7  -9.2627017591248867e-25
  0   6   5   0  -2.0183799780303223e-26
  0   6   5   1   1.3156733398555766e-25
  0   6   5   2  -1.3417875895857461e-25
  0   6   5   3   1.6384353602211988e-39
  0   6   5   4  -3.4130138643501773e-41
  0   6   5   5   4.8497951009561051e-28
  0   6   5   6  -2.9359869050629155e-49
  0   6   5   7   7.2751359695779006e-40
  0   6   6   0  -5.5575455578904963e-31
  0   6   6   1   5.5448546672148122e-31
  0   6   6   2  -3.6894848403501849e-31
  0   6   6   3  -1.2366487453052921e-39
  0   6   6   4   3.1777722474362674e-40
  0   6   6   5   1.6573660383600208e-33
  0   6   6   6   1.3244876794290591e-54
  0   6   6   7  -7.5859724029496928e-39
  0   6   7   0   1.5915356513598505e-15
  0   6   7   1  -1.5879013122892181e-15
  0   6   7   2   1.0565719340315886e-15
  0   6   7   3   2.5049329199871675e-26
  0   6   7   4  -9.2627017581202597e-25
  0   6   7   5  -4.7462627340192905e-18
  0   6   7   6  -3.7929862016252292e-39
  0   6   7   7   2.2317824892806772e-23
  0   7   0   0  -5.4587885517066931e-18
  0   7   0   1   5.4463231768375613e-18
  0   7   0   2  -3.6239230787059290e-18
  0   7   0   3   1.8385225242217189e-35
  0   7   0   4  -4.6832778898259196e-37
  0   7   0   5   1.6279148163422795e-20
  0   7   0   6  -1.3009516712065017e-41
  0   7   0   7   2.9542089530774907e-36
  0   7   1   0   1.0690487232975128e-18
  0   7   1   1  -9.7905133643798659e-18
  0   7   1   2   6.5145105840068730e-18
  0   7   1   3  -3.2935673723623997e-35
  0   7   1   4   8.2535390025454608e-37
  0   7   1   5  -2.8491613945129279e-20
  0   7   1   6   2.2906418602940106e-41
  0   7   1   7  -5.3163737331461464e-36
  0   7   2   0   2.0009073942177232e-17
  0   7   2   1  -1.4158580602804660e-17
  0   7   2   2   4.5595305421774614e-18
  0   7   2   3  -1.4290485454164817e-34
  0   7   2   4  -1.4558047258519943e-36
  0   7   2   5  -3.2244224945097022e-20
  0   7   2   6   3.5655698070432483e-41
  0   7   2   7   1.4751008695207375e-35
  0   7   3   0  -5.2553459037460422e-03
  0   7   3   1   5.2433450987805028e-03
  0   7   3   2  -3.4888637152310159e-03
  0   7   3   3  -4.8437261292630317e-18
  0   7   3   4   1.1391278794912470e-20
  0   7   3   5   1.5672443401452296e-05
  0   7   3   6  -1.2524666999266630e-26
  0   7   3   7  -2.8441090497106090e-21
  0   7   4   0   1.9433131699527978e-01
  0   7   4   1  -1.9388755320186432e-01
  0   7   4   2   1.2901062898916110e-01
  0   7   4   3  -6.4266662731892883e-19
  0   7   4   4   7.9148428105532763e-21
  0   7   4   5  -5.7953303598289355e-04
  0   7   4   6   4.6313508790212357e-25
  0   7   4   7   1.0516899694737294e-19
  0   7   5   0  -1.5261365150249474e-16
  0   7   5   1   1.5223984825837559e-16
  0   7   5   2  -1.0128811773800584e-16
  0   7   5   3   1.4196202882712199e-34
  0   7   5   4  -5.3433379353802465e-36
  0   7   5   5   4.5502654311171055e-19
  0   7   5   6  -3.6365679262556831e-40
  0   7   5   7  -8.2609684432644747e-35
  0   7   6   0   1.5915356513598505e-15
  0   7   6   1  -1.5879013122892181e-15
  0   7   6   2   1.0565719340315886e-15
  0   7   6   3  -5.0794805310096612e-33
  0   7   6   4   6.4382139430994781e-35
  0   7   6   5  -4.7462627340192905e-18
  0   7   6   6   3.7929862010236986e-39
  0   7   6   7   8.6131360939402719e-34
  0   7   7   0  -4.6822756649970918e+00
  0   7   7   1   4.6715834901945792e+00
  0   7   7   2  -3.1084198778758325e+00
  0   7   7   3   1.5764238008519006e-17
  0   7   7   4  -1.9137014863982637e-19
  0   7   7   5   1.3963438695321025e-02
  0   7   7   6  -1.1158912445111416e-23
  0   7   7   7  -2.5339726130235540e-18
  1   0   0   0  -1.0063718267336746e+01
  1   0   0   1   1.9807188741643245e+00
  1   0   0   2  -1.3179377589089540e+00
  1   0   0   3   6.7919331775419129e-18
  1   0   0   4  -1.8559313228745109e-19
  1   0   0   5   6.6340111757450110e-03
  1   0   0   6  -5.1747484459960382e-24
  1   0   0   7   1.0690487232975128e-18
  1   0   1   0   1.0040737340416531e+01
  1   0   1   1  -1.8059421964112371e+01
  1   0   1   2   1.2016549819984503e+01
  1   0   1   3  -6.0858076654893096e-17
  1   0   1   4   1.5376877817187230e-18
  1   0   1   5  -5.3267923843017040e-02
  1   0   1   6   4.2695723759918725e-23
  1   0   1   7  -9.8011650291023900e-18
  1   0   2   0  -6.6809953419415145e+00
  1   0   2   1   1.2016560422801737e+01
  1   0   2   2  -1.6958122334363747e+01
  1   0   2   3  -1.3470757983429103e-16
  1   0   2   4  -5.9718784199213331e-18
  1   0   2   5   5.4967362097015096e-02
  1   0   2   6  -2.5614391871230592e-23
  1   0   2   7   4.7867768954864783e-17
  1   0   3   0   3.3894649951472108e-17
  1   0   3   1  -6.0752723529028428e-17
  1   0   3   2  -1.3477771642865297e-16
  1   0   3   3  -8.9624323740339662e+00
  1   0   3   4   2.1831966172990890e-02
  1   0   3   5  -6.8591086924156603e-16
  1   0   3   6   5.1771244715888899e-16
  1   0   3   7  -1.0486690197561006e-02
  1   0   4   0  -8.6340016295593287e-19
  1   0   4   1   1.5224509785127163e-18
  1   0   4   2  -5.9617391082086619e-18
  1   0   4   3   2.1831966172990890e-02
  1   0   4   4  -1.6145146812463890e-02
  1   0   4   5   1.4288135570870371e-17
  1   0   4   6  -1.3303472394535206e-16
  1   0   4   7   3.8777510640372864e-01
  1   0   5   0   3.0011926491949989e-02
  1   0   5   1  -5.2555943013857555e-02
  1   0   5   2   5.4493586252387705e-02
  1   0   5   3  -6.8590878070065557e-16
  1   0   5   4   1.4288119890891819e-17
  1   0   5   5  -1.9761757854546721e-04
  1   0   5   6   1.1820696405165207e-25
  1   0   5   7  -3.0456597558561565e-16
  1   0   6   0  -2.3984096424379341e-23
  1   0   6   1   4.2253289128587583e-23
  1   0   6   2  -2.5319975444448011e-23
  1   0   6   3   5.1771244715888899e-16
  1   0   6   4  -1.3303472394535206e-16
  1   0   6   5   1.1858521328745072e-25
  1   0   6   6  -1.1089709334429626e-30
  1   0   6   7   3.1758026245784363e-15
  1   0   7   0   5.4463231768375613e-18
  1   0   7   1  -9.8064908614636520e-18
  1   0   7   2   4.7871306953482207e-17
  1   0   7   3  -1.0486690197561006e-02
  1   0   7   4   3.8777510640372864e-01
  1   0   7   5  -3.0456637769913018e-16
  1   0   7   6   3.1758026245784363e-15
  1   0   7   7  -9.3431669803891584e+00
  1   1   0   0   2.6160774272920943e+01
  1   1   0   1  -1.8059421964112371e+01
  1   1   0   2   1.2016528614350035e+01
  1   1   0   3  -6.1068782906622430e-17
  1   1   0   4   1.5681613881307364e-18
  1   1   0   5  -5.4691885501336010e-02
  1   1   0   6   4.3580593022581010e-23
  1   1   0   7  -9.7905133643798659e-18
  1   1   1   0  -1.8059421964112371e+01
  1   1   1   1   3.2481949345000452e+01
  1   1   1   2  -2.1613148157790189e+01
  1   1   1   3   1.0946025664977879e-16
  1   1   1   4  -2.7657084890905363e-18
  1   1   1   5   9.5808493063651815e-02
  1   1   1   6  -7.6793174176545487e-23
  1   1   1   7   1.7628523583420313e-17
  1   1   2   0   1.2016528614350035e+01
  1   1   2   1  -2.1613148157790189e+01
  1   1   2   2   3.0501122493592394e+01
  1   1   2   3   2.4228715370000506e-16
  1   1   2   4   1.0741109177888275e-17
  1   1   2   5  -9.8865072147471492e-02
  1   1   2   6   4.6070387340949793e-23
  1   1   2   7  -8.6095682499022377e-17
  1   1   3   0  -6.1068782906622430e-17
  1   1   3   1   1.0946025664977879e-16
  1   1   3   2   2.4228715370000506e-16
  1   1   3   3   1.6119966351075401e+01
  1   1   3   4  -3.9267304387818391e-02
  1   1   3   5   1.2336902171004269e-15
  1   1   3   6  -9.3116543360626810e-16
  1   1   3   7   1.8861519514344623e-02
  1   1   4   0   1.5681613881307364e-18
  1   1   4   1  -2.7657084890905363e-18
  1   1   4   2   1.0741109177888275e-17
  1   1   4   3  -3.9267304387818391e-02
  1   1   4   4   2.9038905119565018e-02
  1   1   4   5  -2.5698937462391584e-17
  1   1   4   6   2.3927826554505312e-16
  1   1   4   7  -6.9745816828956075e-01
  1   1   5   0  -5.4691885501336010e-02
  1   1   5   1   9.5808493063651815e-02
  1   1   5   2  -9.8865072147471492e-02
  1   1   5   3   1.2336902171004269e-15
  1   1   5   4  -2.5698937462391584e-17
  1   1   5   5   3.5921515091783516e-04
  1   1   5   6  -2.1563635281985964e-25
  1   1   5   7   5.4779766273874163e-16
  1   1   6   0   4.3580593022581010e-23
  1   1   6   1  -7.6793174176545487e-23
  1   1   6   2   4.6070387340949793e-23
  1   1   6   3  -9.3116543360626810e-16
  1   1   6   4   2.3927826554505312e-16
  1   1   6   5  -2.1563635281985964e-25
  1   1   6   6   1.9946118849625458e-30
  1   1   6   7  -5.7120466084832650e-15
  1   1   7   0  -9.7905133643798659e-18
  1   1   7   1   1.7628523583420313e-17
  1   1   7   2  -8.6095682499022377e-17
  1   1   7   3   1.8861519514344623e-02
  1   1   7   4  -6.9745816828956075e-01
  1   1   7   5   5.4779766273874163e-16
  1   1   7   6  -5.7120466084832650e-15
  1   1   7   7   1.6804761369547958e+01
  1   2   0   0  -1.7407110508006635e+01
  1   2   0   1   1.2016560422801737e+01
  1   2   0   2  -7.9956790673496654e+00
  1   2   0   3   4.0634562887371952e-17
  1   2   0   4  -1.0434390307462838e-18
  1   2   0   5   3.6391437830721032e-02
  1   2   0   6  -2.8998094234463445e-23
  1   2   0   7   6.5145105840068730e-18
  1   2   1   0   1.2016549819984503e+01
  1   2   1   1  -2.1613148157790189e+01
  1   2   1   2   1.4381161928709449e+01
  1   2   1   3  -7.2833705860253215e-17
  1   2   1   4   1.8402733992679027e-18
  1   2   1   5  -6.3749965661406380e-02
  1   2   1   6   5.1097372062127441e-23
  1   2   1   7  -1.1729834560258789e-17
  1   2   2   0  -3.5144574338426242e+00
  1   2   2   1   6.3211816462679771e+00
  1   2   2   2  -1.4932100481041415e+01
  1   2   2   3  -1.8837649166205263e-16
  1   2   2   4  -6.4607461184883999e-18
  1   2   2   5   4.2010129148252140e-02
  1   2   2   6  -1.1599508194408025e-23
  1   2   2   7   5.2912870802535520e-17
  1   2   3   0   1.2823549765384152e-16
  1   2   3   1  -2.3039413564038237e-16
  1   2   3   2  -5.6376272789376795e-17
  1   2   3   3  -1.0726056411944088e+01
  1   2   3   4   2.6128052182976265e-02
  1   2   3   5  -8.2134926038415037e-16
  1   2   3   6   6.1958770584201011e-16
  1   2   3   7  -1.2550257110949124e-02
  1   2   4   0   1.4309199755539117e-18
  1   2   4   1  -2.6101444900422831e-18
  1   2   4   2  -4.1857599551944747e-18
  1   2   4   3   2.6128052182976265e-02
  1   2   4   4  -1.9322182668995908e-02
  1   2   4   5   1.7086676330477104e-17
  1   2   4   6  -1.5921324638603597e-16
  1   2   4   7   4.6408134453369670e-01
  1   2   5   0   2.6629699852946609e-02
  1   2   5   1  -4.6192412418373824e-02
  1   2   5   2   5.4101169660694837e-02
  1   2   5   3  -8.2082535458505336e-16
  1   2   5   4   1.7098308291152043e-17
  1   2   5   5  -1.8723037508050358e-04
  1   2   5   6   1.0197295002877634e-25
  1   2   5   7  -3.6448928621165013e-16
  1   2   6   0  -3.0395528989297289e-23
  1   2   6   1   5.3610864422716271e-23
  1   2   6   2  -3.2327203608278234e-23
  1   2   6   3   6.1958770584201011e-16
  1   2   6   4  -1.5921324638603597e-16
  1   2   6   5   1.5089594239055648e-25
  1   2   6   6  -1.3271938124495607e-30
  1   2   6   7   3.8007358586178489e-15
  1   2   7   0  -1.4158580602804660e-17
  1   2   7   1   2.5453089409123002e-17
  1   2   7   2   3.2546036128526044e-17
  1   2   7   3  -1.2550257110949124e-02
  1   2   7   4   4.6408134453369670e-01
  1   2   7   5  -3.6438914055421916e-16
  1   2   7   6   3.8007358586178489e-15
  1   2   7   7  -1.1181711829504243e+01
  1   3   0   0   8.8100083499332497e-17
  1   3   0   1  -6.0752723529028428e-17
  1   3   0   2   4.0424153104286174e-17
  1   3   0   3  -2.0543941495554411e-34
  1   3   0   4   5.2755445850383655e-36
  1   3   0   5  -1.8399431745705262e-19
  1   3   0   6   1.4661227519553723e-40
  1   3   0   7  -3.2935673723623997e-35
  1   3   1   0  -6.0858076654893096e-17
  1   3   1   1   1.0946025664977879e-16
  1   3   1   2  -7.2833705860253215e-17
  1   3   1   3   3.6886787977457435e-34
  1   3   1   4  -9.3201044622932495e-36
  1   3   1   5   3.2286308092497683e-19
  1   3   1   6  -2.5878374678303091e-40
  1   3   1   7   5.9406001016218835e-35
  1   3   2   0   1.2809522446511767e-16
  1   3   2   1  -2.3039413564038237e-16
  1   3   2   2   2.0762416495597486e-16
  1   3   2   3   2.8551885377507482e-34
  1   3   2   4   4.9611886540012669e-35
  1   3   2   5  -7.9790234383349221e-19
  1   3   2   6   5.2775286875972029e-40
  1   3   2   7  -3.7564288785062548e-34
  1   3   3   0   4.4812161870169831e+00
  1   3   3   1  -8.0599831755377007e+00
  1   3   3   2   5.3630282059720438e+00
  1   3   3   3   2.7161172428927804e-17
  1   3   3   4   5.5394934839541672e-19
  1   3   3   5  -2.3773660686577967e-02
  1   3   3   6   1.9055250815863822e-23
  1   3   3   7  -4.3107331779225264e-18
  1   3   4   0  -1.0915983086495445e-02
  1   3   4   1   1.9633652193909196e-02
  1   3   4   2  -1.3064026091488132e-02
  1   3   4   3  -6.6163042903968385e-20
  1   3   4   4   9.6185885135385265e-20
  1   3   4   5   5.7911260499020251e-05
  1   3   4   6  -4.6417486538232940e-26
  1   3   4   7  -2.3396944867912721e-18
  1   3   5   0   3.4268153168550797e-16
  1   3   5   1  -6.1636081392882596e-16
  1   3   5   2   4.1000168247542190e-16
  1   3   5   3   2.0792377180193050e-33
  1   3   5   4  -3.4094167129812929e-35
  1   3   5   5  -1.8177546360139254e-18
  1   3   5   6   1.4572245312981838e-39
  1   3   5   7   1.5113270909466159e-33
  1   3   6   0  -2.5885622357944449e-16
  1   3   6   1   4.6558271680313405e-16
  1   3   6   2  -3.0979385292100505e-16
  1   3   6   3  -1.5689576734352121e-33
  1   3   6   4   7.6669642023416028e-34
  1   3   6   5   1.3732789870339173e-18
  1   3   6   6  -1.1007213288516718e-39
  1   3   6   7  -1.8996229114920785e-32
  1   3   7   0   5.2433450987805028e-03
  1   3   7   1  -9.4307597571723113e-03
  1   3   7   2   6.2751285554745618e-03
  1   3   7   3   3.1780524390891429e-20
  1   3   7   4  -2.3495470225800232e-18
  1   3   7   5  -2.7816892120087059e-05
  1   3   7   6   2.2295994114006931e-26
  1   3   7   7   5.6624903343780305e-17
  1   4   0   0  -2.2190142242928965e-18
  1   4   0   1   1.5224509785127163e-18
  1   4   0   2  -1.0130210956082708e-18
  1   4   0   3   5.1484172066649934e-36
  1   4   0   4  -1.3222533727350908e-37
  1   4   0   5   4.6118536566277502e-21
  1   4   0   6  -3.6746912056259110e-42
  1   4   0   7   8.2535390025454608e-37
  1   4   1   0   1.5376877817187230e-18
  1   4   1   1  -2.7657084890905363e-18
  1   4   1   2   1.8402733992679027e-18
  1   4   1   3  -9.3201044622932495e-36
  1   4   1   4   2.3548905163860788e-37
  1   4   1   5  -8.1577112191974538e-21
  1   4   1   6   6.5386326254144658e-42
  1   4   1   7  -1.5009985024898943e-36
  1   4   2   0   1.4511985989792537e-18
  1   4   2   1  -2.6101444900422831e-18
  1   4   2   2   3.6421237139337636e-19
  1   4   2   3  -3.5627157405393438e-35
  1   4   2   4  -5.3562728376541224e-37
  1   4   2   5  -4.7089495935396867e-21
  1   4   2   6   6.5988790417422522e-42
  1   4   2   7   4.9153842815281690e-36
  1   4   3   0  -1.0915983086495445e-02
  1   4   3   1   1.9633652193909196e-02
  1   4   3   2  -1.3064026091488132e-02
  1   4   3   3  -1.3063878255027386e-18
  1   4   3   4   1.6717272097126637e-21
  1   4   3   5   5.7911260499020251e-05
  1   4   3   6  -4.6417487265286849e-26
  1   4   3   7   9.0495441935745185e-21
  1   4   4   0   8.0725734062319452e-03
  1   4   4   1  -1.4519452559782509e-02
  1   4   4   2   9.6610913344979538e-03
  1   4   4   3  -4.5585351753123639e-20
  1   4   4   4  -1.2362734999375463e-21
  1   4   4   5  -4.2826458938372087e-05
  1   4   4   6   3.4326598963227273e-26
  1   4   4   7   5.1505820884884838e-20
  1   4   5   0  -7.1371656849287931e-18
  1   4   5   1   1.2837232164366996e-17
  1   4   5   2  -8.5387696289539226e-18
  1   4   5   3  -6.1756386985537127e-35
  1   4   5   4   1.0944283330467200e-36
  1   4   5   5   3.7858071550498639e-20
  1   4   5   6  -3.0350452933691076e-41
  1   4   5   7  -3.9671368675994545e-35
  1   4   6   0   6.6517361972676031e-17
  1   4   6   1  -1.1963913277252656e-16
  1   4   6   2   7.9606623193017983e-17
  1   4   6   3  -3.2388444186107530e-34
  1   4   6   4  -1.0186795183440426e-35
  1   4   6   5  -3.5288661097989811e-19
  1   4   6   6   2.8284844170625747e-40
  1   4   6   7   4.2142774056414456e-34
  1   4   7   0  -1.9388755320186432e-01
  1   4   7   1   3.4872908414478038e-01
  1   4   7   2  -2.3204067226684835e-01
  1   4   7   3   1.1735690238972467e-18
  1   4   7   4   2.9692891216839424e-20
  1   4   7   5   1.0286084644892601e-03
  1   4   7   6  -8.2445831679992345e-25
  1   4   7   7  -1.2415970440836888e-18
  1   5   0   0   7.6767757124359945e-02
  1   5   0   1  -5.2555943013857555e-02
  1   5   0   2   3.4970110296838858e-02
  1   5   0   3  -1.7772869472545490e-19
  1   5   0   4   4.5648137209768835e-21
  1   5   0   5  -1.5921868689068786e-04
  1   5   0   6   1.2686171118372336e-25
  1   5   0   7  -2.8491613945129279e-20
  1   5   1   0  -5.3267923843017040e-02
  1   5   1   1   9.5808493063651815e-02
  1   5   1   2  -6.3749965661406380e-02
  1   5   1   3   3.2286308092497683e-19
  1   5   1   4  -8.1577112191974538e-21
  1   5   1   5   2.8259595031172814e-04
  1   5   1   6  -2.2650852069510427e-25
  1   5   1   7   5.1996949491102779e-20
  1   5   2   0   2.5682148163691826e-02
  1   5   2   1  -4.6192412418373824e-02
  1   5   2   2   7.8283250685580230e-02
  1   5   2   3   7.7381505345743982e-19
  1   5   2   4   3.0186932431277936e-20
  1   5   2   5  -2.3982399511307924e-04
  1   5   2   6   9.4379623252531959e-26
  1   5   2   7  -2.4441833135633466e-19
  1   5   3   0   3.4268570876732904e-16
  1   5   3   1  -6.1636081392882596e-16
  1   5   3   2   4.1104949407361587e-16
  1   5   3   3   4.7547321373155933e-02
  1   5   3   4  -1.1582252099804050e-04
  1   5   3   5   1.8199174621151266e-18
  1   5   3   6  -2.7465579740678346e-18
  1   5   3   7   5.5633784240174117e-05
  1   5   4   0  -7.1371970448858950e-18
  1   5   4   1   1.2837232164366996e-17
  1   5   4   2  -8.5155057076040440e-18
  1   5   4   3  -1.1582252099804050e-04
  1   5   4   4   8.5652917876744174e-05
  1   5   4   5  -3.7912719207023491e-20
  1   5   4   6   7.0577322195979621e-19
  1   5   4   7  -2.0572169289785201e-03
  1   5   5   0  -1.4001924106329819e-04
  1   5   5   1   2.4428635000867463e-04
  1   5   5   2  -2.6612080512936705e-04
  1   5   5   3   3.6387535111796526e-18
  1   5   5   4  -7.5798114585784559e-20
  1   5   5   5   9.4654039674795409e-07
  1   5   5   6  -5.4546843899421230e-28
  1   5   5   7   1.6157587302307351e-18
  1   5   6   0   1.3156733398555766e-25
  1   5   6   1  -2.3194460463272658e-25
  1   5   6   2   1.3950595222618991e-25
  1   5   6   3  -2.7465579740678346e-18
  1   5   6   4   7.0577322195979621e-19
  1   5   6   5  -6.5207345774350481e-28
  1   5   6   6   5.8832909600151620e-33
  1   5   6   7  -1.6848206123822374e-17
  1   5   7   0   1.5223984825837559e-16
  1   5   7   1  -2.7382083594513413e-16
  1   5   7   2   1.8197816126622156e-16
  1   5   7   3   5.5633784240174117e-05
  1   5   7   4  -2.0572169289785201e-03
  1   5   7   5   8.0796644565057459e-19
  1   5   7   6  -1.6848206123822374e-17
  1   5   7   7   4.9567187178637513e-02
  1   6   0   0  -6.1602792381145942e-23
  1   6   0   1   4.2253289128587583e-23
  1   6   0   2  -2.8114844954115700e-23
  1   6   0   3   1.4288664220566589e-40
  1   6   0   4  -3.6697442057388054e-42
  1   6   0   5   1.2799645889111932e-25
  1   6   0   6  -1.0198637020855228e-46
  1   6   0   7   2.2906418602940106e-41
  1   6   1   0   4.2695723759918725e-23
  1   6   1   1  -7.6793174176545487e-23
  1   6   1   2   5.1097372062127441e-23
  1   6   1   3  -2.5878374678303091e-40
  1   6   1   4   6.5386326254144658e-42
  1   6   1   5  -2.2650852069510427e-25
  1   6   1   6   1.8155288457208723e-46
  1   6   1   7  -4.1677002437210623e-41
  1   6   2   0  -2.9806696135732126e-23
  1   6   2   1   5.3610864422716271e-23
  1   6   2   2  -7.3782594436018653e-23
  1   6   2   3  -5.6434027038368219e-40
  1   6   2   4  -2.5607929076887072e-41
  1   6   2   5   2.4114860033787235e-25
  1   6   2   6  -1.1486103547744251e-46
  1   6   2   7   2.0490980484752916e-40
  1   6   3   0  -2.5885622357944449e-16
  1   6   3   1   4.6558271680313405e-16
  1   6   3   2  -3.0979385292100505e-16
  1   6   3   3  -3.8110501636434517e-23
  1   6   3   4   9.2834974649501228e-26
  1   6   3   5   1.3732789870339173e-18
  1   6   3   6   1.1007213355732736e-39
  1   6   3   7  -4.4592026473152000e-26
  1   6   4   0   6.6517361972676031e-17
  1   6   4   1  -1.1963913277252656e-16
  1   6   4   2   7.9606623193017983e-17
  1   6   4   3   9.2834974285974274e-26
  1   6   4   4  -6.8653197957014930e-26
  1   6   4   5  -3.5288661097989811e-19
  1   6   4   6  -2.8284844187609071e-40
  1   6   4   7   1.6489166345076327e-24
  1   6   5   0   1.3232383245715496e-25
  1   6   5   1  -2.3194460463272658e-25
  1   6   5   2   2.3735193694975018e-25
  1   6   5   3  -2.9166840250435387e-39
  1   6   5   4   6.0757376177265654e-41
  1   6   5   5  -8.6528349524208992e-28
  1   6   5   6   5.2265502791210056e-49
  1   6   5   7  -1.2950952146229329e-39
  1   6   6   0   5.5448546672148122e-31
  1   6   6   1  -9.9730594248127274e-31
  1   6   6   2   6.6359690622478019e-31
  1   6   6   3   2.2014426677857463e-39
  1   6   6   4  -5.6569688366726478e-40
  1   6   6   5  -2.9416454800075803e-33
  1   6   6   6  -2.3578107377369038e-54
  1   6   6   7   1.3504306205062649e-38
  1   6   7   0  -1.5879013122892181e-15
  1   6   7   1   2.8560233042416325e-15
  1   6   7   2  -1.9003679293089245e-15
  1   6   7   3  -4.4592017101377396e-26
  1   6   7   4   1.6489166343293840e-24
  1   6   7   5   8.4241030619111872e-18
  1   6   7   6   6.7521531028019526e-39
  1   6   7   7  -3.9729480305813647e-23
  1   7   0   0   1.4200872083917659e-17
  1   7   0   1  -9.8064908614636520e-18
  1   7   0   2   6.5251245798591455e-18
  1   7   0   3  -3.3161046931535115e-35
  1   7   0   4   8.5152216140938176e-37
  1   7   0   5  -2.9697954488785750e-20
  1   7   0   6   2.3664543383338459e-41
  1   7   0   7  -5.3163737331461464e-36
  1   7   1   0  -9.8011650291023900e-18
  1   7   1   1   1.7628523583420313e-17
  1   7   1   2  -1.1729834560258789e-17
  1   7   1   3   5.9406001016218835e-35
  1   7   1   4  -1.5009985024898943e-36
  1   7   1   5   5.1996949491102779e-20
  1   7   1   6  -4.1677002437210623e-41
  1   7   1   7   9.5673089207325662e-36
  1   7   2   0  -1.4151504605569812e-17
  1   7   2   1   2.5453089409123002e-17
  1   7   2   2  -8.1876332194929005e-18
  1   7   2   3   2.5679546245958063e-34
  1   7   2   4   2.6634105935050494e-36
  1   7   2   5   5.6018640936604516e-20
  1   7   2   6  -6.2903917044351671e-41
  1   7   2   7  -2.6545811894218386e-35
  1   7   3   0   5.2433450987805028e-03
  1   7   3   1  -9.4307597571723113e-03
  1   7   3   2   6.2751285554745618e-03
  1   7   3   3   8.7168079290177276e-18
  1   7   3   4  -2.0508063172678601e-20
  1   7   3   5  -2.7816892120087059e-05
  1   7   3   6   2.2296012857556139e-26
  1   7   3   7   5.1182387184675607e-21
  1   7   4   0  -1.9388755320186432e-01
  1   7   4   1   3.4872908414478038e-01
  1   7   4   2  -2.3204067226684835e-01
  1   7   4   3   1.1538639523197446e-18
  1   7   4   4  -1.3932968119251401e-20
  1   7   4   5   1.0286084644892601e-03
  1   7   4   6  -8.2445831715642095e-25
  1   7   4   7  -1.8926139003467934e-19
  1   7   5   0   1.5223904403134649e-16
  1   7   5   1  -2.7382083594513413e-16
  1   7   5   2   1.8217845258108350e-16
  1   7   5   3  -2.5337313976584385e-34
  1   7   5   4   9.3719157834405177e-36
  1   7   5   5  -8.0761812350974627e-19
  1   7   5   6   6.4736763747851573e-40
  1   7   5   7   1.4866380929612076e-34
  1   7   6   0  -1.5879013122892181e-15
  1   7   6   1   2.8560233042416325e-15
  1   7   6   2  -1.9003679293089245e-15
  1   7   6   3   9.1190946986448575e-33
  1   7   6   4  -1.1331848687176008e-34
  1   7   6   5   8.4241030619111872e-18
  1   7   6   6  -6.7521531017194411e-39
  1   7   6   7  -1.5500139366288064e-33
  1   7   7   0   4.6715834901945792e+00
  1   7   7   1  -8.4023806847739788e+00
  1   7   7   2   5.5908559147521215e+00
  1   7   7   3  -2.8304774313812450e-17
  1   7   7   4   3.3690643698982535e-19
  1   7   7   5  -2.4783593589318757e-02
  1   7   7   6   1.9864740150581802e-23
  1   7   7   7   4.5601193599919194e-18
  2   0   0   0   6.6962865960100215e+00
  2   0   0   1  -1.3179377589089540e+00
  2   0   0   2  -3.6145369363246687e+00
  2   0   0   3  -9.2320710117149182e-17
  2   0   0   4  -2.3565306288912556e-18
  2   0   0   5   5.3698828299502330e-03
  2   0   0   6   4.8438534227241886e-24
  2   0   0   7   2.0009073942177232e-17
  2   0   1   0  -6.6809953419415145e+00
  2   0   1   1   1.2016528614350035e+01
  2   0   1   2  -3.5144574338426242e+00
  2   0   1   3   1.2809522446511767e-16
  2   0   1   4   1.4511985989792537e-18
  2   0   1   5   2.5682148163691826e-02
  2   0   1   6  -2.9806696135732126e-23
  2   0   1   7  -1.4151504605569812e-17
  2   0   2   0   4.4454602531403875e+00
  2   0   2   1  -7.9956790673496654e+00
  2   0   2   2   8.3019914412811886e+00
  2   0   2   3   3.1344239531670847e-17
  2   0   2   4   2.3272106538127488e-18
  2   0   2   5  -3.0079321262045575e-02
  2   0   2   6   1.7973370057161740e-23
  2   0   2   7  -1.8095037180449452e-17
  2   0   3   0  -2.2553124413583081e-17
  2   0   3   1   4.0424153104286174e-17
  2   0   3   2   1.0480691791867694e-16
  2   0   3   3   5.9635031684737587e+00
  2   0   3   4  -1.4526748321565596e-02
  2   0   3   5   4.5636453741834398e-16
  2   0   3   6  -3.4448012438399203e-16
  2   0   3   7   6.9777274304620319e-03
  2   0   4   0   5.7449689911924700e-19
  2   0   4   1  -1.0130210956082708e-18
  2   0   4   2   3.5815361465982913e-18
  2   0   4   3  -1.4526748321565596e-02
  2   0   4   4   1.0742801747720894e-02
  2   0   4   5  -9.5063276402660476e-18
  2   0   4   6   8.8519830851237185e-17
  2   0   4   7  -2.5802125797832220e-01
  2   0   5   0  -1.9969603256954741e-02
  2   0   5   1   3.4970110296838858e-02
  2   0   5   2  -2.2864984300985311e-02
  2   0   5   3   4.5665794116694703e-16
  2   0   5   4  -9.4997607169337069e-18
  2   0   5   5   1.0231455363244945e-04
  2   0   5   6  -8.2830558868000777e-26
  2   0   5   7   2.0259303235831136e-16
  2   0   6   0   1.5958751938162660e-23
  2   0   6   1  -2.8114844954115700e-23
  2   0   6   2   6.1434319168062363e-24
  2   0   6   3  -3.4448012438399203e-16
  2   0   6   4   8.8519830851237185e-17
  2   0   6   5  -5.5587630045999966e-26
  2   0   6   6   7.3789696807003715e-31
  2   0   6   7  -2.1131438680631772e-15
  2   0   7   0  -3.6239230787059290e-18
  2   0   7   1   6.5251245798591455e-18
  2   0   7   2  -2.9422321041762908e-17
  2   0   7   3   6.9777274304620319e-03
  2   0   7   4  -2.5802125797832220e-01
  2   0   7   5   2.0264979713687886e-16
  2   0   7   6  -2.1131438680631772e-15
  2   0   7   7   6.2168397557516650e+00
  2   1   0   0  -1.7407110508006635e+01
  2   1   0   1   1.2016549819984503e+01
  2   1   0   2  -3.5144574338426242e+00
  2   1   0   3   1.2823549765384152e-16
  2   1   0   4   1.4309199755539117e-18
  2   1   0   5   2.6629699852946609e-02
  2   1   0   6  -3.0395528989297289e-23
  2   1   0   7  -1.4158580602804660e-17
  2   1   1   0   1.2016560422801737e+01
  2   1   1   1  -2.1613148157790189e+01
  2   1   1   2   6.3211816462679771e+00
  2   1   1   3  -2.3039413564038237e-16
  2   1   1   4  -2.6101444900422831e-18
  2   1   1   5  -4.6192412418373824e-02
  2   1   1   6   5.3610864422716271e-23
  2   1   1   7   2.5453089409123002e-17
  2   1   2   0  -7.9956790673496654e+00
  2   1   2   1   1.4381161928709449e+01
  2   1   2   2  -1.4932100481041415e+01
  2   1   2   3  -5.6376272789376795e-17
  2   1   2   4  -4.1857599551944747e-18
  2   1   2   5   5.4101169660694837e-02
  2   1   2   6  -3.2327203608278234e-23
  2   1   2   7   3.2546036128526044e-17
  2   1   3   0   4.0634562887371952e-17
  2   1   3   1  -7.2833705860253215e-17
  2   1   3   2  -1.8837649166205263e-16
  2   1   3   3  -1.0726056411944088e+01
  2   1   3   4   2.6128052182976265e-02
  2   1   3   5  -8.2082535458505336e-16
  2   1   3   6   6.1958770584201011e-16
  2   1   3   7  -1.2550257110949124e-02
  2   1   4   0  -1.0434390307462838e-18
  2   1   4   1   1.8402733992679027e-18
  2   1   4   2  -6.4607461184883999e-18
  2   1   4   3   2.6128052182976265e-02
  2   1   4   4  -1.9322182668995908e-02
  2   1   4   5   1.7098308291152043e-17
  2   1   4   6  -1.5921324638603597e-16
  2   1   4   7   4.6408134453369670e-01
  2   1   5   0   3.6391437830721032e-02
  2   1   5   1  -6.3749965661406380e-02
  2   1   5   2   4.2010129148252140e-02
  2   1   5   3  -8.2134926038415037e-16
  2   1   5   4   1.7086676330477104e-17
  2   1   5   5  -1.8723037508050358e-04
  2   1   5   6   1.5089594239055648e-25
  2   1   5   7  -3.6438914055421916e-16
  2   1   6   0  -2.8998094234463445e-23
  2   1   6   1   5.1097372062127441e-23
  2   1   6   2  -1.1599508194408025e-23
  2   1   6   3   6.1958770584201011e-16
  2   1   6   4  -1.5921324638603597e-16
  2   1   6   5   1.0197295002877634e-25
  2   1   6   6  -1.3271938124495607e-30
  2   1   6   7   3.8007358586178489e-15
  2   1   7   0   6.5145105840068730e-18
  2   1   7   1  -1.1729834560258789e-17
  2   1   7   2   5.2912870802535520e-17
  2   1   7   3  -1.2550257110949124e-02
  2   1   7   4   4.6408134453369670e-01
  2   1   7   5  -3.6448928621165013e-16
  2   1   7   6   3.8007358586178489e-15
  2   1   7   7  -1.1181711829504243e+01
  2   2   0   0   2.0565454632070498e+01
  2   2   0   1  -1.6958122334363747e+01
  2   2   0   2   8.3019914412811886e+00
  2   2   0   3  -1.1558111724234133e-16
  2   2   0   4  -1.8144033175833582e-19
  2   2   0   5  -4.4507995184166108e-02
  2   2   0   6   4.1633246337872748e-23
  2   2   0   7   4.5595305421774614e-18
  2   2   1   0  -1.6958122334363747e+01
  2   2   1   1   3.0501122493592394e+01
  2   2   1   2  -1.4932100481041415e+01
  2   2   1   3   2.0762416495597486e-16
  2   2   1   4   3.6421237139337636e-19
  2   2   1   5   7.8283250685580230e-02
  2   2   1   6  -7.3782594436018653e-23
  2   2   1   7  -8.1876332194929005e-18
  2   2   2   0   8.3019914412811886e+00
  2   2   2   1  -1.4932100481041415e+01
  2   2   2   2   1.5504145345224282e+01
  2   2   2   3   5.8536033055648856e-17
  2   2   2   4   4.3461153243611507e-18
  2   2   2   5  -5.6173771321122987e-02
  2   2   2   6   3.3565650323861788e-23
  2   2   2   7  -3.3792866260728242e-17
  2   2   3   0  -1.1558111724234133e-16
  2   2   3   1   2.0762416495597486e-16
  2   2   3   2   5.8536033055648856e-17
  2   2   3   3   1.1136968827861635e+01
  2   2   3   4  -2.7129011028742826e-02
  2   2   3   5   8.5276753707949424e-16
  2   2   3   6  -6.4332394880982105e-16
  2   2   3   7   1.3031054178555799e-02
  2   2   4   0  -1.8144033175833582e-19
  2   2   4   1   3.6421237139337636e-19
  2   2   4   2   4.3461153243611507e-18
  2   2   4   3  -2.7129011028742826e-02
  2   2   4   4   2.0062410433645358e-02
  2   2   4   5  -1.7744781632523505e-17
  2   2   4   6   1.6531266421547325e-16
  2   2   4   7  -4.8186017946992299e-01
  2   2   5   0  -4.4507995184166108e-02
  2   2   5   1   7.8283250685580230e-02
  2   2   5   2  -5.6173771321122987e-02
  2   2   5   3   8.5276753707949424e-16
  2   2   5   4  -1.7744781632523505e-17
  2   2   5   5   2.3988897594262313e-04
  2   2   5   6  -1.8385599964356823e-25
  2   2   5   7   3.7837615648665369e-16
  2   2   6   0   4.1633246337872748e-23
  2   2   6   1  -7.3782594436018653e-23
  2   2   6   2   3.3565650323861788e-23
  2   2   6   3  -6.4332394880982105e-16
  2   2   6   4   1.6531266421547325e-16
  2   2   6   5  -1.8385599964356823e-25
  2   2   6   6   1.3780382602987425e-30
  2   2   6   7  -3.9463410553414087e-15
  2   2   7   0   4.5595305421774614e-18
  2   2   7   1  -8.1876332194929005e-18
  2   2   7   2  -3.3792866260728242e-17
  2   2   7   3   1.3031054178555799e-02
  2   2   7   4  -4.8186017946992299e-01
  2   2   7   5   3.7837615648665369e-16
  2   2   7   6  -3.9463410553414087e-15
  2   2   7   7   1.1610080285299324e+01
  2   3   0   0   1.1698204699354911e-16
  2   3   0   1  -1.3477771642865297e-16
  2   3   0   2   1.0480691791867694e-16
  2   3   0   3  -1.5901852531637012e-34
  2   3   0   4   1.9907996743852964e-35
  2   3   0   5  -4.3420627347018118e-19
  2   3   0   6   3.1622946955605515e-40
  2   3   0   7  -1.4290485454164817e-34
  2   3   1   0  -1.3470757983429103e-16
  2   3   1   1   2.4228715370000506e-16
  2   3   1   2  -1.8837649166205263e-16
  2   3   1   3   2.8551885377507482e-34
  2   3   1   4  -3.5627157405393438e-35
  2   3   1   5   7.7381505345743982e-19
  2   3   1   6  -5.6434027038368219e-40
  2   3   1   7   2.5679546245958063e-34
  2   3   2   0   3.1344239531670847e-17
  2   3   2   1  -5.6376272789376795e-17
  2   3   2   2   5.8536033055648856e-17
  2   3   2   3   2.2100329231933221e-34
  2   3   2   4   1.6408795494737167e-35
  2   3   2   5  -2.1208455298224942e-19
  2   3   2   6   1.2672739923049927e-40
  2   3   2   7  -1.2758525493908766e-34
  2   3   3   0  -2.9817515842368794e+00
  2   3   3   1   5.3630282059720438e+00
  2   3   3   2  -5.5684844139308174e+00
  2   3   3   3   2.1023860423504339e-17
  2   3   3   4  -1.6633809576056601e-18
  2   3   3   5   2.0175428126371343e-02
  2   3   3   6  -1.2055472684736373e-23
  2   3   3   7   1.2186278642650748e-17
  2   3   4   0   7.2633741607827981e-03
  2   3   4   1  -1.3064026091488132e-02
  2   3   4   2   1.3564505514371413e-02
  2   3   4   3  -5.1212906322331053e-20
  2   3   4   4   7.9548198120004727e-20
  2   3   4   5  -4.9146174386395298e-05
  2   3   4   6   2.9366433843996382e-26
  2   3   4   7  -1.8488324429454517e-18
  2   3   5   0  -2.2854017437077415e-16
  2   3   5   1   4.1104949407361587e-16
  2   3   5   2  -4.2670189536922049e-16
  2   3   5   3   1.6094151931514818e-33
  2   3   5   4  -1.8654901397515041e-34
  2   3   5   5   1.5461402559664318e-18
  2   3   5   6  -9.2402191403818994e-40
  2   3   5   7   2.3581404539212712e-33
  2   3   6   0   1.7224006219199602e-16
  2   3   6   1  -3.0979385292100505e-16
  2   3   6   2   3.2166197440491052e-16
  2   3   6   3  -1.2144375292709012e-33
  2   3   6   4   7.1430752012855062e-34
  2   3   6   5  -1.1654280704023531e-18
  2   3   6   6   6.9638107716455467e-40
  2   3   6   7  -1.5600539414515978e-32
  2   3   7   0  -3.4888637152310159e-03
  2   3   7   1   6.2751285554745618e-03
  2   3   7   2  -6.5155270892778994e-03
  2   3   7   3   2.4599428125873875e-20
  2   3   7   4  -1.8210936492851143e-18
  2   3   7   5   2.3606701343419603e-05
  2   3   7   6  -1.4105784620038194e-26
  2   3   7   7   4.3848158447764484e-17
  2   4   0   0   6.4365519551402525e-18
  2   4   0   1  -5.9617391082086619e-18
  2   4   0   2   3.5815361465982913e-18
  2   4   0   3  -2.7663932244907658e-35
  2   4   0   4   3.0075070478208099e-37
  2   4   0   5  -1.7021065492124944e-20
  2   4   0   6   1.4386161625076669e-41
  2   4   0   7  -1.4558047258519943e-36
  2   4   1   0  -5.9718784199213331e-18
  2   4   1   1   1.0741109177888275e-17
  2   4   1   2  -6.4607461184883999e-18
  2   4   1   3   4.9611886540012669e-35
  2   4   1   4  -5.3562728376541224e-37
  2   4   1   5   3.0186932431277936e-20
  2   4   1   6  -2.5607929076887072e-41
  2   4   1   7   2.6634105935050494e-36
  2   4   2   0   2.3272106538127488e-18
  2   4   2   1  -4.1857599551944747e-18
  2   4   2   2   4.3461153243611507e-18
  2   4   2   3   1.6408795494737167e-35
  2   4   2   4   1.2183011699167987e-36
  2   4   2   5  -1.5746607305967556e-20
  2   4   2   6   9.4091085962128703e-42
  2   4   2   7  -9.4728016694630219e-36
  2   4   3   0   7.2633741607827981e-03
  2   4   3   1  -1.3064026091488132e-02
  2   4   3   2   1.3564505514371413e-02
  2   4   3   3   3.1731231962443269e-18
  2   4   3   4  -3.8023963250286545e-21
  2   4   3   5  -4.9146174386395298e-05
  2   4   3   6   2.9366433039520719e-26
  2   4   3   7  -2.5912363921808317e-20
  2   4   4   0  -5.3714008738604468e-03
  2   4   4   1   9.6610913344979538e-03
  2   4   4   2  -1.0031205216822679e-02
  2   4   4   3  -4.5477693547545342e-20
  2   4   4   4   2.8119431122382772e-21
  2   4   4   5   3.6344514023704267e-05
  2   4   4   6  -2.1717025893337276e-26
  2   4   4   7  -1.1321080232315426e-19
  2   4   5   0   4.7341991452271775e-18
  2   4   5   1  -8.5155057076040440e-18
  2   4   5   2   8.8487709053028017e-18
  2   4   5   3   2.7251548905666109e-34
  2   4   5   4  -2.4893118012354147e-36
  2   4   5   5  -3.2050189378800432e-20
  2   4   5   6   1.9139670657941429e-41
  2   4   5   7   8.6745120570242671e-35
  2   4   6   0  -4.4259915425618592e-17
  2   4   6   1   7.9606623193017983e-17
  2   4   6   2  -8.2656332107736625e-17
  2   4   6   3  -4.9240597859330856e-34
  2   4   6   4   2.3170187303460302e-35
  2   4   6   5   2.9947590110105652e-19
  2   4   6   6  -1.7894656382634871e-40
  2   4   6   7  -9.2607871247017587e-34
  2   4   7   0   1.2901062898916110e-01
  2   4   7   1  -2.3204067226684835e-01
  2   4   7   2   2.4093008973496149e-01
  2   4   7   3   9.1328646925035120e-19
  2   4   7   4  -6.7537418656834443e-20
  2   4   7   5  -8.7292472198851061e-04
  2   4   7   6   5.2160083302367421e-25
  2   4   7   7   2.7294009829080144e-18
  2   5   0   0  -7.0648575430764693e-02
  2   5   0   1   5.4493586252387705e-02
  2   5   0   2  -2.2864984300985311e-02
  2   5   0   3   4.4600497233911673e-19
  2   5   0   4   2.6797045048979783e-21
  2   5   0   5   1.3512034247009701e-04
  2   5   0   6  -1.3522464480971720e-25
  2   5   0   7  -3.2244224945097022e-20
  2   5   1   0   5.4967362097015096e-02
  2   5   1   1  -9.8865072147471492e-02
  2   5   1   2   4.2010129148252140e-02
  2   5   1   3  -7.9790234383349221e-19
  2   5   1   4  -4.7089495935396867e-21
  2   5   1   5  -2.3982399511307924e-04
  2   5   1   6   2.4114860033787235e-25
  2   5   1   7   5.6018640936604516e-20
  2   5   2   0  -3.0079321262045575e-02
  2   5   2   1   5.4101169660694837e-02
  2   5   2   2  -5.6173771321122987e-02
  2   5   2   3  -2.1208455298224942e-19
  2   5   2   4  -1.5746607305967556e-20
  2   5   2   5   2.0352573548401370e-04
  2   5   2   6  -1.2161322817566210e-25
  2   5   2   7   1.2243646452915657e-19
  2   5   3   0  -2.2795336687356794e-16
  2   5   3   1   4.1000168247542190e-16
  2   5   3   2  -4.2670189536922049e-16
  2   5   3   3  -4.0350856252742685e-02
  2   5   3   4   9.8292348772790596e-05
  2   5   3   5  -1.5444661399395573e-18
  2   5   3   6   2.3308561408047062e-18
  2   5   3   7  -4.7213402686839206e-05
  2   5   4   0   4.7473329918918590e-18
  2   5   4   1  -8.5387696289539226e-18
  2   5   4   2   8.8487709053028017e-18
  2   5   4   3   9.8292348772790596e-05
  2   5   4   4  -7.2689028047408534e-05
  2   5   4   5   3.2174487199123180e-20
  2   5   4   6  -5.9895180220211304e-19
  2   5   4   7   1.7458494439770212e-03
  2   5   5   0   1.5152323688892078e-04
  2   5   5   1  -2.6612080512936705e-04
  2   5   5   2   1.8534411525470898e-04
  2   5   5   3  -3.0897693378925520e-18
  2   5   5   4   6.4286825488084989e-20
  2   5   5   5  -8.0327796358585140e-07
  2   5   5   6   6.2677475969673347e-28
  2   5   5   7  -1.3708721638973036e-18
  2   5   6   0  -1.3417875895857461e-25
  2   5   6   1   2.3735193694975018e-25
  2   5   6   2  -9.0491842441709026e-26
  2   5   6   3   2.3308561408047062e-18
  2   5   6   4  -5.9895180220211304e-19
  2   5   6   5   5.5337969836702530e-28
  2   5   6   6  -4.9928328445156172e-33
  2   5   6   7   1.4298167042544624e-17
  2   5   7   0  -1.0128811773800584e-16
  2   5   7   1   1.8217845258108350e-16
  2   5   7   2  -1.8900442354653311e-16
  2   5   7   3  -4.7213402686839206e-05
  2   5   7   4   1.7458494439770212e-03
  2   5   7   5  -6.8567769884703010e-19
  2   5   7   6   1.4298167042544624e-17
  2   5   7   7  -4.2065007805617172e-02
  2   6   0   0   3.8188548969039602e-23
  2   6   0   1  -2.5319975444448011e-23
  2   6   0   2   6.1434319168062363e-24
  2   6   0   3  -2.9489100583258845e-40
  2   6   0   4  -3.7089718193465131e-42
  2   6   0   5  -5.3495858343714780e-26
  2   6   0   6   6.4522577618913311e-47
  2   6   0   7   3.5655698070432483e-41
  2   6   1   0  -2.5614391871230592e-23
  2   6   1   1   4.6070387340949793e-23
  2   6   1   2  -1.1599508194408025e-23
  2   6   1   3   5.2775286875972029e-40
  2   6   1   4   6.5988790417422522e-42
  2   6   1   5   9.4379623252531959e-26
  2   6   1   6  -1.1486103547744251e-46
  2   6   1   7  -6.2903917044351671e-41
  2   6   2   0   1.7973370057161740e-23
  2   6   2   1  -3.2327203608278234e-23
  2   6   2   2   3.3565650323861788e-23
  2   6   2   3   1.2672739923049927e-40
  2   6   2   4   9.4091085962128703e-42
  2   6   2   5  -1.2161322817566210e-25
  2   6   2   6   7.2667848280382903e-47
  2   6   2   7  -7.3159758702727937e-41
  2   6   3   0   1.7224006219199602e-16
  2   6   3   1  -3.0979385292100505e-16
  2   6   3   2   3.2166197440491052e-16
  2   6   3   3   2.4110945365829433e-23
  2   6   3   4  -5.8732866349545876e-26
  2   6   3   5  -1.1654280704023531e-18
  2   6   3   6  -6.9638107196175944e-40
  2   6   3   7   2.8211538740092643e-26
  2   6   4   0  -4.4259915425618592e-17
  2   6   4   1   7.9606623193017983e-17
  2   6   4   2  -8.2656332107736625e-17
  2   6   4   3  -5.8732866751783708e-26
  2   6   4   4   4.3434051856185114e-26
  2   6   4   5   2.9947590110105652e-19
  2   6   4   6   1.7894656421263980e-40
  2   6   4   7  -1.0432016680796637e-24
  2   6   5   0  -7.9692901314572998e-26
  2   6   5   1   1.3950595222618991e-25
  2   6   5   2  -9.0491842441709026e-26
  2   6   5   3   1.8463138755618463e-39
  2   6   5   4  -3.8407784818822041e-41
  2   6   5   5   4.0658957570760897e-28
  2   6   5   6  -3.3066231828246690e-49
  2   6   5   7   8.1909642846605807e-40
  2   6   6   0  -3.6894848403501849e-31
  2   6   6   1   6.6359690622478019e-31
  2   6   6   2  -6.8901913014937110e-31
  2   6   6   3  -1.3927621465249165e-39
  2   6   6   4   3.5789312823213405e-40
  2   6   6   5   2.4964164222578079e-33
  2   6   6   6   1.4916897819310693e-54
  2   6   6   7  -8.5436185581043596e-39
  2   6   7   0   1.0565719340315886e-15
  2   6   7   1  -1.9003679293089245e-15
  2   6   7   2   1.9731705276707043e-15
  2   6   7   3   2.8211546890909894e-26
  2   6   7   4  -1.0432016677067032e-24
  2   6   7   5  -7.1490835212723118e-18
  2   6   7   6  -4.2718092798030733e-39
  2   6   7   7   2.5135206510539984e-23
  2   7   0   0  -5.0889917120472254e-17
  2   7   0   1   4.7871306953482207e-17
  2   7   0   2  -2.9422321041762908e-17
  2   7   0   3   2.0915457785606304e-34
  2   7   0   4  -2.7797916072108453e-36
  2   7   0   5   1.3805011075736718e-19
  2   7   0   6  -1.1526687443330372e-40
  2   7   0   7   1.4751008695207375e-35
  2   7   1   0   4.7867768954864783e-17
  2   7   1   1  -8.6095682499022377e-17
  2   7   1   2   5.2912870802535520e-17
  2   7   1   3  -3.7564288785062548e-34
  2   7   1   4   4.9153842815281690e-36
  2   7   1   5  -2.4441833135633466e-19
  2   7   1   6   2.0490980484752916e-40
  2   7   1   7  -2.6545811894218386e-35
  2   7   2   0  -1.8095037180449452e-17
  2   7   2   1   3.2546036128526044e-17
  2   7   2   2  -3.3792866260728242e-17
  2   7   2   3  -1.2758525493908766e-34
  2   7   2   4  -9.4728016694630219e-36
  2   7   2   5   1.2243646452915657e-19
  2   7   2   6  -7.3159758702727937e-41
  2   7   2   7   7.3654999014003725e-35
  2   7   3   0  -3.4888637152310159e-03
  2   7   3   1   6.2751285554745618e-03
  2   7   3   2  -6.5155270892778994e-03
  2   7   3   3  -2.4298759000923875e-17
  2   7   3   4   5.7304017059205052e-20
  2   7   3   5   2.3606701343419603e-05
  2   7   3   6  -1.4105768318403697e-26
  2   7   3   7  -1.4201255899212864e-20
  2   7   4   0   1.2901062898916110e-01
  2   7   4   1  -2.3204067226684835e-01
  2   7   4   2   2.4093008973496149e-01
  2   7   4   3   9.6876405657102690e-19
  2   7   4   4   2.3809348675805186e-20
  2   7   4   5  -8.7292472198851061e-04
  2   7   4   6   5.2160083376959498e-25
  2   7   4   7   5.2513170634759873e-19
  2   7   5   0  -1.0117458818087086e-16
  2   7   5   1   1.8197816126622156e-16
  2   7   5   2  -1.8900442354653311e-16
  2   7   5   3  -2.5727439064303710e-33
  2   7   5   4  -1.4339398080860424e-35
  2   7   5   5   6.8471123125351677e-19
  2   7   5   6  -4.0904886322725229e-40
  2   7   5   7  -4.1248814580459907e-34
  2   7   6   0   1.0565719340315886e-15
  2   7   6   1  -1.9003679293089245e-15
  2   7   6   2   1.9731705276707043e-15
  2   7   6   3   8.8519123331678871e-33
  2   7   6   4   1.9280249560934581e-34
  2   7   6   5  -7.1490835212723118e-18
  2   7   6   6   4.2718092767994985e-39
  2   7   6   7   4.3007264358319334e-33
  2   7   7   0  -3.1084198778758325e+00
  2   7   7   1   5.5908559147521215e+00
  2   7   7   2  -5.8050401426496618e+00
  2   7   7   3  -2.1945381107731063e-17
  2   7   7   4  -5.7700293193260906e-19
  2   7   7   5   2.1032503902808586e-02
  2   7   7   6  -1.2567603248818902e-23
  2   7   7   7  -1.2652677126710788e-17
  3   0   0   0  -3.3972226970680212e-17
  3   0   0   1   6.7919331775419129e-18
  3   0   0   2  -9.2320710117149182e-17
  3   0   0   3  -4.4914726550647028e+00
  3   0   0   4   1.0940967248620998e-02
  3   0   0   5  -3.4362787142147806e-16
  3   0   0   6   2.5944868564226303e-16
  3   0   0   7  -5.2553459037460422e-03
  3   0   1   0   3.3894649951472108e-17
  3   0   1   1  -6.1068782906622430e-17
  3   0   1   2   1.2823549765384152e-16
  3   0   1   3   4.4812161870169831e+00
  3   0   1   4  -1.0915983086495445e-02
  3   0   1   5   3.4268570876732904e-16
  3   0   1   6  -2.5885622357944449e-16
  3   0   1   7   5.2433450987805028e-03
  3   0   2   0  -2.2553124413583081e-17
  3   0   2   1   4.0634562887371952e-17
  3   0   2   2  -1.1558111724234133e-16
  3   0   2   3  -2.9817515842368794e+00
  3   0   2   4   7.2633741607827981e-03
  3   0   2   5  -2.2795336687356794e-16
  3   0   2   6   1.7224006219199602e-16
  3   0   2   7  -3.4888637152310159e-03
  3   0   3   0   1.1441861851205135e-34
  3   0   3   1  -2.0543941495554411e-34
  3   0   3   2  -1.5901852531637012e-34
  3   0   3   3  -1.5127300801348343e-17
  3   0   3   4   3.6849228602329351e-20
  3   0   3   5  -1.1580227061365025e-33
  3   0   3   6   8.7382438047336649e-34
  3   0   3   7  -1.7700029457254928e-20
  3   0   4   0  -2.9145913591064322e-36
  3   0   4   1   5.1484172066649934e-36
  3   0   4   2  -2.7663932244907658e-35
  3   0   4   3  -3.1164005479258098e-19
  3   0   4   4  -5.3562723514643232e-20
  3   0   4   5   1.8749738811819841e-35
  3   0   4   6  -4.2682810520765959e-34
  3   0   4   7   1.3085666859891641e-18
  3   0   5   0   1.0131165753328608e-19
  3   0   5   1  -1.7772869472545490e-19
  3   0   5   2   4.4600497233911673e-19
  3   0   5   3   1.3394427743661199e-02
  3   0   5   4  -3.2628050199118157e-05
  3   0   5   5   1.0241635086880087e-18
  3   0   5   6  -7.7372544372600629e-19
  3   0   5   7   1.5672443401452296e-05
  3   0   6   0  -8.0963431782487782e-41
  3   0   6   1   1.4288664220566589e-40
  3   0   6   2  -2.9489100583258845e-40
  3   0   6   3  -1.0704186103716817e-23
  3   0   6   4   2.6074776933998998e-26
  3   0   6   5  -8.1859530364090632e-40
  3   0   6   6   6.1832436984497020e-40
  3   0   6   7  -1.2524656559486619e-26
  3   0   7   0   1.8385225242217189e-35
  3   0   7   1  -3.3161046931535115e-35
  3   0   7   2   2.0915457785606304e-34
  3   0   7   3   2.3953130204456335e-18
  3   0   7   4   1.3030964834724486e-18
  3   0   7   5  -8.4215073172509958e-34
  3   0   7   6   1.0580189484440405e-32
  3   0   7   7  -3.1537008344187147e-17
  3   1   0   0   8.8100083499332497e-17
  3   1   0   1  -6.0858076654893096e-17
  3   1   0   2   1.2809522446511767e-16
  3   1   0   3   4.4812161870169831e+00
  3   1   0   4  -1.0915983086495445e-02
  3   1   0   5   3.4268153168550797e-16
  3   1   0   6  -2.5885622357944449e-16
  3   1   0   7   5.2433450987805028e-03
  3   1   1   0  -6.0752723529028428e-17
  3   1   1   1   1.0946025664977879e-16
  3   1   1   2  -2.3039413564038237e-16
  3   1   1   3  -8.0599831755377007e+00
  3   1   1   4   1.9633652193909196e-02
  3   1   1   5  -6.1636081392882596e-16
  3   1   1   6   4.6558271680313405e-16
  3   1   1   7  -9.4307597571723113e-03
  3   1   2   0   4.0424153104286174e-17
  3   1   2   1  -7.2833705860253215e-17
  3   1   2   2   2.0762416495597486e-16
  3   1   2   3   5.3630282059720438e+00
  3   1   2   4  -1.3064026091488132e-02
  3   1   2   5   4.1000168247542190e-16
  3   1   2   6  -3.0979385292100505e-16
  3   1   2   7   6.2751285554745618e-03
  3   1   3   0  -2.0543941495554411e-34
  3   1   3   1   3.6886787977457435e-34
  3   1   3   2   2.8551885377507482e-34
  3   1   3   3   2.7161172428927804e-17
  3   1   3   4  -6.6163042903968385e-20
  3   1   3   5   2.0792377180193050e-33
  3   1   3   6  -1.5689576734352121e-33
  3   1   3   7   3.1780524390891429e-20
  3   1   4   0   5.2755445850383655e-36
  3   1   4   1  -9.3201044622932495e-36
  3   1   4   2   4.9611886540012669e-35
  3   1   4   3   5.5394934839541672e-19
  3   1   4   4   9.6185885135385265e-20
  3   1   4   5  -3.4094167129812929e-35
  3   1   4   6   7.6669642023416028e-34
  3   1   4   7  -2.3495470225800232e-18
  3   1   5   0  -1.8399431745705262e-19
  3   1   5   1   3.2286308092497683e-19
  3   1   5   2  -7.9790234383349221e-19
  3   1   5   3  -2.3773660686577967e-02
  3   1   5   4   5.7911260499020251e-05
  3   1   5   5  -1.8177546360139254e-18
  3   1   5   6   1.3732789870339173e-18
  3   1   5   7  -2.7816892120087059e-05
  3   1   6   0   1.4661227519553723e-40
  3   1   6   1  -2.5878374678303091e-40
  3   1   6   2   5.2775286875972029e-40
  3   1   6   3   1.9055250815863822e-23
  3   1   6   4  -4.6417486538232940e-26
  3   1   6   5   1.4572245312981838e-39
  3   1   6   6  -1.1007213288516718e-39
  3   1   6   7   2.2295994114006931e-26
  3   1   7   0  -3.2935673723623997e-35
  3   1   7   1   5.9406001016218835e-35
  3   1   7   2  -3.7564288785062548e-34
  3   1   7   3  -4.3107331779225264e-18
  3   1   7   4  -2.3396944867912721e-18
  3   1   7   5   1.5113270909466159e-33
  3   1   7   6  -1.8996229114920785e-32
  3   1   7   7   5.6624903343780305e-17
  3   2   0   0   1.1698204699354911e-16
  3   2   0   1  -1.3470757983429103e-16
  3   2   0   2   3.1344239531670847e-17
  3   2   0   3  -2.9817515842368794e+00
  3   2   0   4   7.2633741607827981e-03
  3   2   0   5  -2.2854017437077415e-16
  3   2   0   6   1.7224006219199602e-16
  3   2   0   7  -3.4888637152310159e-03
  3   2   1   0  -1.3477771642865297e-16
  3   2   1   1   2.4228715370000506e-16
  3   2   1   2  -5.6376272789376795e-17
  3   2   1   3   5.3630282059720438e+00
  3   2   1   4  -1.3064026091488132e-02
  3   2   1   5   4.1104949407361587e-16
  3   2   1   6  -3.0979385292100505e-16
  3   2   1   7   6.2751285554745618e-03
  3   2   2   0   1.0480691791867694e-16
  3   2   2   1  -1.8837649166205263e-16
  3   2   2   2   5.8536033055648856e-17
  3   2   2   3  -5.5684844139308174e+00
  3   2   2   4   1.3564505514371413e-02
  3   2   2   5  -4.2670189536922049e-16
  3   2   2   6   3.2166197440491052e-16
  3   2   2   7  -6.5155270892778994e-03
  3   2   3   0  -1.5901852531637012e-34
  3   2   3   1   2.8551885377507482e-34
  3   2   3   2   2.2100329231933221e-34
  3   2   3   3   2.1023860423504339e-17
  3   2   3   4  -5.1212906322331053e-20
  3   2   3   5   1.6094151931514818e-33
  3   2   3   6  -1.2144375292709012e-33
  3   2   3   7   2.4599428125873875e-20
  3   2   4   0   1.9907996743852964e-35
  3   2   4   1  -3.5627157405393438e-35
  3   2   4   2   1.6408795494737167e-35
  3   2   4   3  -1.6633809576056601e-18
  3   2   4   4   7.9548198120004727e-20
  3   2   4   5  -1.8654901397515041e-34
  3   2   4   6   7.1430752012855062e-34
  3   2   4   7  -1.8210936492851143e-18
  3   2   5   0  -4.3420627347018118e-19
  3   2   5   1   7.7381505345743982e-19
  3   2   5   2  -2.1208455298224942e-19
  3   2   5   3   2.0175428126371343e-02
  3   2   5   4  -4.9146174386395298e-05
  3   2   5   5   1.5461402559664318e-18
  3   2   5   6  -1.1654280704023531e-18
  3   2   5   7   2.3606701343419603e-05
  3   2   6   0   3.1622946955605515e-40
  3   2   6   1  -5.6434027038368219e-40
  3   2   6   2   1.2672739923049927e-40
  3   2   6   3  -1.2055472684736373e-23
  3   2   6   4   2.9366433843996382e-26
  3   2   6   5  -9.2402191403818994e-40
  3   2   6   6   6.9638107716455467e-40
  3   2   6   7  -1.4105784620038194e-26
  3   2   7   0  -1.4290485454164817e-34
  3   2   7   1   2.5679546245958063e-34
  3   2   7   2  -1.2758525493908766e-34
  3   2   7   3   1.2186278642650748e-17
  3   2   7   4  -1.8488324429454517e-18
  3   2   7   5   2.3581404539212712e-33
  3   2   7   6  -1.5600539414515978e-32
  3   2   7   7   4.3848158447764484e-17
  3   3   0   0   8.9829453101294057e+00
  3   3   0   1  -8.9624323740339662e+00
  3   3   0   2   5.9635031684737587e+00
  3   3   0   3  -1.5127300801348343e-17
  3   3   0   4   7.3382779539214996e-19
  3   3   0   5  -2.6788855487322398e-02
  3   3   0   6   2.1408372210055106e-23
  3   3   0   7  -4.8437261292630317e-18
  3   3   1   0  -8.9624323740339662e+00
  3   3   1   1   1.6119966351075401e+01
  3   3   1   2  -1.0726056411944088e+01
  3   3   1   3   2.7161172428927804e-17
  3   3   1   4  -1.3063878255027386e-18
  3   3   1   5   4.7547321373155933e-02
  3   3   1   6  -3.8110501636434517e-23
  3   3   1   7   8.7168079290177276e-18
  3   3   2   0   5.9635031684737587e+00
  3   3   2   1  -1.0726056411944088e+01
  3   3   2   2   1.1136968827861635e+01
  3   3   2   3   2.1023860423504339e-17
  3   3   2   4   3.1731231962443269e-18
  3   3   2   5  -4.0350856252742685e-02
  3   3   2   6   2.4110945365829433e-23
  3   3   2   7  -2.4298759000923875e-17
  3   3   3   0  -1.5127300801348343e-17
  3   3   3   1   2.7161172428927804e-17
  3   3   3   2   2.1023860423504339e-17
  3   3   3   3   1.9999824548691938e+00
  3   3   3   4  -4.8718414241854602e-03
  3   3   3   5   1.5310233630091593e-16
  3   3   3   6  -1.1552843779161869e-16
  3   3   3   7   2.3401232533184282e-03
  3   3   4   0   7.3382779539214996e-19
  3   3   4   1  -1.3063878255027386e-18
  3   3   4   2   3.1731231962443269e-18
  3   3   4   3  -4.8718414241854602e-03
  3   3   4   4   7.1937679576864382e-03
  3   3   4   5  -6.0059407367978260e-18
  3   3   4   6   5.9092441929788245e-17
  3   3   4   7  -1.7305968561469434e-01
  3   3   5   0  -2.6788855487322398e-02
  3   3   5   1   4.7547321373155933e-02
  3   3   5   2  -4.0350856252742685e-02
  3   3   5   3   1.5310233630091593e-16
  3   3   5   4  -6.0059407367978260e-18
  3   3   5   5   1.5925727310389453e-04
  3   3   5   6  -1.0971262582064788e-25
  3   3   5   7   1.3576279405293033e-16
  3   3   6   0   2.1408372210055106e-23
  3   3   6   1  -3.8110501636434517e-23
  3   3   6   2   2.4110945365829433e-23
  3   3   6   3  -1.1552843779161869e-16
  3   3   6   4   5.9092441929788245e-17
  3   3   6   5  -1.0971262582064788e-25
  3   3   6   6   4.8826413710238048e-31
  3   3   6   7  -1.4172366404049757e-15
  3   3   7   0  -4.8437261292630317e-18
  3   3   7   1   8.7168079290177276e-18
  3   3   7   2  -2.4298759000923875e-17
  3   3   7   3   2.3401232533184282e-03
  3   3   7   4  -1.7305968561469434e-01
  3   3   7   5   1.3576279405293033e-16
  3   3   7   6  -1.4172366404049757e-15
  3   3   7   7   4.1698853578533885e+00
  3   4   0   0  -2.1881934497241996e-02
  3   4   0   1   2.1831966172990890e-02
  3   4   0   2  -1.4526748321565596e-02
  3   4   0   3  -3.1164005479258098e-19
  3   4   0   4  -9.3866229701746111e-22
  3   4   0   5   6.5256100398236315e-05
  3   4   0   6  -5.2149554743913181e-26
  3   4   0   7   1.1391278794912470e-20
  3   4   1   0   2.1831966172990890e-02
  3   4   1   1  -3.9267304387818391e-02
  3   4   1   2   2.6128052182976265e-02
  3   4   1   3   5.5394934839541672e-19
  3   4   1   4   1.6717272097126637e-21
  3   4   1   5  -1.1582252099804050e-04
  3   4   1   6   9.2834974649501228e-26
  3   4   1   7  -2.0508063172678601e-20
  3   4   2   0  -1.4526748321565596e-02
  3   4   2   1   2.6128052182976265e-02
  3   4   2   2  -2.7129011028742826e-02
  3   4   2   3  -1.6633809576056601e-18
  3   4   2   4  -3.8023963250286545e-21
  3   4   2   5   9.8292348772790596e-05
  3   4   2   6  -5.8732866349545876e-26
  3   4   2   7   5.7304017059205052e-20
  3   4   3   0   3.6849228602329351e-20
  3   4   3   1  -6.6163042903968385e-20
  3   4   3   2  -5.1212906322331053e-20
  3   4   3   3  -4.8718414241854602e-03
  3   4   3   4   1.1867523539831134e-05
  3   4   3   5  -3.7294842377962741e-19
  3   4   3   6   2.8142058323279270e-19
  3   4   3   7  -5.7004047087813136e-06
  3   4   4   0   2.5373368311795423e-20
  3   4   4   1  -4.5585351753123639e-20
  3   4   4   2  -4.5477693547545342e-20
  3   4   4   3  -3.5790826935334723e-03
  3   4   4   4  -8.7762553465286898e-06
  3   4   4   5  -2.6026372163125482e-19
  3   4   4   6   6.3484488079892083e-20
  3   4   4   7   4.1736170089766710e-04
  3   4   5   0   6.5256100398236315e-05
  3   4   5   1  -1.1582252099804050e-04
  3   4   5   2   9.8292348772790596e-05
  3   4   5   3   2.4435477327294720e-18
  3   4   5   4   7.7693022699095134e-21
  3   4   5   5  -3.8794149334730811e-07
  3   4   5   6   2.6725343942017184e-28
  3   4   5   7  -3.2741480015849659e-19
  3   4   6   0  -5.2149554541628614e-26
  3   4   6   1   9.2834974285974274e-26
  3   4   6   2  -5.8732866751783708e-26
  3   4   6   3  -2.9124090090044931e-17
  3   4   6   4  -7.2315645119933519e-20
  3   4   6   5   2.6725135106836008e-28
  3   4   6   6   5.0921809788356775e-34
  3   4   6   7   3.4178998103977045e-18
  3   4   7   0  -6.4266662731892883e-19
  3   4   7   1   1.1538639523197446e-18
  3   4   7   2   9.6876405657102690e-19
  3   4   7   3   8.6521292200283997e-02
  3   4   7   4   2.1078862833252214e-04
  3   4   7   5   6.2930901650381842e-18
  3   4   7   6  -1.5459016164547203e-18
  3   4   7   7  -1.0056356416574328e-02
  3   5   0   0   6.8755967781555603e-16
  3   5   0   1  -6.8590878070065557e-16
  3   5   0   2   4.5665794116694703e-16
  3   5   0   3   1.3394427743661199e-02
  3   5   0   4  -3.2628050199118157e-05
  3   5   0   5  -1.0253680855927610e-18
  3   5   0   6  -7.7372544372600629e-19
  3   5   0   7   1.5672443401452296e-05
  3   5   1   0  -6.8591086924156603e-16
  3   5   1   1   1.2336902171004269e-15
  3   5   1   2  -8.2134926038415037e-16
  3   5   1   3  -2.3773660686577967e-02
  3   5   1   4   5.7911260499020251e-05
  3   5   1   5   1.8199174621151266e-18
  3   5   1   6   1.3732789870339173e-18
  3   5   1   7  -2.7816892120087059e-05
  3   5   2   0   4.5636453741834398e-16
  3   5   2   1  -8.2082535458505336e-16
  3   5   2   2   8.5276753707949424e-16
  3   5   2   3   2.0175428126371343e-02
  3   5   2   4  -4.9146174386395298e-05
  3   5   2   5  -1.5444661399395573e-18
  3   5   2   6  -1.1654280704023531e-18
  3   5   2   7   2.3606701343419603e-05
  3   5   3   0  -1.1580227061365025e-33
  3   5   3   1   2.0792377180193050e-33
  3   5   3   2   1.6094151931514818e-33
  3   5   3   3   1.5310233630091593e-16
  3   5   3   4  -3.7294842377962741e-19
  3   5   3   5   1.1720265507195085e-32
  3   5   3   6  -8.8439144513638700e-33
  3   5   3   7   1.7914074018143537e-19
  3   5   4   0   3.4872688598808550e-35
  3   5   4   1  -6.1756386985537127e-35
  3   5   4   2   2.7251548905666109e-34
  3   5   4   3   2.4435477327294720e-18
  3   5   4   4   5.4383535007223817e-19
  3   5   4   5  -2.4415785026295930e-34
  3   5   4   6   4.3609410147248668e-33
  3   5   4   7  -1.3244741809845269e-17
  3   5   5   0  -2.0501338827331459e-18
  3   5   5   1   3.6387535111796526e-18
  3   5   5   2  -3.0897693378925520e-18
  3   5   5   3  -7.9628636551947265e-05
  3   5   5   4   1.9397074667365405e-07
  3   5   5   5   6.0957186213701034e-21
  3   5   5   6   4.5997263435617121e-21
  3   5   5   7  -9.3171229363330049e-08
  3   5   6   0   1.6384353602211988e-39
  3   5   6   1  -2.9166840250435387e-39
  3   5   6   2   1.8463138755618463e-39
  3   5   6   3   5.4856299644452257e-26
  3   5   6   4  -1.3362226665037563e-28
  3   5   6   5  -4.1993520113085074e-42
  3   5   6   6  -3.1687222319710222e-42
  3   5   6   7   6.4077332544639988e-29
  3   5   7   0   1.4196202882712199e-34
  3   5   7   1  -2.5337313976584385e-34
  3   5   7   2  -2.5727439064303710e-33
  3   5   7   3  -6.7612685916193003e-17
  3   5   7   4  -1.3082900349491976e-17
  3   5   7   5   5.2033026008354235e-33
  3   5   7   6  -1.0457609585494635e-31
  3   5   7   7   3.1913307419796128e-16
  3   6   0   0  -5.1889737128452607e-16
  3   6   0   1   5.1771244715888899e-16
  3   6   0   2  -3.4448012438399203e-16
  3   6   0   3  -1.0704186103716817e-23
  3   6   0   4   2.6074777338568131e-26
  3   6   0   5   1.5474508874520126e-18
  3   6   0   6  -6.1832437358853802e-40
  3   6   0   7  -1.2524666999266630e-26
  3   6   1   0   5.1771244715888899e-16
  3   6   1   1  -9.3116543360626810e-16
  3   6   1   2   6.1958770584201011e-16
  3   6   1   3   1.9055250815863822e-23
  3   6   1   4  -4.6417487265286849e-26
  3   6   1   5  -2.7465579740678346e-18
  3   6   1   6   1.1007213355732736e-39
  3   6   1   7   2.2296012857556139e-26
  3   6   2   0  -3.4448012438399203e-16
  3   6   2   1   6.1958770584201011e-16
  3   6   2   2  -6.4332394880982105e-16
  3   6   2   3  -1.2055472684736373e-23
  3   6   2   4   2.9366433039520719e-26
  3   6   2   5   2.3308561408047062e-18
  3   6   2   6  -6.9638107196175944e-40
  3   6   2   7  -1.4105768318403697e-26
  3   6   3   0   8.7382438047336649e-34
  3   6   3   1  -1.5689576734352121e-33
  3   6   3   2  -1.2144375292709012e-33
  3   6   3   3  -1.1552843779161869e-16
  3   6   3   4   2.8142058323279270e-19
  3   6   3   5  -8.8439144513638700e-33
  3   6   3   6   6.6734685127249487e-33
  3   6   3   7  -1.3517657769322799e-19
  3   6   4   0   1.8002559246738852e-34
  3   6   4   1  -3.2388444186107530e-34
  3   6   4   2  -4.9240597859330856e-34
  3   6   4   3  -2.9124090090044931e-17
  3   6   4   4  -3.4391591151958472e-19
  3   6   4   5  -1.9041144206728121e-33
  3   6   4   6  -1.7148574391449598e-33
  3   6   4   7   9.9623386975038248e-18
  3   6   5   0   1.5474508874520126e-18
  3   6   5   1  -2.7465579740678346e-18
  3   6   5   2   2.3308561408047062e-18
  3   6   5   3   5.4856299644452257e-26
  3   6   5   4  -1.3362644335399925e-28
  3   6   5   5  -9.1994526871234243e-21
  3   6   5   6   3.1687601203552718e-42
  3   6   5   7   6.4177982316211742e-29
  3   6   6   0  -1.2366487453052921e-39
  3   6   6   1   2.2014426677857463e-39
  3   6   6   2  -1.3927621465249165e-39
  3   6   6   3  -2.3412186578210279e-31
  3   6   6   4  -2.8268952076592235e-33
  3   6   6   5   6.3375012965184185e-42
  3   6   6   6  -1.4294967498796671e-47
  3   6   6   7   8.1584537848671652e-32
  3   6   7   0  -5.0794805310096612e-33
  3   6   7   1   9.1190946986448575e-33
  3   6   7   2   8.8519123331678871e-33
  3   6   7   3   7.0841555533594795e-16
  3   6   7   4   8.2707567142044595e-18
  3   6   7   5   4.6398561502686462e-32
  3   6   7   6   4.0937047069391780e-32
  3   6   7   7  -2.4004322835444026e-16
  3   7   0   0   1.0510691807492084e-02
  3   7   0   1  -1.0486690197561006e-02
  3   7   0   2   6.9777274304620319e-03
  3   7   0   3   2.3953130204456335e-18
  3   7   0   4  -5.0193287552339959e-21
  3   7   0   5  -3.1344886802904591e-05
  3   7   0   6   2.5049334419761682e-26
  3   7   0   7  -2.8441090497106090e-21
  3   7   1   0  -1.0486690197561006e-02
  3   7   1   1   1.8861519514344623e-02
  3   7   1   2  -1.2550257110949124e-02
  3   7   1   3  -4.3107331779225264e-18
  3   7   1   4   9.0495441935745185e-21
  3   7   1   5   5.5633784240174117e-05
  3   7   1   6  -4.4592026473152000e-26
  3   7   1   7   5.1182387184675607e-21
  3   7   2   0   6.9777274304620319e-03
  3   7   2   1  -1.2550257110949124e-02
  3   7   2   2   1.3031054178555799e-02
  3   7   2   3   1.2186278642650748e-17
  3   7   2   4  -2.5912363921808317e-20
  3   7   2   5  -4.7213402686839206e-05
  3   7   2   6   2.8211538740092643e-26
  3   7   2   7  -1.4201255899212864e-20
  3   7   3   0  -1.7700029457254928e-20
  3   7   3   1   3.1780524390891429e-20
  3   7   3   2   2.4599428125873875e-20
  3   7   3   3   2.3401232533184282e-03
  3   7   3   4  -5.7004047087813136e-06
  3   7   3   5   1.7914074018143537e-19
  3   7   3   6  -1.3517657769322799e-19
  3   7   3   7   2.7381124406312787e-06
  3   7   4   0  -6.5360703235235975e-19
  3   7   4   1   1.1735690238972467e-18
  3   7   4   2   9.1328646925035120e-19
  3   7   4   3   8.6521292200283997e-02
  3   7   4   4  -2.0235751679776782e-04
  3   7   4   5   6.6167730857447717e-18
  3   7   4   6  -4.9290655830534502e-18
  3   7   4   7  -1.0124947175974687e-04
  3   7   5   0  -3.1344886802904591e-05
  3   7   5   1   5.5633784240174117e-05
  3   7   5   2  -4.7213402686839206e-05
  3   7   5   3  -6.7612685916193003e-17
  3   7   5   4   1.5810958090138538e-19
  3   7   5   5   1.8634245872666010e-07
  3   7   5   6  -1.2836774360527307e-28
  3   7   5   7   7.9530918367797530e-20
  3   7   6   0   2.5049329199871675e-26
  3   7   6   1  -4.4592017101377396e-26
  3   7   6   2   2.8211546890909894e-26
  3   7   6   3   7.0841555533594795e-16
  3   7   6   4  -1.6568461395003904e-18
  3   7   6   5  -1.2831741871948717e-28
  3   7   6   6  -4.0357934489167969e-32
  3   7   6   7  -8.2921346120915536e-19
  3   7   7   0   1.5764238008519006e-17
  3   7   7   1  -2.8304774313812450e-17
  3   7   7   2  -2.1945381107731063e-17
  3   7   7   3  -2.0849385717580335e+00
  3   7   7   4   4.8763040006475434e-03
  3   7   7   5  -1.5944724072142894e-16
  3   7   7   6   1.1877779398540641e-16
  3   7   7   7   2.4395344252516340e-03
  4   0   0   0   8.6537628635953240e-19
  4   0   0   1  -1.8559313228745109e-19
  4   0   0   2  -2.3565306288912556e-18
  4   0   0   3   1.0940967248620998e-02
  4   0   0   4  -8.0910496608352749e-03
  4   0   0   5   7.1575529598512379e-18
  4   0   0   6  -6.6669604839170161e-17
  4   0   0   7   1.9433131699527978e-01
  4   0   1   0  -8.6340016295593287e-19
  4   0   1   1   1.5681613881307364e-18
  4   0   1   2   1.4309199755539117e-18
  4   0   1   3  -1.0915983086495445e-02
  4   0   1   4   8.0725734062319452e-03
  4   0   1   5  -7.1371970448858950e-18
  4   0   1   6   6.6517361972676031e-17
  4   0   1   7  -1.9388755320186432e-01
  4   0   2   0   5.7449689911924700e-19
  4   0   2   1  -1.0434390307462838e-18
  4   0   2   2  -1.8144033175833582e-19
  4   0   2   3   7.2633741607827981e-03
  4   0   2   4  -5.3714008738604468e-03
  4   0   2   5   4.7473329918918590e-18
  4   0   2   6  -4.4259915425618592e-17
  4   0   2   7   1.2901062898916110e-01
  4   0   3   0  -2.9145913591064322e-36
  4   0   3   1   5.2755445850383655e-36
  4   0   3   2   1.9907996743852964e-35
  4   0   3   3   7.3382779539214996e-19
  4   0   3   4   2.5373368311795423e-20
  4   0   3   5   3.4872688598808550e-35
  4   0   3   6   1.8002559246738852e-34
  4   0   3   7  -6.5360703235235975e-19
  4   0   4   0   7.4243535720396282e-38
  4   0   4   1  -1.3222533727350908e-37
  4   0   4   2   3.0075070478208099e-37
  4   0   4   3  -9.3866229701746111e-22
  4   0   4   4   6.9415830313167560e-22
  4   0   4   5  -6.1451330519122027e-37
  4   0   4   6   5.7198091354737885e-36
  4   0   4   7  -1.6672335840892760e-20
  4   0   5   0  -2.5807170674077363e-21
  4   0   5   1   4.5648137209768835e-21
  4   0   5   2   2.6797045048979783e-21
  4   0   5   3  -3.2628050199118157e-05
  4   0   5   4   2.4129052623803920e-05
  4   0   5   5  -2.1329895624127696e-20
  4   0   5   6   1.9882147199755030e-19
  4   0   5   7  -5.7953303598289355e-04
  4   0   6   0   2.0623856654237392e-42
  4   0   6   1  -3.6697442057388054e-42
  4   0   6   2  -3.7089718193465131e-42
  4   0   6   3   2.6074777338568131e-26
  4   0   6   4  -1.9282784947848590e-26
  4   0   6   5   1.7049215493901291e-41
  4   0   6   6  -1.5888861230029328e-40
  4   0   6   7   4.6313508770119825e-25
  4   0   7   0  -4.6832778898259196e-37
  4   0   7   1   8.5152216140938176e-37
  4   0   7   2  -2.7797916072108453e-36
  4   0   7   3  -5.0193287552339959e-21
  4   0   7   4  -2.8965925166615777e-20
  4   0   7   5   2.2315714873068914e-35
  4   0   7   6  -2.3700584655511983e-34
  4   0   7   7   6.9824728812177153e-19
  4   1   0   0  -2.2190142242928965e-18
  4   1   0   1   1.5376877817187230e-18
  4   1   0   2   1.4511985989792537e-18
  4   1   0   3  -1.0915983086495445e-02
  4   1   0   4   8.0725734062319452e-03
  4   1   0   5  -7.1371656849287931e-18
  4   1   0   6   6.6517361972676031e-17
  4   1   0   7  -1.9388755320186432e-01
  4   1   1   0   1.5224509785127163e-18
  4   1   1   1  -2.7657084890905363e-18
  4   1   1   2  -2.6101444900422831e-18
  4   1   1   3   1.9633652193909196e-02
  4   1   1   4  -1.4519452559782509e-02
  4   1   1   5   1.2837232164366996e-17
  4   1   1   6  -1.1963913277252656e-16
  4   1   1   7   3.4872908414478038e-01
  4   1   2   0  -1.0130210956082708e-18
  4   1   2   1   1.8402733992679027e-18
  4   1   2   2   3.6421237139337636e-19
  4   1   2   3  -1.3064026091488132e-02
  4   1   2   4   9.6610913344979538e-03
  4   1   2   5  -8.5387696289539226e-18
  4   1   2   6   7.9606623193017983e-17
  4   1   2   7  -2.3204067226684835e-01
  4   1   3   0   5.1484172066649934e-36
  4   1   3   1  -9.3201044622932495e-36
  4   1   3   2  -3.5627157405393438e-35
  4   1   3   3  -1.3063878255027386e-18
  4   1   3   4  -4.5585351753123639e-20
  4   1   3   5  -6.1756386985537127e-35
  4   1   3   6  -3.2388444186107530e-34
  4   1   3   7   1.1735690238972467e-18
  4   1   4   0  -1.3222533727350908e-37
  4   1   4   1   2.3548905163860788e-37
  4   1   4   2  -5.3562728376541224e-37
  4   1   4   3   1.6717272097126637e-21
  4   1   4   4  -1.2362734999375463e-21
  4   1   4   5   1.0944283330467200e-36
  4   1   4   6  -1.0186795183440426e-35
  4   1   4   7   2.9692891216839424e-20
  4   1   5   0   4.6118536566277502e-21
  4   1   5   1  -8.1577112191974538e-21
  4   1   5   2  -4.7089495935396867e-21
  4   1   5   3   5.7911260499020251e-05
  4   1   5   4  -4.2826458938372087e-05
  4   1   5   5   3.7858071550498639e-20
  4   1   5   6  -3.5288661097989811e-19
  4   1   5   7   1.0286084644892601e-03
  4   1   6   0  -3.6746912056259110e-42
  4   1   6   1   6.5386326254144658e-42
  4   1   6   2   6.5988790417422522e-42
  4   1   6   3  -4.6417487265286849e-26
  4   1   6   4   3.4326598963227273e-26
  4   1   6   5  -3.0350452933691076e-41
  4   1   6   6   2.8284844170625747e-40
  4   1   6   7  -8.2445831679992345e-25
  4   1   7   0   8.2535390025454608e-37
  4   1   7   1  -1.5009985024898943e-36
  4   1   7   2   4.9153842815281690e-36
  4   1   7   3   9.0495441935745185e-21
  4   1   7   4   5.1505820884884838e-20
  4   1   7   5  -3.9671368675994545e-35
  4   1   7   6   4.2142774056414456e-34
  4   1   7   7  -1.2415970440836888e-18
  4   2   0   0   6.4365519551402525e-18
  4   2   0   1  -5.9718784199213331e-18
  4   2   0   2   2.3272106538127488e-18
  4   2   0   3   7.2633741607827981e-03
  4   2   0   4  -5.3714008738604468e-03
  4   2   0   5   4.7341991452271775e-18
  4   2   0   6  -4.4259915425618592e-17
  4   2   0   7   1.2901062898916110e-01
  4   2   1   0  -5.9617391082086619e-18
  4   2   1   1   1.0741109177888275e-17
  4   2   1   2  -4.1857599551944747e-18
  4   2   1   3  -1.3064026091488132e-02
  4   2   1   4   9.6610913344979538e-03
  4   2   1   5  -8.5155057076040440e-18
  4   2   1   6   7.9606623193017983e-17
  4   2   1   7  -2.3204067226684835e-01
  4   2   2   0   3.5815361465982913e-18
  4   2   2   1  -6.4607461184883999e-18
  4   2   2   2   4.3461153243611507e-18
  4   2   2   3   1.3564505514371413e-02
  4   2   2   4  -1.0031205216822679e-02
  4   2   2   5   8.8487709053028017e-18
  4   2   2   6  -8.2656332107736625e-17
  4   2   2   7   2.4093008973496149e-01
  4   2   3   0  -2.7663932244907658e-35
  4   2   3   1   4.9611886540012669e-35
  4   2   3   2   1.6408795494737167e-35
  4   2   3   3   3.1731231962443269e-18
  4   2   3   4  -4.5477693547545342e-20
  4   2   3   5   2.7251548905666109e-34
  4   2   3   6  -4.9240597859330856e-34
  4   2   3   7   9.1328646925035120e-19
  4   2   4   0   3.0075070478208099e-37
  4   2   4   1  -5.3562728376541224e-37
  4   2   4   2   1.2183011699167987e-36
  4   2   4   3  -3.8023963250286545e-21
  4   2   4   4   2.8119431122382772e-21
  4   2   4   5  -2.4893118012354147e-36
  4   2   4   6   2.3170187303460302e-35
  4   2   4   7  -6.7537418656834443e-20
  4   2   5   0  -1.7021065492124944e-20
  4   2   5   1   3.0186932431277936e-20
  4   2   5   2  -1.5746607305967556e-20
  4   2   5   3  -4.9146174386395298e-05
  4   2   5   4   3.6344514023704267e-05
  4   2   5   5  -3.2050189378800432e-20
  4   2   5   6   2.9947590110105652e-19
  4   2   5   7  -8.7292472198851061e-04
  4   2   6   0   1.4386161625076669e-41
  4   2   6   1  -2.5607929076887072e-41
  4   2   6   2   9.4091085962128703e-42
  4   2   6   3   2.9366433039520719e-26
  4   2   6   4  -2.1717025893337276e-26
  4   2   6   5   1.9139670657941429e-41
  4   2   6   6  -1.7894656382634871e-40
  4   2   6   7   5.2160083302367421e-25
  4   2   7   0  -1.4558047258519943e-36
  4   2   7   1   2.6634105935050494e-36
  4   2   7   2  -9.4728016694630219e-36
  4   2   7   3  -2.5912363921808317e-20
  4   2   7   4  -1.1321080232315426e-19
  4   2   7   5   8.6745120570242671e-35
  4   2   7   6  -9.2607871247017587e-34
  4   2   7   7   2.7294009829080144e-18
  4   3   0   0  -2.1881934497241996e-02
  4   3   0   1   2.1831966172990890e-02
  4   3   0   2  -1.4526748321565596e-02
  4   3   0   3   3.6849228602329351e-20
  4   3   0   4   2.5373368311795423e-20
  4   3   0   5   6.5256100398236315e-05
  4   3   0   6  -5.2149554541628614e-26
  4   3   0   7  -6.4266662731892883e-19
  4   3   1   0   2.1831966172990890e-02
  4   3   1   1  -3.9267304387818391e-02
  4   3   1   2   2.6128052182976265e-02
  4   3   1   3  -6.6163042903968385e-20
  4   3   1   4  -4.5585351753123639e-20
  4   3   1   5  -1.1582252099804050e-04
  4   3   1   6   9.2834974285974274e-26
  4   3   1   7   1.1538639523197446e-18
  4   3   2   0  -1.4526748321565596e-02
  4   3   2   1   2.6128052182976265e-02
  4   3   2   2  -2.7129011028742826e-02
  4   3   2   3  -5.1212906322331053e-20
  4   3   2   4  -4.5477693547545342e-20
  4   3   2   5   9.8292348772790596e-05
  4   3   2   6  -5.8732866751783708e-26
  4   3   2   7   9.6876405657102690e-19
  4   3   3   0  -3.1164005479258098e-19
  4   3   3   1   5.5394934839541672e-19
  4   3   3   2  -1.6633809576056601e-18
  4   3   3   3  -4.8718414241854602e-03
  4   3   3   4  -3.5790826935334723e-03
  4   3   3   5   2.4435477327294720e-18
  4   3   3   6  -2.9124090090044931e-17
  4   3   3   7   8.6521292200283997e-02
  4   3   4   0  -9.3866229701746111e-22
  4   3   4   1   1.6717272097126637e-21
  4   3   4   2  -3.8023963250286545e-21
  4   3   4   3   1.1867523539831134e-05
  4   3   4   4  -8.7762553465286898e-06
  4   3   4   5   7.7693022699095134e-21
  4   3   4   6  -7.2315645119933519e-20
  4   3   4   7   2.1078862833252214e-04
  4   3   5   0   6.5256100398236315e-05
  4   3   5   1  -1.1582252099804050e-04
  4   3   5   2   9.8292348772790596e-05
  4   3   5   3  -3.7294842377962741e-19
  4   3   5   4  -2.6026372163125482e-19
  4   3   5   5  -3.8794149334730811e-07
  4   3   5   6   2.6725135106836008e-28
  4   3   5   7   6.2930901650381842e-18
  4   3   6   0  -5.2149554743913181e-26
  4   3   6   1   9.2834974649501228e-26
  4   3   6   2  -5.8732866349545876e-26
  4   3   6   3   2.8142058323279270e-19
  4   3   6   4   6.3484488079892083e-20
  4   3   6   5   2.6725343942017184e-28
  4   3   6   6   5.0921809788356775e-34
  4   3   6   7  -1.5459016164547203e-18
  4   3   7   0   1.1391278794912470e-20
  4   3   7   1  -2.0508063172678601e-20
  4   3   7   2   5.7304017059205052e-20
  4   3   7   3  -5.7004047087813136e-06
  4   3   7   4   4.1736170089766710e-04
  4   3   7   5  -3.2741480015849659e-19
  4   3   7   6   3.4178998103977045e-18
  4   3   7   7  -1.0056356416574328e-02
  4   4   0   0   1.6182099321670550e-02
  4   4   0   1  -1.6145146812463890e-02
  4   4   0   2   1.0742801747720894e-02
  4   4   0   3  -5.3562723514643232e-20
  4   4   0   4   6.9415830313167560e-22
  4   4   0   5  -4.8258105247607841e-05
  4   4   0   6   3.8565569912856609e-26
  4   4   0   7   7.9148428105532763e-21
  4   4   1   0  -1.6145146812463890e-02
  4   4   1   1   2.9038905119565018e-02
  4   4   1   2  -1.9322182668995908e-02
  4   4   1   3   9.6185885135385265e-20
  4   4   1   4  -1.2362734999375463e-21
  4   4   1   5   8.5652917876744174e-05
  4   4   1   6  -6.8653197957014930e-26
  4   4   1   7  -1.3932968119251401e-20
  4   4   2   0   1.0742801747720894e-02
  4   4   2   1  -1.9322182668995908e-02
  4   4   2   2   2.0062410433645358e-02
  4   4   2   3   7.9548198120004727e-20
  4   4   2   4   2.8119431122382772e-21
  4   4   2   5  -7.2689028047408534e-05
  4   4   2   6   4.3434051856185114e-26
  4   4   2   7   2.3809348675805186e-20
  4   4   3   0  -5.3562723514643232e-20
  4   4   3   1   9.6185885135385265e-20
  4   4   3   2   7.9548198120004727e-20
  4   4   3   3   7.1937679576864382e-03
  4   4   3   4  -8.7762553465286898e-06
  4   4   3   5   5.4383535007223817e-19
  4   4   3   6  -3.4391591151958472e-19
  4   4   3   7  -2.0235751679776782e-04
  4   4   4   0   6.9415830313167560e-22
  4   4   4   1  -1.2362734999375463e-21
  4   4   4   2   2.8119431122382772e-21
  4   4   4   3  -8.7762553465286898e-06
  4   4   4   4   6.4902047717842066e-06
  4   4   4   5  -5.7455441614452524e-21
  4   4   4   6   5.3478770443670736e-20
  4   4   4   7  -1.5588212824535673e-04
  4   4   5   0  -4.8258105247607841e-05
  4   4   5   1   8.5652917876744174e-05
  4   4   5   2  -7.2689028047408534e-05
  4   4   5   3   5.4383535007223817e-19
  4   4   5   4  -5.7455441614452524e-21
  4   4   5   5   2.8688998119131460e-07
  4   4   5   6  -1.9763899972808670e-28
  4   4   5   7   1.0689233053411876e-19
  4   4   6   0   3.8565569912856609e-26
  4   4   6   1  -6.8653197957014930e-26
  4   4   6   2   4.3434051856185114e-26
  4   4   6   3  -3.4391591151958472e-19
  4   4   6   4   5.3478770443670736e-20
  4   4   6   5  -1.9763899972808670e-28
  4   4   6   6   4.5093200511946093e-34
  4   4   6   7  -1.2688322401390594e-18
  4   4   7   0   7.9148428105532763e-21
  4   4   7   1  -1.3932968119251401e-20
  4   4   7   2   2.3809348675805186e-20
  4   4   7   3  -2.0235751679776782e-04
  4   4   7   4  -1.5588212824535673e-04
  4   4   7   5   1.0689233053411876e-19
  4   4   7   6  -1.2688322401390594e-18
  4   4   7   7   3.7677529773623968e-03
  4   5   0   0  -1.4322848070904698e-17
  4   5   0   1   1.4288119890891819e-17
  4   5   0   2  -9.4997607169337069e-18
  4   5   0   3  -3.2628050199118157e-05
  4   5   0   4   2.4129052623803920e-05
  4   5   0   5   2.1360579873628576e-20
  4   5   0   6   1.9882147199755030e-19
  4   5   0   7  -5.7953303598289355e-04
  4   5   1   0   1.4288135570870371e-17
  4   5   1   1  -2.5698937462391584e-17
  4   5   1   2   1.7086676330477104e-17
  4   5   1   3   5.7911260499020251e-05
  4   5   1   4  -4.2826458938372087e-05
  4   5   1   5  -3.7912719207023491e-20
  4   5   1   6  -3.5288661097989811e-19
  4   5   1   7   1.0286084644892601e-03
  4   5   2   0  -9.5063276402660476e-18
  4   5   2   1   1.7098308291152043e-17
  4   5   2   2  -1.7744781632523505e-17
  4   5   2   3  -4.9146174386395298e-05
  4   5   2   4   3.6344514023704267e-05
  4   5   2   5   3.2174487199123180e-20
  4   5   2   6   2.9947590110105652e-19
  4   5   2   7  -8.7292472198851061e-04
  4   5   3   0   1.8749738811819841e-35
  4   5   3   1  -3.4094167129812929e-35
  4   5   3   2  -1.8654901397515041e-34
  4   5   3   3  -6.0059407367978260e-18
  4   5   3   4  -2.6026372163125482e-19
  4   5   3   5  -2.4415785026295930e-34
  4   5   3   6  -1.9041144206728121e-33
  4   5   3   7   6.6167730857447717e-18
  4   5   4   0  -6.1451330519122027e-37
  4   5   4   1   1.0944283330467200e-36
  4   5   4   2  -2.4893118012354147e-36
  4   5   4   3   7.7693022699095134e-21
  4   5   4   4  -5.7455441614452524e-21
  4   5   4   5   5.0863229854676183e-36
  4   5   4   6  -4.7342826318780993e-35
  4   5   4   7   1.3799682495496278e-19
  4   5   5   0   4.2705817622506711e-20
  4   5   5   1  -7.5798114585784559e-20
  4   5   5   2   6.4286825488084989e-20
  4   5   5   3   1.9397074667365405e-07
  4   5   5   4  -1.4344499059565730e-07
  4   5   5   5  -1.2698667564211190e-22
  4   5   5   6  -1.1819752986392717e-21
  4   5   5   7   3.4452704046253327e-06
  4   5   6   0  -3.4130138643501773e-41
  4   5   6   1   6.0757376177265654e-41
  4   5   6   2  -3.8407784818822041e-41
  4   5   6   3  -1.3362644335399925e-28
  4   5   6   4   9.8819428849803861e-29
  4   5   6   5   8.7481359440968612e-44
  4   5   6   6   8.1426421471242583e-43
  4   5   6   7  -2.3734509946181801e-27
  4   5   7   0  -5.3433379353802465e-36
  4   5   7   1   9.3719157834405177e-36
  4   5   7   2  -1.4339398080860424e-35
  4   5   7   3   1.5810958090138538e-19
  4   5   7   4   1.5354907216538479e-19
  4   5   7   5  -1.0839576769892503e-34
  4   5   7   6   1.2514006896890391e-33
  4   5   7   7  -3.7089906037576947e-18
  4   6   0   0   1.3333920967834032e-16
  4   6   0   1  -1.3303472394535206e-16
  4   6   0   2   8.8519830851237185e-17
  4   6   0   3   2.6074776933998998e-26
  4   6   0   4  -1.9282784947848590e-26
  4   6   0   5  -3.9764294399510060e-19
  4   6   0   6   1.5888861239565338e-40
  4   6   0   7   4.6313508790212357e-25
  4   6   1   0  -1.3303472394535206e-16
  4   6   1   1   2.3927826554505312e-16
  4   6   1   2  -1.5921324638603597e-16
  4   6   1   3  -4.6417486538232940e-26
  4   6   1   4   3.4326598963227273e-26
  4   6   1   5   7.0577322195979621e-19
  4   6   1   6  -2.8284844187609071e-40
  4   6   1   7  -8.2445831715642095e-25
  4   6   2   0   8.8519830851237185e-17
  4   6   2   1  -1.5921324638603597e-16
  4   6   2   2   1.6531266421547325e-16
  4   6   2   3   2.9366433843996382e-26
  4   6   2   4  -2.1717025893337276e-26
  4   6   2   5  -5.9895180220211304e-19
  4   6   2   6   1.7894656421263980e-40
  4   6   2   7   5.2160083376959498e-25
  4   6   3   0  -4.2682810520765959e-34
  4   6   3   1   7.6669642023416028e-34
  4   6   3   2   7.1430752012855062e-34
  4   6   3   3   5.9092441929788245e-17
  4   6   3   4   6.3484488079892083e-20
  4   6   3   5   4.3609410147248668e-33
  4   6   3   6  -1.7148574391449598e-33
  4   6   3   7  -4.9290655830534502e-18
  4   6   4   0   5.7198091354737885e-36
  4   6   4   1  -1.0186795183440426e-35
  4   6   4   2   2.3170187303460302e-35
  4   6   4   3  -7.2315645119933519e-20
  4   6   4   4   5.3478770443670736e-20
  4   6   4   5  -4.7342826318780993e-35
  4   6   4   6   4.4066080944016199e-34
  4   6   4   7  -1.2844563223869650e-18
  4   6   5   0  -3.9764294399510060e-19
  4   6   5   1   7.0577322195979621e-19
  4   6   5   2  -5.9895180220211304e-19
  4   6   5   3  -1.3362226665037563e-28
  4   6   5   4   9.8819428849803861e-29
  4   6   5   5   2.3639505972785434e-21
  4   6   5   6  -8.1426500400738182e-43
  4   6   5   7  -2.3734512370853006e-27
  4   6   6   0   3.1777722474362674e-40
  4   6   6   1  -5.6569688366726478e-40
  4   6   6   2   3.5789312823213405e-40
  4   6   6   3  -2.8268952076592235e-33
  4   6   6   4   4.3552521160051252e-34
  4   6   6   5  -1.6285296133672855e-42
  4   6   6   6   3.6733268930398029e-48
  4   6   6   7  -1.0331729512200658e-32
  4   6   7   0   6.4382139430994781e-35
  4   6   7   1  -1.1331848687176008e-34
  4   6   7   2   1.9280249560934581e-34
  4   6   7   3  -1.6568461395003904e-18
  4   6   7   4  -1.2922683635109178e-18
  4   6   7   5   8.8770000896411960e-34
  4   6   7   6  -1.0519447206458598e-32
  4   6   7   7   3.1233614545174868e-17
  4   7   0   0  -3.8866263399055956e-01
  4   7   0   1   3.8777510640372864e-01
  4   7   0   2  -2.5802125797832220e-01
  4   7   0   3   1.3030964834724486e-18
  4   7   0   4  -2.8965925166615777e-20
  4   7   0   5   1.1590660719657871e-03
  4   7   0   6  -9.2627017591248867e-25
  4   7   0   7   1.0516899694737294e-19
  4   7   1   0   3.8777510640372864e-01
  4   7   1   1  -6.9745816828956075e-01
  4   7   1   2   4.6408134453369670e-01
  4   7   1   3  -2.3396944867912721e-18
  4   7   1   4   5.1505820884884838e-20
  4   7   1   5  -2.0572169289785201e-03
  4   7   1   6   1.6489166345076327e-24
  4   7   1   7  -1.8926139003467934e-19
  4   7   2   0  -2.5802125797832220e-01
  4   7   2   1   4.6408134453369670e-01
  4   7   2   2  -4.8186017946992299e-01
  4   7   2   3  -1.8488324429454517e-18
  4   7   2   4  -1.1321080232315426e-19
  4   7   2   5   1.7458494439770212e-03
  4   7   2   6  -1.0432016680796637e-24
  4   7   2   7   5.2513170634759873e-19
  4   7   3   0   1.3085666859891641e-18
  4   7   3   1  -2.3495470225800232e-18
  4   7   3   2  -1.8210936492851143e-18
  4   7   3   3  -1.7305968561469434e-01
  4   7   3   4   4.1736170089766710e-04
  4   7   3   5  -1.3244741809845269e-17
  4   7   3   6   9.9623386975038248e-18
  4   7   3   7  -1.0124947175974687e-04
  4   7   4   0  -1.6672335840892760e-20
  4   7   4   1   2.9692891216839424e-20
  4   7   4   2  -6.7537418656834443e-20
  4   7   4   3   2.1078862833252214e-04
  4   7   4   4  -1.5588212824535673e-04
  4   7   4   5   1.3799682495496278e-19
  4   7   4   6  -1.2844563223869650e-18
  4   7   4   7   3.7439863241205242e-03
  4   7   5   0   1.1590660719657871e-03
  4   7   5   1  -2.0572169289785201e-03
  4   7   5   2   1.7458494439770212e-03
  4   7   5   3  -1.3082900349491976e-17
  4   7   5   4   1.5354907216538479e-19
  4   7   5   5  -6.8905408092506655e-06
  4   7   5   6   4.7469055009713086e-27
  4   7   5   7  -2.9408812267222063e-18
  4   7   6   0  -9.2627017581202597e-25
  4   7   6   1   1.6489166343293840e-24
  4   7   6   2  -1.0432016677067032e-24
  4   7   6   3   8.2707567142044595e-18
  4   7   6   4  -1.2922683635109178e-18
  4   7   6   5   4.7469053797377484e-27
  4   7   6   6  -1.0894882594974479e-32
  4   7   6   7   3.0662519068845010e-17
  4   7   7   0  -1.9137014863982637e-19
  4   7   7   1   3.3690643698982535e-19
  4   7   7   2  -5.7700293193260906e-19
  4   7   7   3   4.8763040006475434e-03
  4   7   7   4   3.7321029974995879e-03
  4   7   7   5  -2.5568265382044619e-18
  4   7   7   6   3.0376971330680080e-17
  4   7   7   7  -9.0208702985001887e-02
  5   0   0   0  -3.0080616854625864e-02
  5   0   0   1   6.6340111757450110e-03
  5   0   0   2   5.3698828299502330e-03
  5   0   0   3  -3.4362787142147806e-16
  5   0   0   4   7.1575529598512379e-18
  5   0   0   5   5.8577790235740646e-07
  5   0   0   6  -2.0183799780303223e-26
  5   0   0   7  -1.5261365150249474e-16
  5   0   1   0   3.0011926491949989e-02
  5   0   1   1  -5.4691885501336010e-02
  5   0   1   2   2.6629699852946609e-02
  5   0   1   3   3.4268153168550797e-16
  5   0   1   4  -7.1371656849287931e-18
  5   0   1   5  -1.4001924106329819e-04
  5   0   1   6   1.3232383245715496e-25
  5   0   1   7   1.5223904403134649e-16
  5   0   2   0  -1.9969603256954741e-02
  5   0   2   1   3.6391437830721032e-02
  5   0   2   2  -4.4507995184166108e-02
  5   0   2   3  -2.2854017437077415e-16
  5   0   2   4   4.7341991452271775e-18
  5   0   2   5   1.5152323688892078e-04
  5   0   2   6  -7.9692901314572998e-26
  5   0   2   7  -1.0117458818087086e-16
  5   0   3   0   1.0131165753328608e-19
  5   0   3   1  -1.8399431745705262e-19
  5   0   3   2  -4.3420627347018118e-19
  5   0   3   3  -2.6788855487322398e-02
  5   0   3   4   6.5256100398236315e-05
  5   0   3   5  -2.0501338827331459e-18
  5   0   3   6   1.5474508874520126e-18
  5   0   3   7  -3.1344886802904591e-05
  5   0   4   0  -2.5807170674077363e-21
  5   0   4   1   4.6118536566277502e-21
  5   0   4   2  -1.7021065492124944e-20
  5   0   4   3   6.5256100398236315e-05
  5   0   4   4  -4.8258105247607841e-05
  5   0   4   5   4.2705817622506711e-20
  5   0   4   6  -3.9764294399510060e-19
  5   0   4   7   1.1590660719657871e-03
  5   0   5   0   8.9706134243010125e-05
  5   0   5   1  -1.5921868689068786e-04
  5   0   5   2   1.3512034247009701e-04
  5   0   5   3  -1.0253680855927610e-18
  5   0   5   4   2.1360579873628576e-20
  5   0   5   5  -5.3329468767318509e-07
  5   0   5   6   3.6738771232802947e-28
  5   0   5   7  -4.5522009917805228e-19
  5   0   6   0  -7.1688852567320798e-26
  5   0   6   1   1.2799645889111932e-25
  5   0   6   2  -5.3495858343714780e-26
  5   0   6   3   1.5474508874520126e-18
  5   0   6   4  -3.9764294399510060e-19
  5   0   6   5   3.0859181344423897e-28
  5   0   6   6  -3.3147320767200430e-33
  5   0   6   7   9.4925254680385809e-18
  5   0   7   0   1.6279148163422795e-20
  5   0   7   1  -2.9697954488785750e-20
  5   0   7   2   1.3805011075736718e-19
  5   0   7   3  -3.1344886802904591e-05
  5   0   7   4   1.1590660719657871e-03
  5   0   7   5  -9.1034342032293374e-19
  5   0   7   6   9.4925254680385809e-18
  5   0   7   7  -2.7926877390642049e-02
  5   1   0   0   7.6767757124359945e-02
  5   1   0   1  -5.3267923843017040e-02
  5   1   0   2   2.5682148163691826e-02
  5   1   0   3   3.4268570876732904e-16
  5   1   0   4  -7.1371970448858950e-18
  5   1   0   5  -1.4001924106329819e-04
  5   1   0   6   1.3156733398555766e-25
  5   1   0   7   1.5223984825837559e-16
  5   1   1   0  -5.2555943013857555e-02
  5   1   1   1   9.5808493063651815e-02
  5   1   1   2  -4.6192412418373824e-02
  5   1   1   3  -6.1636081392882596e-16
  5   1   1   4   1.2837232164366996e-17
  5   1   1   5   2.4428635000867463e-04
  5   1   1   6  -2.3194460463272658e-25
  5   1   1   7  -2.7382083594513413e-16
  5   1   2   0   3.4970110296838858e-02
  5   1   2   1  -6.3749965661406380e-02
  5   1   2   2   7.8283250685580230e-02
  5   1   2   3   4.1104949407361587e-16
  5   1   2   4  -8.5155057076040440e-18
  5   1   2   5  -2.6612080512936705e-04
  5   1   2   6   1.3950595222618991e-25
  5   1   2   7   1.8197816126622156e-16
  5   1   3   0  -1.7772869472545490e-19
  5   1   3   1   3.2286308092497683e-19
  5   1   3   2   7.7381505345743982e-19
  5   1   3   3   4.7547321373155933e-02
  5   1   3   4  -1.1582252099804050e-04
  5   1   3   5   3.6387535111796526e-18
  5   1   3   6  -2.7465579740678346e-18
  5   1   3   7   5.5633784240174117e-05
  5   1   4   0   4.5648137209768835e-21
  5   1   4   1  -8.1577112191974538e-21
  5   1   4   2   3.0186932431277936e-20
  5   1   4   3  -1.1582252099804050e-04
  5   1   4   4   8.5652917876744174e-05
  5   1   4   5  -7.5798114585784559e-20
  5   1   4   6   7.0577322195979621e-19
  5   1   4   7  -2.0572169289785201e-03
  5   1   5   0  -1.5921868689068786e-04
  5   1   5   1   2.8259595031172814e-04
  5   1   5   2  -2.3982399511307924e-04
  5   1   5   3   1.8199174621151266e-18
  5   1   5   4  -3.7912719207023491e-20
  5   1   5   5   9.4654039674795409e-07
  5   1   5   6  -6.5207345774350481e-28
  5   1   5   7   8.0796644565057459e-19
  5   1   6   0   1.2686171118372336e-25
  5   1   6   1  -2.2650852069510427e-25
  5   1   6   2   9.4379623252531959e-26
  5   1   6   3  -2.7465579740678346e-18
  5   1   6   4   7.0577322195979621e-19
  5   1   6   5  -5.4546843899421230e-28
  5   1   6   6   5.8832909600151620e-33
  5   1   6   7  -1.6848206123822374e-17
  5   1   7   0  -2.8491613945129279e-20
  5   1   7   1   5.1996949491102779e-20
  5   1   7   2  -2.4441833135633466e-19
  5   1   7   3   5.5633784240174117e-05
  5   1   7   4  -2.0572169289785201e-03
  5   1   7   5   1.6157587302307351e-18
  5   1   7   6  -1.6848206123822374e-17
  5   1   7   7   4.9567187178637513e-02
  5   2   0   0  -7.0648575430764693e-02
  5   2   0   1   5.4967362097015096e-02
  5   2   0   2  -3.0079321262045575e-02
  5   2   0   3  -2.2795336687356794e-16
  5   2   0   4   4.7473329918918590e-18
  5   2   0   5   1.5152323688892078e-04
  5   2   0   6  -1.3417875895857461e-25
  5   2   0   7  -1.0128811773800584e-16
  5   2   1   0   5.4493586252387705e-02
  5   2   1   1  -9.8865072147471492e-02
  5   2   1   2   5.4101169660694837e-02
  5   2   1   3   4.1000168247542190e-16
  5   2   1   4  -8.5387696289539226e-18
  5   2   1   5  -2.6612080512936705e-04
  5   2   1   6   2.3735193694975018e-25
  5   2   1   7   1.8217845258108350e-16
  5   2   2   0  -2.2864984300985311e-02
  5   2   2   1   4.2010129148252140e-02
  5   2   2   2  -5.6173771321122987e-02
  5   2   2   3  -4.2670189536922049e-16
  5   2   2   4   8.8487709053028017e-18
  5   2   2   5   1.8534411525470898e-04
  5   2   2   6  -9.0491842441709026e-26
  5   2   2   7  -1.8900442354653311e-16
  5   2   3   0   4.4600497233911673e-19
  5   2   3   1  -7.9790234383349221e-19
  5   2   3   2  -2.1208455298224942e-19
  5   2   3   3  -4.0350856252742685e-02
  5   2   3   4   9.8292348772790596e-05
  5   2   3   5  -3.0897693378925520e-18
  5   2   3   6   2.3308561408047062e-18
  5   2   3   7  -4.7213402686839206e-05
  5   2   4   0   2.6797045048979783e-21
  5   2   4   1  -4.7089495935396867e-21
  5   2   4   2  -1.5746607305967556e-20
  5   2   4   3   9.8292348772790596e-05
  5   2   4   4  -7.2689028047408534e-05
  5   2   4   5   6.4286825488084989e-20
  5   2   4   6  -5.9895180220211304e-19
  5   2   4   7   1.7458494439770212e-03
  5   2   5   0   1.3512034247009701e-04
  5   2   5   1  -2.3982399511307924e-04
  5   2   5   2   2.0352573548401370e-04
  5   2   5   3  -1.5444661399395573e-18
  5   2   5   4   3.2174487199123180e-20
  5   2   5   5  -8.0327796358585140e-07
  5   2   5   6   5.5337969836702530e-28
  5   2   5   7  -6.8567769884703010e-19
  5   2   6   0  -1.3522464480971720e-25
  5   2   6   1   2.4114860033787235e-25
  5   2   6   2  -1.2161322817566210e-25
  5   2   6   3   2.3308561408047062e-18
  5   2   6   4  -5.9895180220211304e-19
  5   2   6   5   6.2677475969673347e-28
  5   2   6   6  -4.9928328445156172e-33
  5   2   6   7   1.4298167042544624e-17
  5   2   7   0  -3.2244224945097022e-20
  5   2   7   1   5.6018640936604516e-20
  5   2   7   2   1.2243646452915657e-19
  5   2   7   3  -4.7213402686839206e-05
  5   2   7   4   1.7458494439770212e-03
  5   2   7   5  -1.3708721638973036e-18
  5   2   7   6   1.4298167042544624e-17
  5   2   7   7  -4.2065007805617172e-02
  5   3   0   0   6.8755967781555603e-16
  5   3   0   1  -6.8591086924156603e-16
  5   3   0   2   4.5636453741834398e-16
  5   3   0   3  -1.1580227061365025e-33
  5   3   0   4   3.4872688598808550e-35
  5   3   0   5  -2.0501338827331459e-18
  5   3   0   6   1.6384353602211988e-39
  5   3   0   7   1.4196202882712199e-34
  5   3   1   0  -6.8590878070065557e-16
  5   3   1   1   1.2336902171004269e-15
  5   3   1   2  -8.2082535458505336e-16
  5   3   1   3   2.0792377180193050e-33
  5   3   1   4  -6.1756386985537127e-35
  5   3   1   5   3.6387535111796526e-18
  5   3   1   6  -2.9166840250435387e-39
  5   3   1   7  -2.5337313976584385e-34
  5   3   2   0   4.5665794116694703e-16
  5   3   2   1  -8.2134926038415037e-16
  5   3   2   2   8.5276753707949424e-16
  5   3   2   3   1.6094151931514818e-33
  5   3   2   4   2.7251548905666109e-34
  5   3   2   5  -3.0897693378925520e-18
  5   3   2   6   1.8463138755618463e-39
  5   3   2   7  -2.5727439064303710e-33
  5   3   3   0   1.3394427743661199e-02
  5   3   3   1  -2.3773660686577967e-02
  5   3   3   2   2.0175428126371343e-02
  5   3   3   3   1.5310233630091593e-16
  5   3   3   4   2.4435477327294720e-18
  5   3   3   5  -7.9628636551947265e-05
  5   3   3   6   5.4856299644452257e-26
  5   3   3   7  -6.7612685916193003e-17
  5   3   4   0  -3.2628050199118157e-05
  5   3   4   1   5.7911260499020251e-05
  5   3   4   2  -4.9146174386395298e-05
  5   3   4   3  -3.7294842377962741e-19
  5   3   4   4   5.4383535007223817e-19
  5   3   4   5   1.9397074667365405e-07
  5   3   4   6  -1.3362226665037563e-28
  5   3   4   7  -1.3082900349491976e-17
  5   3   5   0  -1.0253680855927610e-18
  5   3   5   1   1.8199174621151266e-18
  5   3   5   2  -1.5444661399395573e-18
  5   3   5   3   1.1720265507195085e-32
  5   3   5   4  -2.4415785026295930e-34
  5   3   5   5   6.0957186213701034e-21
  5   3   5   6  -4.1993520113085074e-42
  5   3   5   7   5.2033026008354235e-33
  5   3   6   0  -7.7372544372600629e-19
  5   3   6   1   1.3732789870339173e-18
  5   3   6   2  -1.1654280704023531e-18
  5   3   6   3  -8.8439144513638700e-33
  5   3   6   4   4.3609410147248668e-33
  5   3   6   5   4.5997263435617121e-21
  5   3   6   6  -3.1687222319710222e-42
  5   3   6   7  -1.0457609585494635e-31
  5   3   7   0   1.5672443401452296e-05
  5   3   7   1  -2.7816892120087059e-05
  5   3   7   2   2.3606701343419603e-05
  5   3   7   3   1.7914074018143537e-19
  5   3   7   4  -1.3244741809845269e-17
  5   3   7   5  -9.3171229363330049e-08
  5   3   7   6   6.4077332544639988e-29
  5   3   7   7   3.1913307419796128e-16
  5   4   0   0  -1.4322848070904698e-17
  5   4   0   1   1.4288135570870371e-17
  5   4   0   2  -9.5063276402660476e-18
  5   4   0   3   1.8749738811819841e-35
  5   4   0   4  -6.1451330519122027e-37
  5   4   0   5   4.2705817622506711e-20
  5   4   0   6  -3.4130138643501773e-41
  5   4   0   7  -5.3433379353802465e-36
  5   4   1   0   1.4288119890891819e-17
  5   4   1   1  -2.5698937462391584e-17
  5   4   1   2   1.7098308291152043e-17
  5   4   1   3  -3.4094167129812929e-35
  5   4   1   4   1.0944283330467200e-36
  5   4   1   5  -7.5798114585784559e-20
  5   4   1   6   6.0757376177265654e-41
  5   4   1   7   9.3719157834405177e-36
  5   4   2   0  -9.4997607169337069e-18
  5   4   2   1   1.7086676330477104e-17
  5   4   2   2  -1.7744781632523505e-17
  5   4   2   3  -1.8654901397515041e-34
  5   4   2   4  -2.4893118012354147e-36
  5   4   2   5   6.4286825488084989e-20
  5   4   2   6  -3.8407784818822041e-41
  5   4   2   7  -1.4339398080860424e-35
  5   4   3   0  -3.2628050199118157e-05
  5   4   3   1   5.7911260499020251e-05
  5   4   3   2  -4.9146174386395298e-05
  5   4   3   3  -6.0059407367978260e-18
  5   4   3   4   7.7693022699095134e-21
  5   4   3   5   1.9397074667365405e-07
  5   4   3   6  -1.3362644335399925e-28
  5   4   3   7   1.5810958090138538e-19
  5   4   4   0   2.4129052623803920e-05
  5   4   4   1  -4.2826458938372087e-05
  5   4   4   2   3.6344514023704267e-05
  5   4   4   3  -2.6026372163125482e-19
  5   4   4   4  -5.7455441614452524e-21
  5   4   4   5  -1.4344499059565730e-07
  5   4   4   6   9.8819428849803861e-29
  5   4   4   7   1.5354907216538479e-19
  5   4   5   0   2.1360579873628576e-20
  5   4   5   1  -3.7912719207023491e-20
  5   4   5   2   3.2174487199123180e-20
  5   4   5   3  -2.4415785026295930e-34
  5   4   5   4   5.0863229854676183e-36
  5   4   5   5  -1.2698667564211190e-22
  5   4   5   6   8.7481359440968612e-44
  5   4   5   7  -1.0839576769892503e-34
  5   4   6   0   1.9882147199755030e-19
  5   4   6   1  -3.5288661097989811e-19
  5   4   6   2   2.9947590110105652e-19
  5   4   6   3  -1.9041144206728121e-33
  5   4   6   4  -4.7342826318780993e-35
  5   4   6   5  -1.1819752986392717e-21
  5   4   6   6   8.1426421471242583e-43
  5   4   6   7   1.2514006896890391e-33
  5   4   7   0  -5.7953303598289355e-04
  5   4   7   1   1.0286084644892601e-03
  5   4   7   2  -8.7292472198851061e-04
  5   4   7   3   6.6167730857447717e-18
  5   4   7   4   1.3799682495496278e-19
  5   4   7   5   3.4452704046253327e-06
  5   4   7   6  -2.3734509946181801e-27
  5   4   7   7  -3.7089906037576947e-18
  5   5   0   0   2.6794684692431554e-04
  5   5   0   1  -1.9761757854546721e-04
  5   5   0   2   1.0231455363244945e-04
  5   5   0   3   1.0241635086880087e-18
  5   5   0   4  -2.1329895624127696e-20
  5   5   0   5  -5.3329468767318509e-07
  5   5   0   6   4.8497951009561051e-28
  5   5   0   7   4.5502654311171055e-19
  5   5   1   0  -1.9761757854546721e-04
  5   5   1   1   3.5921515091783516e-04
  5   5   1   2  -1.8723037508050358e-04
  5   5   1   3  -1.8177546360139254e-18
  5   5   1   4   3.7858071550498639e-20
  5   5   1   5   9.4654039674795409e-07
  5   5   1   6  -8.6528349524208992e-28
  5   5   1   7  -8.0761812350974627e-19
  5   5   2   0   1.0231455363244945e-04
  5   5   2   1  -1.8723037508050358e-04
  5   5   2   2   2.3988897594262313e-04
  5   5   2   3   1.5461402559664318e-18
  5   5   2   4  -3.2050189378800432e-20
  5   5   2   5  -8.0327796358585140e-07
  5   5   2   6   4.0658957570760897e-28
  5   5   2   7   6.8471123125351677e-19
  5   5   3   0   1.0241635086880087e-18
  5   5   3   1  -1.8177546360139254e-18
  5   5   3   2   1.5461402559664318e-18
  5   5   3   3   1.5925727310389453e-04
  5   5   3   4  -3.8794149334730811e-07
  5   5   3   5   6.0957186213701034e-21
  5   5   3   6  -9.1994526871234243e-21
  5   5   3   7   1.8634245872666010e-07
  5   5   4   0  -2.1329895624127696e-20
  5   5   4   1   3.7858071550498639e-20
  5   5   4   2  -3.2050189378800432e-20
  5   5   4   3  -3.8794149334730811e-07
  5   5   4   4   2.8688998119131460e-07
  5   5   4   5  -1.2698667564211190e-22
  5   5   4   6   2.3639505972785434e-21
  5   5   4   7  -6.8905408092506655e-06
  5   5   5   0  -5.3329468767318509e-07
  5   5   5   1   9.4654039674795409e-07
  5   5   5   2  -8.0327796358585140e-07
  5   5   5   3   6.0957186213701034e-21
  5   5   5   4  -1.2698667564211190e-22
  5   5   5   5   3.1703876919944368e-09
  5   5   5   6  -2.1840860377528632e-30
  5   5   5   7   2.7062414701325957e-21
  5   5   6   0   4.8497951009561051e-28
  5   5   6   1  -8.6528349524208992e-28
  5   5   6   2   4.0658957570760897e-28
  5   5   6   3  -9.1994526871234243e-21
  5   5   6   4   2.3639505972785434e-21
  5   5   6   5  -2.1840860377528632e-30
  5   5   6   6   1.9705776226918885e-35
  5   5   6   7  -5.6432187691800391e-20
  5   5   7   0   4.5502654311171055e-19
  5   5   7   1  -8.0761812350974627e-19
  5   5   7   2   6.8471123125351677e-19
  5   5   7   3   1.8634245872666010e-07
  5   5   7   4  -6.8905408092506655e-06
  5   5   7   5   2.7062414701325957e-21
  5   5   7   6  -5.6432187691800391e-20
  5   5   7   7   1.6602270827304391e-04
  5   6   0   0  -1.7469895814135595e-25
  5   6   0   1   1.1858521328745072e-25
  5   6   0   2  -5.5587630045999966e-26
  5   6   0   3  -8.1859530364090632e-40
  5   6   0   4   1.7049215493901291e-41
  5   6   0   5   3.0859181344423897e-28
  5   6   0   6  -2.9359869050629155e-49
  5   6   0   7  -3.6365679262556831e-40
  5   6   1   0   1.1820696405165207e-25
  5   6   1   1  -2.1563635281985964e-25
  5   6   1   2   1.0197295002877634e-25
  5   6   1   3   1.4572245312981838e-39
  5   6   1   4  -3.0350452933691076e-41
  5   6   1   5  -5.4546843899421230e-28
  5   6   1   6   5.2265502791210056e-49
  5   6   1   7   6.4736763747851573e-40
  5   6   2   0  -8.2830558868000777e-26
  5   6   2   1   1.5089594239055648e-25
  5   6   2   2  -1.8385599964356823e-25
  5   6   2   3  -9.2402191403818994e-40
  5   6   2   4   1.9139670657941429e-41
  5   6   2   5   6.2677475969673347e-28
  5   6   2   6  -3.3066231828246690e-49
  5   6   2   7  -4.0904886322725229e-40
  5   6   3   0  -7.7372544372600629e-19
  5   6   3   1   1.3732789870339173e-18
  5   6   3   2  -1.1654280704023531e-18
  5   6   3   3  -1.0971262582064788e-25
  5   6   3   4   2.6725343942017184e-28
  5   6   3   5   4.5997263435617121e-21
  5   6   3   6   3.1687601203552718e-42
  5   6   3   7  -1.2836774360527307e-28
  5   6   4   0   1.9882147199755030e-19
  5   6   4   1  -3.5288661097989811e-19
  5   6   4   2   2.9947590110105652e-19
  5   6   4   3   2.6725135106836008e-28
  5   6   4   4  -1.9763899972808670e-28
  5   6   4   5  -1.1819752986392717e-21
  5   6   4   6  -8.1426500400738182e-43
  5   6   4   7   4.7469055009713086e-27
  5   6   5   0   3.6738771232802947e-28
  5   6   5   1  -6.5207345774350481e-28
  5   6   5   2   5.5337969836702530e-28
  5   6   5   3  -4.1993520113085074e-42
  5   6   5   4   8.7481359440968612e-44
  5   6   5   5  -2.1840860377528632e-30
  5   6   5   6   1.5046209750158758e-51
  5   6   5   7  -1.8643348334430628e-42
  5   6   6   0   1.6573660383600208e-33
  5   6   6   1  -2.9416454800075803e-33
  5   6   6   2   2.4964164222578079e-33
  5   6   6   3   6.3375012965184185e-42
  5   6   6   4  -1.6285296133672855e-42
  5   6   6   5  -9.8528881134594409e-36
  5   6   6   6  -6.7876731336319110e-57
  5   6   6   7   3.8876231719055033e-41
  5   6   7   0  -4.7462627340192905e-18
  5   6   7   1   8.4241030619111872e-18
  5   6   7   2  -7.1490835212723118e-18
  5   6   7   3  -1.2831741871948717e-28
  5   6   7   4   4.7469053797377484e-27
  5   6   7   5   2.8216093845900196e-20
  5   6   7   6   1.9438120064737889e-41
  5   6   7   7  -1.1437333157869986e-25
  5   7   0   0   3.0527614044947974e-16
  5   7   0   1  -3.0456637769913018e-16
  5   7   0   2   2.0264979713687886e-16
  5   7   0   3  -8.4215073172509958e-34
  5   7   0   4   2.2315714873068914e-35
  5   7   0   5  -9.1034342032293374e-19
  5   7   0   6   7.2751359695779006e-40
  5   7   0   7  -8.2609684432644747e-35
  5   7   1   0  -3.0456597558561565e-16
  5   7   1   1   5.4779766273874163e-16
  5   7   1   2  -3.6448928621165013e-16
  5   7   1   3   1.5113270909466159e-33
  5   7   1   4  -3.9671368675994545e-35
  5   7   1   5   1.6157587302307351e-18
  5   7   1   6  -1.2950952146229329e-39
  5   7   1   7   1.4866380929612076e-34
  5   7   2   0   2.0259303235831136e-16
  5   7   2   1  -3.6438914055421916e-16
  5   7   2   2   3.7837615648665369e-16
  5   7   2   3   2.3581404539212712e-33
  5   7   2   4   8.6745120570242671e-35
  5   7   2   5  -1.3708721638973036e-18
  5   7   2   6   8.1909642846605807e-40
  5   7   2   7  -4.1248814580459907e-34
  5   7   3   0   1.5672443401452296e-05
  5   7   3   1  -2.7816892120087059e-05
  5   7   3   2   2.3606701343419603e-05
  5   7   3   3   1.3576279405293033e-16
  5   7   3   4  -3.2741480015849659e-19
  5   7   3   5  -9.3171229363330049e-08
  5   7   3   6   6.4177982316211742e-29
  5   7   3   7   7.9530918367797530e-20
  5   7   4   0  -5.7953303598289355e-04
  5   7   4   1   1.0286084644892601e-03
  5   7   4   2  -8.7292472198851061e-04
  5   7   4   3   6.2930901650381842e-18
  5   7   4   4   1.0689233053411876e-19
  5   7   4   5   3.4452704046253327e-06
  5   7   4   6  -2.3734512370853006e-27
  5   7   4   7  -2.9408812267222063e-18
  5   7   5   0  -4.5522009917805228e-19
  5   7   5   1   8.0796644565057459e-19
  5   7   5   2  -6.8567769884703010e-19
  5   7   5   3   5.2033026008354235e-33
  5   7   5   4  -1.0839576769892503e-34
  5   7   5   5   2.7062414701325957e-21
  5   7   5   6  -1.8643348334430628e-42
  5   7   5   7   2.3100464694455685e-33
  5   7   6   0  -4.7462627340192905e-18
  5   7   6   1   8.4241030619111872e-18
  5   7   6   2  -7.1490835212723118e-18
  5   7   6   3   4.6398561502686462e-32
  5   7   6   4   8.8770000896411960e-34
  5   7   6   5   2.8216093845900196e-20
  5   7   6   6  -1.9438103243896401e-41
  5   7   6   7  -2.4085244679615741e-32
  5   7   7   0   1.3963438695321025e-02
  5   7   7   1  -2.4783593589318757e-02
  5   7   7   2   2.1032503902808586e-02
  5   7   7   3  -1.5944724072142894e-16
  5   7   7   4  -2.5568265382044619e-18
  5   7   7   5  -8.3011354136521955e-05
  5   7   7   6   5.7186629661482911e-26
  5   7   7   7   7.0858453564963222e-17
  6   0   0   0   2.4038990477324779e-23
  6   0   0   1  -5.1747484459960382e-24
  6   0   0   2   4.8438534227241886e-24
  6   0   0   3   2.5944868564226303e-16
  6   0   0   4  -6.6669604839170161e-17
  6   0   0   5  -2.0183799780303223e-26
  6   0   0   6  -5.5575455578904963e-31
  6   0   0   7   1.5915356513598505e-15
  6   0   1   0  -2.3984096424379341e-23
  6   0   1   1   4.3580593022581010e-23
  6   0   1   2  -3.0395528989297289e-23
  6   0   1   3  -2.5885622357944449e-16
  6   0   1   4   6.6517361972676031e-17
  6   0   1   5   1.3156733398555766e-25
  6   0   1   6   5.5448546672148122e-31
  6   0   1   7  -1.5879013122892181e-15
  6   0   2   0   1.5958751938162660e-23
  6   0   2   1  -2.8998094234463445e-23
  6   0   2   2   4.1633246337872748e-23
  6   0   2   3   1.7224006219199602e-16
  6   0   2   4  -4.4259915425618592e-17
  6   0   2   5  -1.3417875895857461e-25
  6   0   2   6  -3.6894848403501849e-31
  6   0   2   7   1.0565719340315886e-15
  6   0   3   0  -8.0963431782487782e-41
  6   0   3   1   1.4661227519553723e-40
  6   0   3   2   3.1622946955605515e-40
  6   0   3   3   2.1408372210055106e-23
  6   0   3   4  -5.2149554541628614e-26
  6   0   3   5   1.6384353602211988e-39
  6   0   3   6  -1.2366487453052921e-39
  6   0   3   7   2.5049329199871675e-26
  6   0   4   0   2.0623856654237392e-42
  6   0   4   1  -3.6746912056259110e-42
  6   0   4   2   1.4386161625076669e-41
  6   0   4   3  -5.2149554743913181e-26
  6   0   4   4   3.8565569912856609e-26
  6   0   4   5  -3.4130138643501773e-41
  6   0   4   6   3.1777722474362674e-40
  6   0   4   7  -9.2627017581202597e-25
  6   0   5   0  -7.1688852567320798e-26
  6   0   5   1   1.2686171118372336e-25
  6   0   5   2  -1.3522464480971720e-25
  6   0   5   3  -7.7372544372600629e-19
  6   0   5   4   1.9882147199755030e-19
  6   0   5   5   4.8497951009561051e-28
  6   0   5   6   1.6573660383600208e-33
  6   0   5   7  -4.7462627340192905e-18
  6   0   6   0   5.7290302673136427e-47
  6   0   6   1  -1.0198637020855228e-46
  6   0   6   2   6.4522577618913311e-47
  6   0   6   3  -6.1832437358853802e-40
  6   0   6   4   1.5888861239565338e-40
  6   0   6   5  -2.9359869050629155e-49
  6   0   6   6   1.3244876794290591e-54
  6   0   6   7  -3.7929862016252292e-39
  6   0   7   0  -1.3009516712065017e-41
  6   0   7   1   2.3664543383338459e-41
  6   0   7   2  -1.1526687443330372e-40
  6   0   7   3   2.5049334419761682e-26
  6   0   7   4  -9.2627017591248867e-25
  6   0   7   5   7.2751359695779006e-40
  6   0   7   6  -7.5859724029496928e-39
  6   0   7   7   2.2317824892806772e-23
  6   1   0   0  -6.1602792381145942e-23
  6   1   0   1   4.2695723759918725e-23
  6   1   0   2  -2.9806696135732126e-23
  6   1   0   3  -2.5885622357944449e-16
  6   1   0   4   6.6517361972676031e-17
  6   1   0   5   1.3232383245715496e-25
  6   1   0   6   5.5448546672148122e-31
  6   1   0   7  -1.5879013122892181e-15
  6   1   1   0   4.2253289128587583e-23
  6   1   1   1  -7.6793174176545487e-23
  6   1   1   2   5.3610864422716271e-23
  6   1   1   3   4.6558271680313405e-16
  6   1   1   4  -1.1963913277252656e-16
  6   1   1   5  -2.3194460463272658e-25
  6   1   1   6  -9.9730594248127274e-31
  6   1   1   7   2.8560233042416325e-15
  6   1   2   0  -2.8114844954115700e-23
  6   1   2   1   5.1097372062127441e-23
  6   1   2   2  -7.3782594436018653e-23
  6   1   2   3  -3.0979385292100505e-16
  6   1   2   4   7.9606623193017983e-17
  6   1   2   5   2.3735193694975018e-25
  6   1   2   6   6.6359690622478019e-31
  6   1   2   7  -1.9003679293089245e-15
  6   1   3   0   1.4288664220566589e-40
  6   1   3   1  -2.5878374678303091e-40
  6   1   3   2  -5.6434027038368219e-40
  6   1   3   3  -3.8110501636434517e-23
  6   1   3   4   9.2834974285974274e-26
  6   1   3   5  -2.9166840250435387e-39
  6   1   3   6   2.2014426677857463e-39
  6   1   3   7  -4.4592017101377396e-26
  6   1   4   0  -3.6697442057388054e-42
  6   1   4   1   6.5386326254144658e-42
  6   1   4   2  -2.5607929076887072e-41
  6   1   4   3   9.2834974649501228e-26
  6   1   4   4  -6.8653197957014930e-26
  6   1   4   5   6.0757376177265654e-41
  6   1   4   6  -5.6569688366726478e-40
  6   1   4   7   1.6489166343293840e-24
  6   1   5   0   1.2799645889111932e-25
  6   1   5   1  -2.2650852069510427e-25
  6   1   5   2   2.4114860033787235e-25
  6   1   5   3   1.3732789870339173e-18
  6   1   5   4  -3.5288661097989811e-19
  6   1   5   5  -8.6528349524208992e-28
  6   1   5   6  -2.9416454800075803e-33
  6   1   5   7   8.4241030619111872e-18
  6   1   6   0  -1.0198637020855228e-46
  6   1   6   1   1.8155288457208723e-46
  6   1   6   2  -1.1486103547744251e-46
  6   1   6   3   1.1007213355732736e-39
  6   1   6   4  -2.8284844187609071e-40
  6   1   6   5   5.2265502791210056e-49
  6   1   6   6  -2.3578107377369038e-54
  6   1   6   7   6.7521531028019526e-39
  6   1   7   0   2.2906418602940106e-41
  6   1   7   1  -4.1677002437210623e-41
  6   1   7   2   2.0490980484752916e-40
  6   1   7   3  -4.4592026473152000e-26
  6   1   7   4   1.6489166345076327e-24
  6   1   7   5  -1.2950952146229329e-39
  6   1   7   6   1.3504306205062649e-38
  6   1   7   7  -3.9729480305813647e-23
  6   2   0   0   3.8188548969039602e-23
  6   2   0   1  -2.5614391871230592e-23
  6   2   0   2   1.7973370057161740e-23
  6   2   0   3   1.7224006219199602e-16
  6   2   0   4  -4.4259915425618592e-17
  6   2   0   5  -7.9692901314572998e-26
  6   2   0   6  -3.6894848403501849e-31
  6   2   0   7   1.0565719340315886e-15
  6   2   1   0  -2.5319975444448011e-23
  6   2   1   1   4.6070387340949793e-23
  6   2   1   2  -3.2327203608278234e-23
  6   2   1   3  -3.0979385292100505e-16
  6   2   1   4   7.9606623193017983e-17
  6   2   1   5   1.3950595222618991e-25
  6   2   1   6   6.6359690622478019e-31
  6   2   1   7  -1.9003679293089245e-15
  6   2   2   0   6.1434319168062363e-24
  6   2   2   1  -1.1599508194408025e-23
  6   2   2   2   3.3565650323861788e-23
  6   2   2   3   3.2166197440491052e-16
  6   2   2   4  -8.2656332107736625e-17
  6   2   2   5  -9.0491842441709026e-26
  6   2   2   6  -6.8901913014937110e-31
  6   2   2   7   1.9731705276707043e-15
  6   2   3   0  -2.9489100583258845e-40
  6   2   3   1   5.2775286875972029e-40
  6   2   3   2   1.2672739923049927e-40
  6   2   3   3   2.4110945365829433e-23
  6   2   3   4  -5.8732866751783708e-26
  6   2   3   5   1.8463138755618463e-39
  6   2   3   6  -1.3927621465249165e-39
  6   2   3   7   2.8211546890909894e-26
  6   2   4   0  -3.7089718193465131e-42
  6   2   4   1   6.5988790417422522e-42
  6   2   4   2   9.4091085962128703e-42
  6   2   4   3  -5.8732866349545876e-26
  6   2   4   4   4.3434051856185114e-26
  6   2   4   5  -3.8407784818822041e-41
  6   2   4   6   3.5789312823213405e-40
  6   2   4   7  -1.0432016677067032e-24
  6   2   5   0  -5.3495858343714780e-26
  6   2   5   1   9.4379623252531959e-26
  6   2   5   2  -1.2161322817566210e-25
  6   2   5   3  -1.1654280704023531e-18
  6   2   5   4   2.9947590110105652e-19
  6   2   5   5   4.0658957570760897e-28
  6   2   5   6   2.4964164222578079e-33
  6   2   5   7  -7.1490835212723118e-18
  6   2   6   0   6.4522577618913311e-47
  6   2   6   1  -1.1486103547744251e-46
  6   2   6   2   7.2667848280382903e-47
  6   2   6   3  -6.9638107196175944e-40
  6   2   6   4   1.7894656421263980e-40
  6   2   6   5  -3.3066231828246690e-49
  6   2   6   6   1.4916897819310693e-54
  6   2   6   7  -4.2718092798030733e-39
  6   2   7   0   3.5655698070432483e-41
  6   2   7   1  -6.2903917044351671e-41
  6   2   7   2  -7.3159758702727937e-41
  6   2   7   3   2.8211538740092643e-26
  6   2   7   4  -1.0432016680796637e-24
  6   2   7   5   8.1909642846605807e-40
  6   2   7   6  -8.5436185581043596e-39
  6   2   7   7   2.5135206510539984e-23
  6   3   0   0  -5.1889737128452607e-16
  6   3   0   1   5.1771244715888899e-16
  6   3   0   2  -3.4448012438399203e-16
  6   3   0   3   8.7382438047336649e-34
  6   3   0   4   1.8002559246738852e-34
  6   3   0   5   1.5474508874520126e-18
  6   3   0   6  -1.2366487453052921e-39
  6   3   0   7  -5.0794805310096612e-33
  6   3   1   0   5.1771244715888899e-16
  6   3   1   1  -9.3116543360626810e-16
  6   3   1   2   6.1958770584201011e-16
  6   3   1   3  -1.5689576734352121e-33
  6   3   1   4  -3.2388444186107530e-34
  6   3   1   5  -2.7465579740678346e-18
  6   3   1   6   2.2014426677857463e-39
  6   3   1   7   9.1190946986448575e-33
  6   3   2   0  -3.4448012438399203e-16
  6   3   2   1   6.1958770584201011e-16
  6   3   2   2  -6.4332394880982105e-16
  6   3   2   3  -1.2144375292709012e-33
  6   3   2   4  -4.9240597859330856e-34
  6   3   2   5   2.3308561408047062e-18
  6   3   2   6  -1.3927621465249165e-39
  6   3   2   7   8.8519123331678871e-33
  6   3   3   0  -1.0704186103716817e-23
  6   3   3   1   1.9055250815863822e-23
  6   3   3   2  -1.2055472684736373e-23
  6   3   3   3  -1.1552843779161869e-16
  6   3   3   4  -2.9124090090044931e-17
  6   3   3   5   5.4856299644452257e-26
  6   3   3   6  -2.3412186578210279e-31
  6   3   3   7   7.0841555533594795e-16
  6   3   4   0   2.6074777338568131e-26
  6   3   4   1  -4.6417487265286849e-26
  6   3   4   2   2.9366433039520719e-26
  6   3   4   3   2.8142058323279270e-19
  6   3   4   4  -3.4391591151958472e-19
  6   3   4   5  -1.3362644335399925e-28
  6   3   4   6  -2.8268952076592235e-33
  6   3   4   7   8.2707567142044595e-18
  6   3   5   0   1.5474508874520126e-18
  6   3   5   1  -2.7465579740678346e-18
  6   3   5   2   2.3308561408047062e-18
  6   3   5   3  -8.8439144513638700e-33
  6   3   5   4  -1.9041144206728121e-33
  6   3   5   5  -9.1994526871234243e-21
  6   3   5   6   6.3375012965184185e-42
  6   3   5   7   4.6398561502686462e-32
  6   3   6   0  -6.1832437358853802e-40
  6   3   6   1   1.1007213355732736e-39
  6   3   6   2  -6.9638107196175944e-40
  6   3   6   3   6.6734685127249487e-33
  6   3   6   4  -1.7148574391449598e-33
  6   3   6   5   3.1687601203552718e-42
  6   3   6   6  -1.4294967498796671e-47
  6   3   6   7   4.0937047069391780e-32
  6   3   7   0  -1.2524666999266630e-26
  6   3   7   1   2.2296012857556139e-26
  6   3   7   2  -1.4105768318403697e-26
  6   3   7   3  -1.3517657769322799e-19
  6   3   7   4   9.9623386975038248e-18
  6   3   7   5   6.4177982316211742e-29
  6   3   7   6   8.1584537848671652e-32
  6   3   7   7  -2.4004322835444026e-16
  6   4   0   0   1.3333920967834032e-16
  6   4   0   1  -1.3303472394535206e-16
  6   4   0   2   8.8519830851237185e-17
  6   4   0   3  -4.2682810520765959e-34
  6   4   0   4   5.7198091354737885e-36
  6   4   0   5  -3.9764294399510060e-19
  6   4   0   6   3.1777722474362674e-40
  6   4   0   7   6.4382139430994781e-35
  6   4   1   0  -1.3303472394535206e-16
  6   4   1   1   2.3927826554505312e-16
  6   4   1   2  -1.5921324638603597e-16
  6   4   1   3   7.6669642023416028e-34
  6   4   1   4  -1.0186795183440426e-35
  6   4   1   5   7.0577322195979621e-19
  6   4   1   6  -5.6569688366726478e-40
  6   4   1   7  -1.1331848687176008e-34
  6   4   2   0   8.8519830851237185e-17
  6   4   2   1  -1.5921324638603597e-16
  6   4   2   2   1.6531266421547325e-16
  6   4   2   3   7.1430752012855062e-34
  6   4   2   4   2.3170187303460302e-35
  6   4   2   5  -5.9895180220211304e-19
  6   4   2   6   3.5789312823213405e-40
  6   4   2   7   1.9280249560934581e-34
  6   4   3   0   2.6074776933998998e-26
  6   4   3   1  -4.6417486538232940e-26
  6   4   3   2   2.9366433843996382e-26
  6   4   3   3   5.9092441929788245e-17
  6   4   3   4  -7.2315645119933519e-20
  6   4   3   5  -1.3362226665037563e-28
  6   4   3   6  -2.8268952076592235e-33
  6   4   3   7  -1.6568461395003904e-18
  6   4   4   0  -1.9282784947848590e-26
  6   4   4   1   3.4326598963227273e-26
  6   4   4   2  -2.1717025893337276e-26
  6   4   4   3   6.3484488079892083e-20
  6   4   4   4   5.3478770443670736e-20
  6   4   4   5   9.8819428849803861e-29
  6   4   4   6   4.3552521160051252e-34
  6   4   4   7  -1.2922683635109178e-18
  6   4   5   0  -3.9764294399510060e-19
  6   4   5   1   7.0577322195979621e-19
  6   4   5   2  -5.9895180220211304e-19
  6   4   5   3   4.3609410147248668e-33
  6   4   5   4  -4.7342826318780993e-35
  6   4   5   5   2.3639505972785434e-21
  6   4   5   6  -1.6285296133672855e-42
  6   4   5   7   8.8770000896411960e-34
  6   4   6   0   1.5888861239565338e-40
  6   4   6   1  -2.8284844187609071e-40
  6   4   6   2   1.7894656421263980e-40
  6   4   6   3  -1.7148574391449598e-33
  6   4   6   4   4.4066080944016199e-34
  6   4   6   5  -8.1426500400738182e-43
  6   4   6   6   3.6733268930398029e-48
  6   4   6   7  -1.0519447206458598e-32
  6   4   7   0   4.6313508790212357e-25
  6   4   7   1  -8.2445831715642095e-25
  6   4   7   2   5.2160083376959498e-25
  6   4   7   3  -4.9290655830534502e-18
  6   4   7   4  -1.2844563223869650e-18
  6   4   7   5  -2.3734512370853006e-27
  6   4   7   6  -1.0331729512200658e-32
  6   4   7   7   3.1233614545174868e-17
  6   5   0   0  -1.7469895814135595e-25
  6   5   0   1   1.1820696405165207e-25
  6   5   0   2  -8.2830558868000777e-26
  6   5   0   3  -7.7372544372600629e-19
  6   5   0   4   1.9882147199755030e-19
  6   5   0   5   3.6738771232802947e-28
  6   5   0   6   1.6573660383600208e-33
  6   5   0   7  -4.7462627340192905e-18
  6   5   1   0   1.1858521328745072e-25
  6   5   1   1  -2.1563635281985964e-25
  6   5   1   2   1.5089594239055648e-25
  6   5   1   3   1.3732789870339173e-18
  6   5   1   4  -3.5288661097989811e-19
  6   5   1   5  -6.5207345774350481e-28
  6   5   1   6  -2.9416454800075803e-33
  6   5   1   7   8.4241030619111872e-18
  6   5   2   0  -5.5587630045999966e-26
  6   5   2   1   1.0197295002877634e-25
  6   5   2   2  -1.8385599964356823e-25
  6   5   2   3  -1.1654280704023531e-18
  6   5   2   4   2.9947590110105652e-19
  6   5   2   5   5.5337969836702530e-28
  6   5   2   6   2.4964164222578079e-33
  6   5   2   7  -7.1490835212723118e-18
  6   5   3   0  -8.1859530364090632e-40
  6   5   3   1   1.4572245312981838e-39
  6   5   3   2  -9.2402191403818994e-40
  6   5   3   3  -1.0971262582064788e-25
  6   5   3   4   2.6725135106836008e-28
  6   5   3   5  -4.1993520113085074e-42
  6   5   3   6   6.3375012965184185e-42
  6   5   3   7  -1.2831741871948717e-28
  6   5   4   0   1.7049215493901291e-41
  6   5   4   1  -3.0350452933691076e-41
  6   5   4   2   1.9139670657941429e-41
  6   5   4   3   2.6725343942017184e-28
  6   5   4   4  -1.9763899972808670e-28
  6   5   4   5   8.7481359440968612e-44
  6   5   4   6  -1.6285296133672855e-42
  6   5   4   7   4.7469053797377484e-27
  6   5   5   0   3.0859181344423897e-28
  6   5   5   1  -5.4546843899421230e-28
  6   5   5   2   6.2677475969673347e-28
  6   5   5   3   4.5997263435617121e-21
  6   5   5   4  -1.1819752986392717e-21
  6   5   5   5  -2.1840860377528632e-30
  6   5   5   6  -9.8528881134594409e-36
  6   5   5   7   2.8216093845900196e-20
  6   5   6   0  -2.9359869050629155e-49
  6   5   6   1   5.2265502791210056e-49
  6   5   6   2  -3.3066231828246690e-49
  6   5   6   3   3.1687601203552718e-42
  6   5   6   4  -8.1426500400738182e-43
  6   5   6   5   1.5046209750158758e-51
  6   5   6   6  -6.7876731336319110e-57
  6   5   6   7   1.9438120064737889e-41
  6   5   7   0  -3.6365679262556831e-40
  6   5   7   1   6.4736763747851573e-40
  6   5   7   2  -4.0904886322725229e-40
  6   5   7   3  -1.2836774360527307e-28
  6   5   7   4   4.7469055009713086e-27
  6   5   7   5  -1.8643348334430628e-42
  6   5   7   6   3.8876231719055033e-41
  6   5   7   7  -1.1437333157869986e-25
  6   6   0   0   1.1115091115780994e-30
  6   6   0   1  -1.1089709334429626e-30
  6   6   0   2   7.3789696807003715e-31
  6   6   0   3   6.1832436984497020e-40
  6   6   0   4  -1.5888861230029328e-40
  6   6   0   5  -3.3147320767200430e-33
  6   6   0   6   1.3244876794290591e-54
  6   6   0   7   3.7929862010236986e-39
  6   6   1   0  -1.1089709334429626e-30
  6   6   1   1   1.9946118849625458e-30
  6   6   1   2  -1.3271938124495607e-30
  6   6   1   3  -1.1007213288516718e-39
  6   6   1   4   2.8284844170625747e-40
  6   6   1   5   5.8832909600151620e-33
  6   6   1   6  -2.3578107377369038e-54
  6   6   1   7  -6.7521531017194411e-39
  6   6   2   0   7.3789696807003715e-31
  6   6   2   1  -1.3271938124495607e-30
  6   6   2   2   1.3780382602987425e-30
  6   6   2   3   6.9638107716455467e-40
  6   6   2   4  -1.7894656382634871e-40
  6   6   2   5  -4.9928328445156172e-33
  6   6   2   6   1.4916897819310693e-54
  6   6   2   7   4.2718092767994985e-39
  6   6   3   0   6.1832436984497020e-40
  6   6   3   1  -1.1007213288516718e-39
  6   6   3   2   6.9638107716455467e-40
  6   6   3   3   4.8826413710238048e-31
  6   6   3   4   5.0921809788356775e-34
  6   6   3   5  -3.1687222319710222e-42
  6   6   3   6  -1.4294967498796671e-47
  6   6   3   7  -4.0357934489167969e-32
  6   6   4   0  -1.5888861230029328e-40
  6   6   4   1   2.8284844170625747e-40
  6   6   4   2  -1.7894656382634871e-40
  6   6   4   3   5.0921809788356775e-34
  6   6   4   4   4.5093200511946093e-34
  6   6   4   5   8.1426421471242583e-43
  6   6   4   6   3.6733268930398029e-48
  6   6   4   7  -1.0894882594974479e-32
  6   6   5   0  -3.3147320767200430e-33
  6   6   5   1   5.8832909600151620e-33
  6   6   5   2  -4.9928328445156172e-33
  6   6   5   3  -3.1687222319710222e-42
  6   6   5   4   8.1426421471242583e-43
  6   6   5   5   1.9705776226918885e-35
  6   6   5   6  -6.7876731336319110e-57
  6   6   5   7  -1.9438103243896401e-41
  6   6   6   0   1.3244876794290591e-54
  6   6   6   1  -2.3578107377369038e-54
  6   6   6   2   1.4916897819310693e-54
  6   6   6   3  -1.4294967498796671e-47
  6   6   6   4   3.6733268930398029e-48
  6   6   6   5  -6.7876731336319110e-57
  6   6   6   6   3.0620672803356553e-62
  6   6   6   7  -8.7689595933182177e-47
  6   6   7   0   3.7929862010236986e-39
  6   6   7   1  -6.7521531017194411e-39
  6   6   7   2   4.2718092767994985e-39
  6   6   7   3  -4.0357934489167969e-32
  6   6   7   4  -1.0894882594974479e-32
  6   6   7   5  -1.9438103243896401e-41
  6   6   7   6  -8.7689595933182177e-47
  6   6   7   7   2.6484307238114449e-31
  6   7   0   0  -3.1830713027197010e-15
  6   7   0   1   3.1758026245784363e-15
  6   7   0   2  -2.1131438680631772e-15
  6   7   0   3   1.0580189484440405e-32
  6   7   0   4  -2.3700584655511983e-34
  6   7   0   5   9.4925254680385809e-18
  6   7   0   6  -7.5859724029496928e-39
  6   7   0   7   8.6131360939402719e-34
  6   7   1   0   3.1758026245784363e-15
  6   7   1   1  -5.7120466084832650e-15
  6   7   1   2   3.8007358586178489e-15
  6   7   1   3  -1.8996229114920785e-32
  6   7   1   4   4.2142774056414456e-34
  6   7   1   5  -1.6848206123822374e-17
  6   7   1   6   1.3504306205062649e-38
  6   7   1   7  -1.5500139366288064e-33
  6   7   2   0  -2.1131438680631772e-15
  6   7   2   1   3.8007358586178489e-15
  6   7   2   2  -3.9463410553414087e-15
  6   7   2   3  -1.5600539414515978e-32
  6   7   2   4  -9.2607871247017587e-34
  6   7   2   5   1.4298167042544624e-17
  6   7   2   6  -8.5436185581043596e-39
  6   7   2   7   4.3007264358319334e-33
  6   7   3   0  -1.2524656559486619e-26
  6   7   3   1   2.2295994114006931e-26
  6   7   3   2  -1.4105784620038194e-26
  6   7   3   3  -1.4172366404049757e-15
  6   7   3   4   3.4178998103977045e-18
  6   7   3   5   6.4077332544639988e-29
  6   7   3   6   8.1584537848671652e-32
  6   7   3   7  -8.2921346120915536e-19
  6   7   4   0   4.6313508770119825e-25
  6   7   4   1  -8.2445831679992345e-25
  6   7   4   2   5.2160083302367421e-25
  6   7   4   3  -1.5459016164547203e-18
  6   7   4   4  -1.2688322401390594e-18
  6   7   4   5  -2.3734509946181801e-27
  6   7   4   6  -1.0331729512200658e-32
  6   7   4   7   3.0662519068845010e-17
  6   7   5   0   9.4925254680385809e-18
  6   7   5   1  -1.6848206123822374e-17
  6   7   5   2   1.4298167042544624e-17
  6   7   5   3  -1.0457609585494635e-31
  6   7   5   4   1.2514006896890391e-33
  6   7   5   5  -5.6432187691800391e-20
  6   7   5   6   3.8876231719055033e-41
  6   7   5   7  -2.4085244679615741e-32
  6   7   6   0  -3.7929862016252292e-39
  6   7   6   1   6.7521531028019526e-39
  6   7   6   2  -4.2718092798030733e-39
  6   7   6   3   4.0937047069391780e-32
  6   7   6   4  -1.0519447206458598e-32
  6   7   6   5   1.9438120064737889e-41
  6   7   6   6  -8.7689595933182177e-47
  6   7   6   7   2.5112006141425683e-31
  6   7   7   0  -1.1158912445111416e-23
  6   7   7   1   1.9864740150581802e-23
  6   7   7   2  -1.2567603248818902e-23
  6   7   7   3   1.1877779398540641e-16
  6   7   7   4   3.0376971330680080e-17
  6   7   7   5   5.7186629661482911e-26
  6   7   7   6   2.4425855593081300e-31
  6   7   7   7  -7.3879171449782082e-16
  7   0   0   0  -5.4587885517066931e-18
  7   0   0   1   1.0690487232975128e-18
  7   0   0   2   2.0009073942177232e-17
  7   0   0   3  -5.2553459037460422e-03
  7   0   0   4   1.9433131699527978e-01
  7   0   0   5  -1.5261365150249474e-16
  7   0   0   6   1.5915356513598505e-15
  7   0   0   7  -4.6822756649970918e+00
  7   0   1   0   5.4463231768375613e-18
  7   0   1   1  -9.7905133643798659e-18
  7   0   1   2  -1.4158580602804660e-17
  7   0   1   3   5.2433450987805028e-03
  7   0   1   4  -1.9388755320186432e-01
  7   0   1   5   1.5223984825837559e-16
  7   0   1   6  -1.5879013122892181e-15
  7   0   1   7   4.6715834901945792e+00
  7   0   2   0  -3.6239230787059290e-18
  7   0   2   1   6.5145105840068730e-18
  7   0   2   2   4.5595305421774614e-18
  7   0   2   3  -3.4888637152310159e-03
  7   0   2   4   1.2901062898916110e-01
  7   0   2   5  -1.0128811773800584e-16
  7   0   2   6   1.0565719340315886e-15
  7   0   2   7  -3.1084198778758325e+00
  7   0   3   0   1.8385225242217189e-35
  7   0   3   1  -3.2935673723623997e-35
  7   0   3   2  -1.4290485454164817e-34
  7   0   3   3  -4.8437261292630317e-18
  7   0   3   4  -6.4266662731892883e-19
  7   0   3   5   1.4196202882712199e-34
  7   0   3   6  -5.0794805310096612e-33
  7   0   3   7   1.5764238008519006e-17
  7   0   4   0  -4.6832778898259196e-37
  7   0   4   1   8.2535390025454608e-37
  7   0   4   2  -1.4558047258519943e-36
  7   0   4   3   1.1391278794912470e-20
  7   0   4   4   7.9148428105532763e-21
  7   0   4   5  -5.3433379353802465e-36
  7   0   4   6   6.4382139430994781e-35
  7   0   4   7  -1.9137014863982637e-19
  7   0   5   0   1.6279148163422795e-20
  7   0   5   1  -2.8491613945129279e-20
  7   0   5   2  -3.2244224945097022e-20
  7   0   5   3   1.5672443401452296e-05
  7   0   5   4  -5.7953303598289355e-04
  7   0   5   5   4.5502654311171055e-19
  7   0   5   6  -4.7462627340192905e-18
  7   0   5   7   1.3963438695321025e-02
  7   0   6   0  -1.3009516712065017e-41
  7   0   6   1   2.2906418602940106e-41
  7   0   6   2   3.5655698070432483e-41
  7   0   6   3  -1.2524666999266630e-26
  7   0   6   4   4.6313508790212357e-25
  7   0   6   5  -3.6365679262556831e-40
  7   0   6   6   3.7929862010236986e-39
  7   0   6   7  -1.1158912445111416e-23
  7   0   7   0   2.9542089530774907e-36
  7   0   7   1  -5.3163737331461464e-36
  7   0   7   2   1.4751008695207375e-35
  7   0   7   3  -2.8441090497106090e-21
  7   0   7   4   1.0516899694737294e-19
  7   0   7   5  -8.2609684432644747e-35
  7   0   7   6   8.6131360939402719e-34
  7   0   7   7  -2.5339726130235540e-18
  7   1   0   0   1.4200872083917659e-17
  7   1   0   1  -9.8011650291023900e-18
  7   1   0   2  -1.4151504605569812e-17
  7   1   0   3   5.2433450987805028e-03
  7   1   0   4  -1.9388755320186432e-01
  7   1   0   5   1.5223904403134649e-16
  7   1   0   6  -1.5879013122892181e-15
  7   1   0   7   4.6715834901945792e+00
  7   1   1   0  -9.8064908614636520e-18
  7   1   1   1   1.7628523583420313e-17
  7   1   1   2   2.5453089409123002e-17
  7   1   1   3  -9.4307597571723113e-03
  7   1   1   4   3.4872908414478038e-01
  7   1   1   5  -2.7382083594513413e-16
  7   1   1   6   2.8560233042416325e-15
  7   1   1   7  -8.4023806847739788e+00
  7   1   2   0   6.5251245798591455e-18
  7   1   2   1  -1.1729834560258789e-17
  7   1   2   2  -8.1876332194929005e-18
  7   1   2   3   6.2751285554745618e-03
  7   1   2   4  -2.3204067226684835e-01
  7   1   2   5   1.8217845258108350e-16
  7   1   2   6  -1.9003679293089245e-15
  7   1   2   7   5.5908559147521215e+00
  7   1   3   0  -3.3161046931535115e-35
  7   1   3   1   5.9406001016218835e-35
  7   1   3   2   2.5679546245958063e-34
  7   1   3   3   8.7168079290177276e-18
  7   1   3   4   1.1538639523197446e-18
  7   1   3   5  -2.5337313976584385e-34
  7   1   3   6   9.1190946986448575e-33
  7   1   3   7  -2.8304774313812450e-17
  7   1   4   0   8.5152216140938176e-37
  7   1   4   1  -1.5009985024898943e-36
  7   1   4   2   2.6634105935050494e-36
  7   1   4   3  -2.0508063172678601e-20
  7   1   4   4  -1.3932968119251401e-20
  7   1   4   5   9.3719157834405177e-36
  7   1   4   6  -1.1331848687176008e-34
  7   1   4   7   3.3690643698982535e-19
  7   1   5   0  -2.9697954488785750e-20
  7   1   5   1   5.1996949491102779e-20
  7   1   5   2   5.6018640936604516e-20
  7   1   5   3  -2.7816892120087059e-05
  7   1   5   4   1.0286084644892601e-03
  7   1   5   5  -8.0761812350974627e-19
  7   1   5   6   8.4241030619111872e-18
  7   1   5   7  -2.4783593589318757e-02
  7   1   6   0   2.3664543383338459e-41
  7   1   6   1  -4.1677002437210623e-41
  7   1   6   2  -6.2903917044351671e-41
  7   1   6   3   2.2296012857556139e-26
  7   1   6   4  -8.2445831715642095e-25
  7   1   6   5   6.4736763747851573e-40
  7   1   6   6  -6.7521531017194411e-39
  7   1   6   7   1.9864740150581802e-23
  7   1   7   0  -5.3163737331461464e-36
  7   1   7   1   9.5673089207325662e-36
  7   1   7   2  -2.6545811894218386e-35
  7   1   7   3   5.1182387184675607e-21
  7   1   7   4  -1.8926139003467934e-19
  7   1   7   5   1.4866380929612076e-34
  7   1   7   6  -1.5500139366288064e-33
  7   1   7   7   4.5601193599919194e-18
  7   2   0   0  -5.0889917120472254e-17
  7   2   0   1   4.7867768954864783e-17
  7   2   0   2  -1.8095037180449452e-17
  7   2   0   3  -3.4888637152310159e-03
  7   2   0   4   1.2901062898916110e-01
  7   2   0   5  -1.0117458818087086e-16
  7   2   0   6   1.0565719340315886e-15
  7   2   0   7  -3.1084198778758325e+00
  7   2   1   0   4.7871306953482207e-17
  7   2   1   1  -8.6095682499022377e-17
  7   2   1   2   3.2546036128526044e-17
  7   2   1   3   6.2751285554745618e-03
  7   2   1   4  -2.3204067226684835e-01
  7   2   1   5   1.8197816126622156e-16
  7   2   1   6  -1.9003679293089245e-15
  7   2   1   7   5.5908559147521215e+00
  7   2   2   0  -2.9422321041762908e-17
  7   2   2   1   5.2912870802535520e-17
  7   2   2   2  -3.3792866260728242e-17
  7   2   2   3  -6.5155270892778994e-03
  7   2   2   4   2.4093008973496149e-01
  7   2   2   5  -1.8900442354653311e-16
  7   2   2   6   1.9731705276707043e-15
  7   2   2   7  -5.8050401426496618e+00
  7   2   3   0   2.0915457785606304e-34
  7   2   3   1  -3.7564288785062548e-34
  7   2   3   2  -1.2758525493908766e-34
  7   2   3   3  -2.4298759000923875e-17
  7   2   3   4   9.6876405657102690e-19
  7   2   3   5  -2.5727439064303710e-33
  7   2   3   6   8.8519123331678871e-33
  7   2   3   7  -2.1945381107731063e-17
  7   2   4   0  -2.7797916072108453e-36
  7   2   4   1   4.9153842815281690e-36
  7   2   4   2  -9.4728016694630219e-36
  7   2   4   3   5.7304017059205052e-20
  7   2   4   4   2.3809348675805186e-20
  7   2   4   5  -1.4339398080860424e-35
  7   2   4   6   1.9280249560934581e-34
  7   2   4   7  -5.7700293193260906e-19
  7   2   5   0   1.3805011075736718e-19
  7   2   5   1  -2.4441833135633466e-19
  7   2   5   2   1.2243646452915657e-19
  7   2   5   3   2.3606701343419603e-05
  7   2   5   4  -8.7292472198851061e-04
  7   2   5   5   6.8471123125351677e-19
  7   2   5   6  -7.1490835212723118e-18
  7   2   5   7   2.1032503902808586e-02
  7   2   6   0  -1.1526687443330372e-40
  7   2   6   1   2.0490980484752916e-40
  7   2   6   2  -7.3159758702727937e-41
  7   2   6   3  -1.4105768318403697e-26
  7   2   6   4   5.2160083376959498e-25
  7   2   6   5  -4.0904886322725229e-40
  7   2   6   6   4.2718092767994985e-39
  7   2   6   7  -1.2567603248818902e-23
  7   2   7   0   1.4751008695207375e-35
  7   2   7   1  -2.6545811894218386e-35
  7   2   7   2   7.3654999014003725e-35
  7   2   7   3  -1.4201255899212864e-20
  7   2   7   4   5.2513170634759873e-19
  7   2   7   5  -4.1248814580459907e-34
  7   2   7   6   4.3007264358319334e-33
  7   2   7   7  -1.2652677126710788e-17
  7   3   0   0   1.0510691807492084e-02
  7   3   0   1  -1.0486690197561006e-02
  7   3   0   2   6.9777274304620319e-03
  7   3   0   3  -1.7700029457254928e-20
  7   3   0   4  -6.5360703235235975e-19
  7   3   0   5  -3.1344886802904591e-05
  7   3   0   6   2.5049329199871675e-26
  7   3   0   7   1.5764238008519006e-17
  7   3   1   0  -1.0486690197561006e-02
  7   3   1   1   1.8861519514344623e-02
  7   3   1   2  -1.2550257110949124e-02
  7   3   1   3   3.1780524390891429e-20
  7   3   1   4   1.1735690238972467e-18
  7   3   1   5   5.5633784240174117e-05
  7   3   1   6  -4.4592017101377396e-26
  7   3   1   7  -2.8304774313812450e-17
  7   3   2   0   6.9777274304620319e-03
  7   3   2   1  -1.2550257110949124e-02
  7   3   2   2   1.3031054178555799e-02
  7   3   2   3   2.4599428125873875e-20
  7   3   2   4   9.1328646925035120e-19
  7   3   2   5  -4.7213402686839206e-05
  7   3   2   6   2.8211546890909894e-26
  7   3   2   7  -2.1945381107731063e-17
  7   3   3   0   2.3953130204456335e-18
  7   3   3   1  -4.3107331779225264e-18
  7   3   3   2   1.2186278642650748e-17
  7   3   3   3   2.3401232533184282e-03
  7   3   3   4   8.6521292200283997e-02
  7   3   3   5  -6.7612685916193003e-17
  7   3   3   6   7.0841555533594795e-16
  7   3   3   7  -2.0849385717580335e+00
  7   3   4   0  -5.0193287552339959e-21
  7   3   4   1   9.0495441935745185e-21
  7   3   4   2  -2.5912363921808317e-20
  7   3   4   3  -5.7004047087813136e-06
  7   3   4   4  -2.0235751679776782e-04
  7   3   4   5   1.5810958090138538e-19
  7   3   4   6  -1.6568461395003904e-18
  7   3   4   7   4.8763040006475434e-03
  7   3   5   0  -3.1344886802904591e-05
  7   3   5   1   5.5633784240174117e-05
  7   3   5   2  -4.7213402686839206e-05
  7   3   5   3   1.7914074018143537e-19
  7   3   5   4   6.6167730857447717e-18
  7   3   5   5   1.8634245872666010e-07
  7   3   5   6  -1.2831741871948717e-28
  7   3   5   7  -1.5944724072142894e-16
  7   3   6   0   2.5049334419761682e-26
  7   3   6   1  -4.4592026473152000e-26
  7   3   6   2   2.8211538740092643e-26
  7   3   6   3  -1.3517657769322799e-19
  7   3   6   4  -4.9290655830534502e-18
  7   3   6   5  -1.2836774360527307e-28
  7   3   6   6  -4.0357934489167969e-32
  7   3   6   7   1.1877779398540641e-16
  7   3   7   0  -2.8441090497106090e-21
  7   3   7   1   5.1182387184675607e-21
  7   3   7   2  -1.4201255899212864e-20
  7   3   7   3   2.7381124406312787e-06
  7   3   7   4  -1.0124947175974687e-04
  7   3   7   5   7.9530918367797530e-20
  7   3   7   6  -8.2921346120915536e-19
  7   3   7   7   2.4395344252516340e-03
  7   4   0   0  -3.8866263399055956e-01
  7   4   0   1   3.8777510640372864e-01
  7   4   0   2  -2.5802125797832220e-01
  7   4   0   3   1.3085666859891641e-18
  7   4   0   4  -1.6672335840892760e-20
  7   4   0   5   1.1590660719657871e-03
  7   4   0   6  -9.2627017581202597e-25
  7   4   0   7  -1.9137014863982637e-19
  7   4   1   0   3.8777510640372864e-01
  7   4   1   1  -6.9745816828956075e-01
  7   4   1   2   4.6408134453369670e-01
  7   4   1   3  -2.3495470225800232e-18
  7   4   1   4   2.9692891216839424e-20
  7   4   1   5  -2.0572169289785201e-03
  7   4   1   6   1.6489166343293840e-24
  7   4   1   7   3.3690643698982535e-19
  7   4   2   0  -2.5802125797832220e-01
  7   4   2   1   4.6408134453369670e-01
  7   4   2   2  -4.8186017946992299e-01
  7   4   2   3  -1.8210936492851143e-18
  7   4   2   4  -6.7537418656834443e-20
  7   4   2   5   1.7458494439770212e-03
  7   4   2   6  -1.0432016677067032e-24
  7   4   2   7  -5.7700293193260906e-19
  7   4   3   0   1.3030964834724486e-18
  7   4   3   1  -2.3396944867912721e-18
  7   4   3   2  -1.8488324429454517e-18
  7   4   3   3  -1.7305968561469434e-01
  7   4   3   4   2.1078862833252214e-04
  7   4   3   5  -1.3082900349491976e-17
  7   4   3   6   8.2707567142044595e-18
  7   4   3   7   4.8763040006475434e-03
  7   4   4   0  -2.8965925166615777e-20
  7   4   4   1   5.1505820884884838e-20
  7   4   4   2  -1.1321080232315426e-19
  7   4   4   3   4.1736170089766710e-04
  7   4   4   4  -1.5588212824535673e-04
  7   4   4   5   1.5354907216538479e-19
  7   4   4   6  -1.2922683635109178e-18
  7   4   4   7   3.7321029974995879e-03
  7   4   5   0   1.1590660719657871e-03
  7   4   5   1  -2.0572169289785201e-03
  7   4   5   2   1.7458494439770212e-03
  7   4   5   3  -1.3244741809845269e-17
  7   4   5   4   1.3799682495496278e-19
  7   4   5   5  -6.8905408092506655e-06
  7   4   5   6   4.7469053797377484e-27
  7   4   5   7  -2.5568265382044619e-18
  7   4   6   0  -9.2627017591248867e-25
  7   4   6   1   1.6489166345076327e-24
  7   4   6   2  -1.0432016680796637e-24
  7   4   6   3   9.9623386975038248e-18
  7   4   6   4  -1.2844563223869650e-18
  7   4   6   5   4.7469055009713086e-27
  7   4   6   6  -1.0894882594974479e-32
  7   4   6   7   3.0376971330680080e-17
  7   4   7   0   1.0516899694737294e-19
  7   4   7   1  -1.8926139003467934e-19
  7   4   7   2   5.2513170634759873e-19
  7   4   7   3  -1.0124947175974687e-04
  7   4   7   4   3.7439863241205242e-03
  7   4   7   5  -2.9408812267222063e-18
  7   4   7   6   3.0662519068845010e-17
  7   4   7   7  -9.0208702985001887e-02
  7   5   0   0   3.0527614044947974e-16
  7   5   0   1  -3.0456597558561565e-16
  7   5   0   2   2.0259303235831136e-16
  7   5   0   3   1.5672443401452296e-05
  7   5   0   4  -5.7953303598289355e-04
  7   5   0   5  -4.5522009917805228e-19
  7   5   0   6  -4.7462627340192905e-18
  7   5   0   7   1.3963438695321025e-02
  7   5   1   0  -3.0456637769913018e-16
  7   5   1   1   5.4779766273874163e-16
  7   5   1   2  -3.6438914055421916e-16
  7   5   1   3  -2.7816892120087059e-05
  7   5   1   4   1.0286084644892601e-03
  7   5   1   5   8.0796644565057459e-19
  7   5   1   6   8.4241030619111872e-18
  7   5   1   7  -2.4783593589318757e-02
  7   5   2   0   2.0264979713687886e-16
  7   5   2   1  -3.6448928621165013e-16
  7   5   2   2   3.7837615648665369e-16
  7   5   2   3   2.3606701343419603e-05
  7   5   2   4  -8.7292472198851061e-04
  7   5   2   5  -6.8567769884703010e-19
  7   5   2   6  -7.1490835212723118e-18
  7   5   2   7   2.1032503902808586e-02
  7   5   3   0  -8.4215073172509958e-34
  7   5   3   1   1.5113270909466159e-33
  7   5   3   2   2.3581404539212712e-33
  7   5   3   3   1.3576279405293033e-16
  7   5   3   4   6.2930901650381842e-18
  7   5   3   5   5.2033026008354235e-33
  7   5   3   6   4.6398561502686462e-32
  7   5   3   7  -1.5944724072142894e-16
  7   5   4   0   2.2315714873068914e-35
  7   5   4   1  -3.9671368675994545e-35
  7   5   4   2   8.6745120570242671e-35
  7   5   4   3  -3.2741480015849659e-19
  7   5   4   4   1.0689233053411876e-19
  7   5   4   5  -1.0839576769892503e-34
  7   5   4   6   8.8770000896411960e-34
  7   5   4   7  -2.5568265382044619e-18
  7   5   5   0  -9.1034342032293374e-19
  7   5   5   1   1.6157587302307351e-18
  7   5   5   2  -1.3708721638973036e-18
  7   5   5   3  -9.3171229363330049e-08
  7   5   5   4   3.4452704046253327e-06
  7   5   5   5   2.7062414701325957e-21
  7   5   5   6   2.8216093845900196e-20
  7   5   5   7  -8.3011354136521955e-05
  7   5   6   0   7.2751359695779006e-40
  7   5   6   1  -1.2950952146229329e-39
  7   5   6   2   8.1909642846605807e-40
  7   5   6   3   6.4177982316211742e-29
  7   5   6   4  -2.3734512370853006e-27
  7   5   6   5  -1.8643348334430628e-42
  7   5   6   6  -1.9438103243896401e-41
  7   5   6   7   5.7186629661482911e-26
  7   5   7   0  -8.2609684432644747e-35
  7   5   7   1   1.4866380929612076e-34
  7   5   7   2  -4.1248814580459907e-34
  7   5   7   3   7.9530918367797530e-20
  7   5   7   4  -2.9408812267222063e-18
  7   5   7   5   2.3100464694455685e-33
  7   5   7   6  -2.4085244679615741e-32
  7   5   7   7   7.0858453564963222e-17
  7   6   0   0  -3.1830713027197010e-15
  7   6   0   1   3.1758026245784363e-15
  7   6   0   2  -2.1131438680631772e-15
  7   6   0   3  -1.2524656559486619e-26
  7   6   0   4   4.6313508770119825e-25
  7   6   0   5   9.4925254680385809e-18
  7   6   0   6  -3.7929862016252292e-39
  7   6   0   7  -1.1158912445111416e-23
  7   6   1   0   3.1758026245784363e-15
  7   6   1   1  -5.7120466084832650e-15
  7   6   1   2   3.8007358586178489e-15
  7   6   1   3   2.2295994114006931e-26
  7   6   1   4  -8.2445831679992345e-25
  7   6   1   5  -1.6848206123822374e-17
  7   6   1   6   6.7521531028019526e-39
  7   6   1   7   1.9864740150581802e-23
  7   6   2   0  -2.1131438680631772e-15
  7   6   2   1   3.8007358586178489e-15
  7   6   2   2  -3.9463410553414087e-15
  7   6   2   3  -1.4105784620038194e-26
  7   6   2   4   5.2160083302367421e-25
  7   6   2   5   1.4298167042544624e-17
  7   6   2   6  -4.2718092798030733e-39
  7   6   2   7  -1.2567603248818902e-23
  7   6   3   0   1.0580189484440405e-32
  7   6   3   1  -1.8996229114920785e-32
  7   6   3   2  -1.5600539414515978e-32
  7   6   3   3  -1.4172366404049757e-15
  7   6   3   4  -1.5459016164547203e-18
  7   6   3   5  -1.0457609585494635e-31
  7   6   3   6   4.0937047069391780e-32
  7   6   3   7   1.1877779398540641e-16
  7   6   4   0  -2.3700584655511983e-34
  7   6   4   1   4.2142774056414456e-34
  7   6   4   2  -9.2607871247017587e-34
  7   6   4   3   3.4178998103977045e-18
  7   6   4   4  -1.2688322401390594e-18
  7   6   4   5   1.2514006896890391e-33
  7   6   4   6  -1.0519447206458598e-32
  7   6   4   7   3.0376971330680080e-17
  7   6   5   0   9.4925254680385809e-18
  7   6   5   1  -1.6848206123822374e-17
  7   6   5   2   1.4298167042544624e-17
  7   6   5   3   6.4077332544639988e-29
  7   6   5   4  -2.3734509946181801e-27
  7   6   5   5  -5.6432187691800391e-20
  7   6   5   6   1.9438120064737889e-41
  7   6   5   7   5.7186629661482911e-26
  7   6   6   0  -7.5859724029496928e-39
  7   6   6   1   1.3504306205062649e-38
  7   6   6   2  -8.5436185581043596e-39
  7   6   6   3   8.1584537848671652e-32
  7   6   6   4  -1.0331729512200658e-32
  7   6   6   5   3.8876231719055033e-41
  7   6   6   6  -8.7689595933182177e-47
  7   6   6   7   2.4425855593081300e-31
  7   6   7   0   8.6131360939402719e-34
  7   6   7   1  -1.5500139366288064e-33
  7   6   7   2   4.3007264358319334e-33
  7   6   7   3  -8.2921346120915536e-19
  7   6   7   4   3.0662519068845010e-17
  7   6   7   5  -2.4085244679615741e-32
  7   6   7   6   2.5112006141425683e-31
  7   6   7   7  -7.3879171449782082e-16
  7   7   0   0   9.3645513299941836e+00
  7   7   0   1  -9.3431669803891584e+00
  7   7   0   2   6.2168397557516650e+00
  7   7   0   3  -3.1537008344187147e-17
  7   7   0   4   6.9824728812177153e-19
  7   7   0   5  -2.7926877390642049e-02
  7   7   0   6   2.2317824892806772e-23
  7   7   0   7  -2.5339726130235540e-18
  7   7   1   0  -9.3431669803891584e+00
  7   7   1   1   1.6804761369547958e+01
  7   7   1   2  -1.1181711829504243e+01
  7   7   1   3   5.6624903343780305e-17
  7   7   1   4  -1.2415970440836888e-18
  7   7   1   5   4.9567187178637513e-02
  7   7   1   6  -3.9729480305813647e-23
  7   7   1   7   4.5601193599919194e-18
  7   7   2   0   6.2168397557516650e+00
  7   7   2   1  -1.1181711829504243e+01
  7   7   2   2   1.1610080285299324e+01
  7   7   2   3   4.3848158447764484e-17
  7   7   2   4   2.7294009829080144e-18
  7   7   2   5  -4.2065007805617172e-02
  7   7   2   6   2.5135206510539984e-23
  7   7   2   7  -1.2652677126710788e-17
  7   7   3   0  -3.1537008344187147e-17
  7   7   3   1   5.6624903343780305e-17
  7   7   3   2   4.3848158447764484e-17
  7   7   3   3   4.1698853578533885e+00
  7   7   3   4  -1.0056356416574328e-02
  7   7   3   5   3.1913307419796128e-16
  7   7   3   6  -2.4004322835444026e-16
  7   7   3   7   2.4395344252516340e-03
  7   7   4   0   6.9824728812177153e-19
  7   7   4   1  -1.2415970440836888e-18
  7   7   4   2   2.7294009829080144e-18
  7   7   4   3  -1.0056356416574328e-02
  7   7   4   4   3.7677529773623968e-03
  7   7   4   5  -3.7089906037576947e-18
  7   7   4   6   3.1233614545174868e-17
  7   7   4   7  -9.0208702985001887e-02
  7   7   5   0  -2.7926877390642049e-02
  7   7   5   1   4.9567187178637513e-02
  7   7   5   2  -4.2065007805617172e-02
  7   7   5   3   3.1913307419796128e-16
  7   7   5   4  -3.7089906037576947e-18
  7   7   5   5   1.6602270827304391e-04
  7   7   5   6  -1.1437333157869986e-25
  7   7   5   7   7.0858453564963222e-17
  7   7   6   0   2.2317824892806772e-23
  7   7   6   1  -3.9729480305813647e-23
  7   7   6   2   2.5135206510539984e-23
  7   7   6   3  -2.4004322835444026e-16
  7   7   6   4   3.1233614545174868e-17
  7   7   6   5  -1.1437333157869986e-25
  7   7   6   6   2.6484307238114449e-31
  7   7   6   7  -7.3879171449782082e-16
  7   7   7   0  -2.5339726130235540e-18
  7   7   7   1   4.5601193599919194e-18
  7   7   7   2  -1.2652677126710788e-17
  7   7   7   3   2.4395344252516340e-03
  7   7   7   4  -9.0208702985001887e-02
  7   7   7   5   7.0858453564963222e-17
  7   7   7   6  -7.3879171449782082e-16
  7   7   7   7   2.1735149089113839e+00
